boundary_file	surface	file_kind	direction	transport	call_name	assignment_status	enum_source	arg_output_source_hints	worker_scope	notes
src/boundary/mp/cgame/exports.rs	MP cgame	enum	engine_to_module	vmMain	*Export enum vocabulary*	validate_enum_values_and_comments	oracle/oracle/codemp/cgame/cg_public.h	oracle/oracle/codemp/cgame/cg_public.h	src/boundary/mp/cgame/exports.rs	single-file assignment; preserve Raven comments; add args/output source locations
src/boundary/mp/cgame/imports.rs	MP cgame	enum	module_to_engine	syscall	*Import enum vocabulary*	validate_enum_values_and_comments	oracle/oracle/codemp/cgame/cg_public.h	oracle/oracle/codemp/cgame/cg_public.h	src/boundary/mp/cgame/imports.rs	single-file assignment; preserve Raven comments; add args/output source locations
src/boundary/mp/cgame/syscalls/CGAME_ACOS.rs	MP cgame	call	module_to_engine	syscall	CGAME_ACOS	port_args_output	oracle/oracle/codemp/cgame/cg_public.h	oracle/oracle/codemp/cgame/cg_syscalls.c; oracle/oracle/codemp/cgame/cg_local.h; oracle/oracle/codemp/client/cl_cgame.cpp	src/boundary/mp/cgame/syscalls/CGAME_ACOS.rs	single-file assignment; preserve Raven comments; add args/output source locations
src/boundary/mp/cgame/syscalls/CGAME_ANGLEVECTORS.rs	MP cgame	call	module_to_engine	syscall	CGAME_ANGLEVECTORS	port_args_output	oracle/oracle/codemp/cgame/cg_public.h	oracle/oracle/codemp/cgame/cg_syscalls.c; oracle/oracle/codemp/cgame/cg_local.h; oracle/oracle/codemp/client/cl_cgame.cpp	src/boundary/mp/cgame/syscalls/CGAME_ANGLEVECTORS.rs	single-file assignment; preserve Raven comments; add args/output source locations
src/boundary/mp/cgame/syscalls/CGAME_ASIN.rs	MP cgame	call	module_to_engine	syscall	CGAME_ASIN	port_args_output	oracle/oracle/codemp/cgame/cg_public.h	oracle/oracle/codemp/cgame/cg_syscalls.c; oracle/oracle/codemp/cgame/cg_local.h; oracle/oracle/codemp/client/cl_cgame.cpp	src/boundary/mp/cgame/syscalls/CGAME_ASIN.rs	single-file assignment; preserve Raven comments; add args/output source locations
src/boundary/mp/cgame/syscalls/CGAME_ATAN2.rs	MP cgame	call	module_to_engine	syscall	CGAME_ATAN2	port_args_output	oracle/oracle/codemp/cgame/cg_public.h	oracle/oracle/codemp/cgame/cg_syscalls.c; oracle/oracle/codemp/cgame/cg_local.h; oracle/oracle/codemp/client/cl_cgame.cpp	src/boundary/mp/cgame/syscalls/CGAME_ATAN2.rs	single-file assignment; preserve Raven comments; add args/output source locations
src/boundary/mp/cgame/syscalls/CGAME_CEIL.rs	MP cgame	call	module_to_engine	syscall	CGAME_CEIL	port_args_output	oracle/oracle/codemp/cgame/cg_public.h	oracle/oracle/codemp/cgame/cg_syscalls.c; oracle/oracle/codemp/cgame/cg_local.h; oracle/oracle/codemp/client/cl_cgame.cpp	src/boundary/mp/cgame/syscalls/CGAME_CEIL.rs	single-file assignment; preserve Raven comments; add args/output source locations
src/boundary/mp/cgame/syscalls/CGAME_COS.rs	MP cgame	call	module_to_engine	syscall	CGAME_COS	port_args_output	oracle/oracle/codemp/cgame/cg_public.h	oracle/oracle/codemp/cgame/cg_syscalls.c; oracle/oracle/codemp/cgame/cg_local.h; oracle/oracle/codemp/client/cl_cgame.cpp	src/boundary/mp/cgame/syscalls/CGAME_COS.rs	single-file assignment; preserve Raven comments; add args/output source locations
src/boundary/mp/cgame/syscalls/CGAME_FLOOR.rs	MP cgame	call	module_to_engine	syscall	CGAME_FLOOR	port_args_output	oracle/oracle/codemp/cgame/cg_public.h	oracle/oracle/codemp/cgame/cg_syscalls.c; oracle/oracle/codemp/cgame/cg_local.h; oracle/oracle/codemp/client/cl_cgame.cpp	src/boundary/mp/cgame/syscalls/CGAME_FLOOR.rs	single-file assignment; preserve Raven comments; add args/output source locations
src/boundary/mp/cgame/syscalls/CGAME_MATRIXMULTIPLY.rs	MP cgame	call	module_to_engine	syscall	CGAME_MATRIXMULTIPLY	port_args_output	oracle/oracle/codemp/cgame/cg_public.h	oracle/oracle/codemp/cgame/cg_syscalls.c; oracle/oracle/codemp/cgame/cg_local.h; oracle/oracle/codemp/client/cl_cgame.cpp	src/boundary/mp/cgame/syscalls/CGAME_MATRIXMULTIPLY.rs	single-file assignment; preserve Raven comments; add args/output source locations
src/boundary/mp/cgame/syscalls/CGAME_MEMCPY.rs	MP cgame	call	module_to_engine	syscall	CGAME_MEMCPY	port_args_output	oracle/oracle/codemp/cgame/cg_public.h	oracle/oracle/codemp/cgame/cg_syscalls.c; oracle/oracle/codemp/cgame/cg_local.h; oracle/oracle/codemp/client/cl_cgame.cpp	src/boundary/mp/cgame/syscalls/CGAME_MEMCPY.rs	single-file assignment; preserve Raven comments; add args/output source locations
src/boundary/mp/cgame/syscalls/CGAME_MEMSET.rs	MP cgame	call	module_to_engine	syscall	CGAME_MEMSET	port_args_output	oracle/oracle/codemp/cgame/cg_public.h	oracle/oracle/codemp/cgame/cg_syscalls.c; oracle/oracle/codemp/cgame/cg_local.h; oracle/oracle/codemp/client/cl_cgame.cpp	src/boundary/mp/cgame/syscalls/CGAME_MEMSET.rs	single-file assignment; preserve Raven comments; add args/output source locations
src/boundary/mp/cgame/syscalls/CGAME_PERPENDICULARVECTOR.rs	MP cgame	call	module_to_engine	syscall	CGAME_PERPENDICULARVECTOR	port_args_output	oracle/oracle/codemp/cgame/cg_public.h	oracle/oracle/codemp/cgame/cg_syscalls.c; oracle/oracle/codemp/cgame/cg_local.h; oracle/oracle/codemp/client/cl_cgame.cpp	src/boundary/mp/cgame/syscalls/CGAME_PERPENDICULARVECTOR.rs	single-file assignment; preserve Raven comments; add args/output source locations
src/boundary/mp/cgame/syscalls/CGAME_SIN.rs	MP cgame	call	module_to_engine	syscall	CGAME_SIN	port_args_output	oracle/oracle/codemp/cgame/cg_public.h	oracle/oracle/codemp/cgame/cg_syscalls.c; oracle/oracle/codemp/cgame/cg_local.h; oracle/oracle/codemp/client/cl_cgame.cpp	src/boundary/mp/cgame/syscalls/CGAME_SIN.rs	single-file assignment; preserve Raven comments; add args/output source locations
src/boundary/mp/cgame/syscalls/CGAME_SQRT.rs	MP cgame	call	module_to_engine	syscall	CGAME_SQRT	port_args_output	oracle/oracle/codemp/cgame/cg_public.h	oracle/oracle/codemp/cgame/cg_syscalls.c; oracle/oracle/codemp/cgame/cg_local.h; oracle/oracle/codemp/client/cl_cgame.cpp	src/boundary/mp/cgame/syscalls/CGAME_SQRT.rs	single-file assignment; preserve Raven comments; add args/output source locations
src/boundary/mp/cgame/syscalls/CGAME_STRNCPY.rs	MP cgame	call	module_to_engine	syscall	CGAME_STRNCPY	port_args_output	oracle/oracle/codemp/cgame/cg_public.h	oracle/oracle/codemp/cgame/cg_syscalls.c; oracle/oracle/codemp/cgame/cg_local.h; oracle/oracle/codemp/client/cl_cgame.cpp	src/boundary/mp/cgame/syscalls/CGAME_STRNCPY.rs	single-file assignment; preserve Raven comments; add args/output source locations
src/boundary/mp/cgame/syscalls/CGAME_TESTPRINTFLOAT.rs	MP cgame	call	module_to_engine	syscall	CGAME_TESTPRINTFLOAT	port_args_output	oracle/oracle/codemp/cgame/cg_public.h	oracle/oracle/codemp/cgame/cg_syscalls.c; oracle/oracle/codemp/cgame/cg_local.h; oracle/oracle/codemp/client/cl_cgame.cpp	src/boundary/mp/cgame/syscalls/CGAME_TESTPRINTFLOAT.rs	single-file assignment; preserve Raven comments; add args/output source locations
src/boundary/mp/cgame/syscalls/CGAME_TESTPRINTINT.rs	MP cgame	call	module_to_engine	syscall	CGAME_TESTPRINTINT	port_args_output	oracle/oracle/codemp/cgame/cg_public.h	oracle/oracle/codemp/cgame/cg_syscalls.c; oracle/oracle/codemp/cgame/cg_local.h; oracle/oracle/codemp/client/cl_cgame.cpp	src/boundary/mp/cgame/syscalls/CGAME_TESTPRINTINT.rs	single-file assignment; preserve Raven comments; add args/output source locations
src/boundary/mp/cgame/syscalls/CG_ADDCOMMAND.rs	MP cgame	call	module_to_engine	syscall	CG_ADDCOMMAND	port_args_output	oracle/oracle/codemp/cgame/cg_public.h	oracle/oracle/codemp/cgame/cg_syscalls.c; oracle/oracle/codemp/cgame/cg_local.h; oracle/oracle/codemp/client/cl_cgame.cpp	src/boundary/mp/cgame/syscalls/CG_ADDCOMMAND.rs	single-file assignment; preserve Raven comments; add args/output source locations
src/boundary/mp/cgame/syscalls/CG_ANYLANGUAGE_READCHARFROMSTRING.rs	MP cgame	call	module_to_engine	syscall	CG_ANYLANGUAGE_READCHARFROMSTRING	port_args_output	oracle/oracle/codemp/cgame/cg_public.h	oracle/oracle/codemp/cgame/cg_syscalls.c; oracle/oracle/codemp/cgame/cg_local.h; oracle/oracle/codemp/client/cl_cgame.cpp	src/boundary/mp/cgame/syscalls/CG_ANYLANGUAGE_READCHARFROMSTRING.rs	single-file assignment; preserve Raven comments; add args/output source locations
src/boundary/mp/cgame/syscalls/CG_ARGC.rs	MP cgame	call	module_to_engine	syscall	CG_ARGC	port_args_output	oracle/oracle/codemp/cgame/cg_public.h	oracle/oracle/codemp/cgame/cg_syscalls.c; oracle/oracle/codemp/cgame/cg_local.h; oracle/oracle/codemp/client/cl_cgame.cpp	src/boundary/mp/cgame/syscalls/CG_ARGC.rs	single-file assignment; preserve Raven comments; add args/output source locations
src/boundary/mp/cgame/syscalls/CG_ARGS.rs	MP cgame	call	module_to_engine	syscall	CG_ARGS	port_args_output	oracle/oracle/codemp/cgame/cg_public.h	oracle/oracle/codemp/cgame/cg_syscalls.c; oracle/oracle/codemp/cgame/cg_local.h; oracle/oracle/codemp/client/cl_cgame.cpp	src/boundary/mp/cgame/syscalls/CG_ARGS.rs	single-file assignment; preserve Raven comments; add args/output source locations
src/boundary/mp/cgame/syscalls/CG_ARGV.rs	MP cgame	call	module_to_engine	syscall	CG_ARGV	port_args_output	oracle/oracle/codemp/cgame/cg_public.h	oracle/oracle/codemp/cgame/cg_syscalls.c; oracle/oracle/codemp/cgame/cg_local.h; oracle/oracle/codemp/client/cl_cgame.cpp	src/boundary/mp/cgame/syscalls/CG_ARGV.rs	single-file assignment; preserve Raven comments; add args/output source locations
src/boundary/mp/cgame/syscalls/CG_AS_ADDPRECACHEENTRY.rs	MP cgame	call	module_to_engine	syscall	CG_AS_ADDPRECACHEENTRY	port_args_output	oracle/oracle/codemp/cgame/cg_public.h	oracle/oracle/codemp/cgame/cg_syscalls.c; oracle/oracle/codemp/cgame/cg_local.h; oracle/oracle/codemp/client/cl_cgame.cpp	src/boundary/mp/cgame/syscalls/CG_AS_ADDPRECACHEENTRY.rs	single-file assignment; preserve Raven comments; add args/output source locations
src/boundary/mp/cgame/syscalls/CG_AS_GETBMODELSOUND.rs	MP cgame	call	module_to_engine	syscall	CG_AS_GETBMODELSOUND	port_args_output	oracle/oracle/codemp/cgame/cg_public.h	oracle/oracle/codemp/cgame/cg_syscalls.c; oracle/oracle/codemp/cgame/cg_local.h; oracle/oracle/codemp/client/cl_cgame.cpp	src/boundary/mp/cgame/syscalls/CG_AS_GETBMODELSOUND.rs	single-file assignment; preserve Raven comments; add args/output source locations
src/boundary/mp/cgame/syscalls/CG_AS_PARSESETS.rs	MP cgame	call	module_to_engine	syscall	CG_AS_PARSESETS	port_args_output	oracle/oracle/codemp/cgame/cg_public.h	oracle/oracle/codemp/cgame/cg_syscalls.c; oracle/oracle/codemp/cgame/cg_local.h; oracle/oracle/codemp/client/cl_cgame.cpp	src/boundary/mp/cgame/syscalls/CG_AS_PARSESETS.rs	single-file assignment; preserve Raven comments; add args/output source locations
src/boundary/mp/cgame/syscalls/CG_CIN_DRAWCINEMATIC.rs	MP cgame	call	module_to_engine	syscall	CG_CIN_DRAWCINEMATIC	port_args_output	oracle/oracle/codemp/cgame/cg_public.h	oracle/oracle/codemp/cgame/cg_syscalls.c; oracle/oracle/codemp/cgame/cg_local.h; oracle/oracle/codemp/client/cl_cgame.cpp	src/boundary/mp/cgame/syscalls/CG_CIN_DRAWCINEMATIC.rs	single-file assignment; preserve Raven comments; add args/output source locations
src/boundary/mp/cgame/syscalls/CG_CIN_PLAYCINEMATIC.rs	MP cgame	call	module_to_engine	syscall	CG_CIN_PLAYCINEMATIC	port_args_output	oracle/oracle/codemp/cgame/cg_public.h	oracle/oracle/codemp/cgame/cg_syscalls.c; oracle/oracle/codemp/cgame/cg_local.h; oracle/oracle/codemp/client/cl_cgame.cpp	src/boundary/mp/cgame/syscalls/CG_CIN_PLAYCINEMATIC.rs	single-file assignment; preserve Raven comments; add args/output source locations
src/boundary/mp/cgame/syscalls/CG_CIN_RUNCINEMATIC.rs	MP cgame	call	module_to_engine	syscall	CG_CIN_RUNCINEMATIC	port_args_output	oracle/oracle/codemp/cgame/cg_public.h	oracle/oracle/codemp/cgame/cg_syscalls.c; oracle/oracle/codemp/cgame/cg_local.h; oracle/oracle/codemp/client/cl_cgame.cpp	src/boundary/mp/cgame/syscalls/CG_CIN_RUNCINEMATIC.rs	single-file assignment; preserve Raven comments; add args/output source locations
src/boundary/mp/cgame/syscalls/CG_CIN_SETEXTENTS.rs	MP cgame	call	module_to_engine	syscall	CG_CIN_SETEXTENTS	port_args_output	oracle/oracle/codemp/cgame/cg_public.h	oracle/oracle/codemp/cgame/cg_syscalls.c; oracle/oracle/codemp/cgame/cg_local.h; oracle/oracle/codemp/client/cl_cgame.cpp	src/boundary/mp/cgame/syscalls/CG_CIN_SETEXTENTS.rs	single-file assignment; preserve Raven comments; add args/output source locations
src/boundary/mp/cgame/syscalls/CG_CIN_STOPCINEMATIC.rs	MP cgame	call	module_to_engine	syscall	CG_CIN_STOPCINEMATIC	port_args_output	oracle/oracle/codemp/cgame/cg_public.h	oracle/oracle/codemp/cgame/cg_syscalls.c; oracle/oracle/codemp/cgame/cg_local.h; oracle/oracle/codemp/client/cl_cgame.cpp	src/boundary/mp/cgame/syscalls/CG_CIN_STOPCINEMATIC.rs	single-file assignment; preserve Raven comments; add args/output source locations
src/boundary/mp/cgame/syscalls/CG_CM_BOXTRACE.rs	MP cgame	call	module_to_engine	syscall	CG_CM_BOXTRACE	port_args_output	oracle/oracle/codemp/cgame/cg_public.h	oracle/oracle/codemp/cgame/cg_syscalls.c; oracle/oracle/codemp/cgame/cg_local.h; oracle/oracle/codemp/client/cl_cgame.cpp	src/boundary/mp/cgame/syscalls/CG_CM_BOXTRACE.rs	single-file assignment; preserve Raven comments; add args/output source locations
src/boundary/mp/cgame/syscalls/CG_CM_CAPSULETRACE.rs	MP cgame	call	module_to_engine	syscall	CG_CM_CAPSULETRACE	port_args_output	oracle/oracle/codemp/cgame/cg_public.h	oracle/oracle/codemp/cgame/cg_syscalls.c; oracle/oracle/codemp/cgame/cg_local.h; oracle/oracle/codemp/client/cl_cgame.cpp	src/boundary/mp/cgame/syscalls/CG_CM_CAPSULETRACE.rs	single-file assignment; preserve Raven comments; add args/output source locations
src/boundary/mp/cgame/syscalls/CG_CM_INLINEMODEL.rs	MP cgame	call	module_to_engine	syscall	CG_CM_INLINEMODEL	port_args_output	oracle/oracle/codemp/cgame/cg_public.h	oracle/oracle/codemp/cgame/cg_syscalls.c; oracle/oracle/codemp/cgame/cg_local.h; oracle/oracle/codemp/client/cl_cgame.cpp	src/boundary/mp/cgame/syscalls/CG_CM_INLINEMODEL.rs	single-file assignment; preserve Raven comments; add args/output source locations
src/boundary/mp/cgame/syscalls/CG_CM_LOADMAP.rs	MP cgame	call	module_to_engine	syscall	CG_CM_LOADMAP	port_args_output	oracle/oracle/codemp/cgame/cg_public.h	oracle/oracle/codemp/cgame/cg_syscalls.c; oracle/oracle/codemp/cgame/cg_local.h; oracle/oracle/codemp/client/cl_cgame.cpp	src/boundary/mp/cgame/syscalls/CG_CM_LOADMAP.rs	single-file assignment; preserve Raven comments; add args/output source locations
src/boundary/mp/cgame/syscalls/CG_CM_MARKFRAGMENTS.rs	MP cgame	call	module_to_engine	syscall	CG_CM_MARKFRAGMENTS	port_args_output	oracle/oracle/codemp/cgame/cg_public.h	oracle/oracle/codemp/cgame/cg_syscalls.c; oracle/oracle/codemp/cgame/cg_local.h; oracle/oracle/codemp/client/cl_cgame.cpp	src/boundary/mp/cgame/syscalls/CG_CM_MARKFRAGMENTS.rs	single-file assignment; preserve Raven comments; add args/output source locations
src/boundary/mp/cgame/syscalls/CG_CM_NUMINLINEMODELS.rs	MP cgame	call	module_to_engine	syscall	CG_CM_NUMINLINEMODELS	port_args_output	oracle/oracle/codemp/cgame/cg_public.h	oracle/oracle/codemp/cgame/cg_syscalls.c; oracle/oracle/codemp/cgame/cg_local.h; oracle/oracle/codemp/client/cl_cgame.cpp	src/boundary/mp/cgame/syscalls/CG_CM_NUMINLINEMODELS.rs	single-file assignment; preserve Raven comments; add args/output source locations
src/boundary/mp/cgame/syscalls/CG_CM_POINTCONTENTS.rs	MP cgame	call	module_to_engine	syscall	CG_CM_POINTCONTENTS	port_args_output	oracle/oracle/codemp/cgame/cg_public.h	oracle/oracle/codemp/cgame/cg_syscalls.c; oracle/oracle/codemp/cgame/cg_local.h; oracle/oracle/codemp/client/cl_cgame.cpp	src/boundary/mp/cgame/syscalls/CG_CM_POINTCONTENTS.rs	single-file assignment; preserve Raven comments; add args/output source locations
src/boundary/mp/cgame/syscalls/CG_CM_REGISTER_TERRAIN.rs	MP cgame	call	module_to_engine	syscall	CG_CM_REGISTER_TERRAIN	port_args_output	oracle/oracle/codemp/cgame/cg_public.h	oracle/oracle/codemp/cgame/cg_syscalls.c; oracle/oracle/codemp/cgame/cg_local.h; oracle/oracle/codemp/client/cl_cgame.cpp	src/boundary/mp/cgame/syscalls/CG_CM_REGISTER_TERRAIN.rs	single-file assignment; preserve Raven comments; add args/output source locations
src/boundary/mp/cgame/syscalls/CG_CM_TEMPBOXMODEL.rs	MP cgame	call	module_to_engine	syscall	CG_CM_TEMPBOXMODEL	port_args_output	oracle/oracle/codemp/cgame/cg_public.h	oracle/oracle/codemp/cgame/cg_syscalls.c; oracle/oracle/codemp/cgame/cg_local.h; oracle/oracle/codemp/client/cl_cgame.cpp	src/boundary/mp/cgame/syscalls/CG_CM_TEMPBOXMODEL.rs	single-file assignment; preserve Raven comments; add args/output source locations
src/boundary/mp/cgame/syscalls/CG_CM_TEMPCAPSULEMODEL.rs	MP cgame	call	module_to_engine	syscall	CG_CM_TEMPCAPSULEMODEL	port_args_output	oracle/oracle/codemp/cgame/cg_public.h	oracle/oracle/codemp/cgame/cg_syscalls.c; oracle/oracle/codemp/cgame/cg_local.h; oracle/oracle/codemp/client/cl_cgame.cpp	src/boundary/mp/cgame/syscalls/CG_CM_TEMPCAPSULEMODEL.rs	single-file assignment; preserve Raven comments; add args/output source locations
src/boundary/mp/cgame/syscalls/CG_CM_TRANSFORMEDBOXTRACE.rs	MP cgame	call	module_to_engine	syscall	CG_CM_TRANSFORMEDBOXTRACE	port_args_output	oracle/oracle/codemp/cgame/cg_public.h	oracle/oracle/codemp/cgame/cg_syscalls.c; oracle/oracle/codemp/cgame/cg_local.h; oracle/oracle/codemp/client/cl_cgame.cpp	src/boundary/mp/cgame/syscalls/CG_CM_TRANSFORMEDBOXTRACE.rs	single-file assignment; preserve Raven comments; add args/output source locations
src/boundary/mp/cgame/syscalls/CG_CM_TRANSFORMEDCAPSULETRACE.rs	MP cgame	call	module_to_engine	syscall	CG_CM_TRANSFORMEDCAPSULETRACE	port_args_output	oracle/oracle/codemp/cgame/cg_public.h	oracle/oracle/codemp/cgame/cg_syscalls.c; oracle/oracle/codemp/cgame/cg_local.h; oracle/oracle/codemp/client/cl_cgame.cpp	src/boundary/mp/cgame/syscalls/CG_CM_TRANSFORMEDCAPSULETRACE.rs	single-file assignment; preserve Raven comments; add args/output source locations
src/boundary/mp/cgame/syscalls/CG_CM_TRANSFORMEDPOINTCONTENTS.rs	MP cgame	call	module_to_engine	syscall	CG_CM_TRANSFORMEDPOINTCONTENTS	port_args_output	oracle/oracle/codemp/cgame/cg_public.h	oracle/oracle/codemp/cgame/cg_syscalls.c; oracle/oracle/codemp/cgame/cg_local.h; oracle/oracle/codemp/client/cl_cgame.cpp	src/boundary/mp/cgame/syscalls/CG_CM_TRANSFORMEDPOINTCONTENTS.rs	single-file assignment; preserve Raven comments; add args/output source locations
src/boundary/mp/cgame/syscalls/CG_CVAR_GETHIDDENVALUE.rs	MP cgame	call	module_to_engine	syscall	CG_CVAR_GETHIDDENVALUE	port_args_output	oracle/oracle/codemp/cgame/cg_public.h	oracle/oracle/codemp/cgame/cg_syscalls.c; oracle/oracle/codemp/cgame/cg_local.h; oracle/oracle/codemp/client/cl_cgame.cpp	src/boundary/mp/cgame/syscalls/CG_CVAR_GETHIDDENVALUE.rs	single-file assignment; preserve Raven comments; add args/output source locations
src/boundary/mp/cgame/syscalls/CG_CVAR_REGISTER.rs	MP cgame	call	module_to_engine	syscall	CG_CVAR_REGISTER	port_args_output	oracle/oracle/codemp/cgame/cg_public.h	oracle/oracle/codemp/cgame/cg_syscalls.c; oracle/oracle/codemp/cgame/cg_local.h; oracle/oracle/codemp/client/cl_cgame.cpp	src/boundary/mp/cgame/syscalls/CG_CVAR_REGISTER.rs	single-file assignment; preserve Raven comments; add args/output source locations
src/boundary/mp/cgame/syscalls/CG_CVAR_SET.rs	MP cgame	call	module_to_engine	syscall	CG_CVAR_SET	port_args_output	oracle/oracle/codemp/cgame/cg_public.h	oracle/oracle/codemp/cgame/cg_syscalls.c; oracle/oracle/codemp/cgame/cg_local.h; oracle/oracle/codemp/client/cl_cgame.cpp	src/boundary/mp/cgame/syscalls/CG_CVAR_SET.rs	single-file assignment; preserve Raven comments; add args/output source locations
src/boundary/mp/cgame/syscalls/CG_CVAR_UPDATE.rs	MP cgame	call	module_to_engine	syscall	CG_CVAR_UPDATE	port_args_output	oracle/oracle/codemp/cgame/cg_public.h	oracle/oracle/codemp/cgame/cg_syscalls.c; oracle/oracle/codemp/cgame/cg_local.h; oracle/oracle/codemp/client/cl_cgame.cpp	src/boundary/mp/cgame/syscalls/CG_CVAR_UPDATE.rs	single-file assignment; preserve Raven comments; add args/output source locations
src/boundary/mp/cgame/syscalls/CG_CVAR_VARIABLESTRINGBUFFER.rs	MP cgame	call	module_to_engine	syscall	CG_CVAR_VARIABLESTRINGBUFFER	port_args_output	oracle/oracle/codemp/cgame/cg_public.h	oracle/oracle/codemp/cgame/cg_syscalls.c; oracle/oracle/codemp/cgame/cg_local.h; oracle/oracle/codemp/client/cl_cgame.cpp	src/boundary/mp/cgame/syscalls/CG_CVAR_VARIABLESTRINGBUFFER.rs	single-file assignment; preserve Raven comments; add args/output source locations
src/boundary/mp/cgame/syscalls/CG_ERROR.rs	MP cgame	call	module_to_engine	syscall	CG_ERROR	port_args_output	oracle/oracle/codemp/cgame/cg_public.h	oracle/oracle/codemp/cgame/cg_syscalls.c; oracle/oracle/codemp/cgame/cg_local.h; oracle/oracle/codemp/client/cl_cgame.cpp	src/boundary/mp/cgame/syscalls/CG_ERROR.rs	single-file assignment; preserve Raven comments; add args/output source locations
src/boundary/mp/cgame/syscalls/CG_FS_FCLOSEFILE.rs	MP cgame	call	module_to_engine	syscall	CG_FS_FCLOSEFILE	port_args_output	oracle/oracle/codemp/cgame/cg_public.h	oracle/oracle/codemp/cgame/cg_syscalls.c; oracle/oracle/codemp/cgame/cg_local.h; oracle/oracle/codemp/client/cl_cgame.cpp	src/boundary/mp/cgame/syscalls/CG_FS_FCLOSEFILE.rs	single-file assignment; preserve Raven comments; add args/output source locations
src/boundary/mp/cgame/syscalls/CG_FS_FOPENFILE.rs	MP cgame	call	module_to_engine	syscall	CG_FS_FOPENFILE	port_args_output	oracle/oracle/codemp/cgame/cg_public.h	oracle/oracle/codemp/cgame/cg_syscalls.c; oracle/oracle/codemp/cgame/cg_local.h; oracle/oracle/codemp/client/cl_cgame.cpp	src/boundary/mp/cgame/syscalls/CG_FS_FOPENFILE.rs	single-file assignment; preserve Raven comments; add args/output source locations
src/boundary/mp/cgame/syscalls/CG_FS_GETFILELIST.rs	MP cgame	call	module_to_engine	syscall	CG_FS_GETFILELIST	port_args_output	oracle/oracle/codemp/cgame/cg_public.h	oracle/oracle/codemp/cgame/cg_syscalls.c; oracle/oracle/codemp/cgame/cg_local.h; oracle/oracle/codemp/client/cl_cgame.cpp	src/boundary/mp/cgame/syscalls/CG_FS_GETFILELIST.rs	single-file assignment; preserve Raven comments; add args/output source locations
src/boundary/mp/cgame/syscalls/CG_FS_READ.rs	MP cgame	call	module_to_engine	syscall	CG_FS_READ	port_args_output	oracle/oracle/codemp/cgame/cg_public.h	oracle/oracle/codemp/cgame/cg_syscalls.c; oracle/oracle/codemp/cgame/cg_local.h; oracle/oracle/codemp/client/cl_cgame.cpp	src/boundary/mp/cgame/syscalls/CG_FS_READ.rs	single-file assignment; preserve Raven comments; add args/output source locations
src/boundary/mp/cgame/syscalls/CG_FS_WRITE.rs	MP cgame	call	module_to_engine	syscall	CG_FS_WRITE	port_args_output	oracle/oracle/codemp/cgame/cg_public.h	oracle/oracle/codemp/cgame/cg_syscalls.c; oracle/oracle/codemp/cgame/cg_local.h; oracle/oracle/codemp/client/cl_cgame.cpp	src/boundary/mp/cgame/syscalls/CG_FS_WRITE.rs	single-file assignment; preserve Raven comments; add args/output source locations
src/boundary/mp/cgame/syscalls/CG_FX_ADDBEZIER.rs	MP cgame	call	module_to_engine	syscall	CG_FX_ADDBEZIER	port_args_output	oracle/oracle/codemp/cgame/cg_public.h	oracle/oracle/codemp/cgame/cg_syscalls.c; oracle/oracle/codemp/cgame/cg_local.h; oracle/oracle/codemp/client/cl_cgame.cpp	src/boundary/mp/cgame/syscalls/CG_FX_ADDBEZIER.rs	single-file assignment; preserve Raven comments; add args/output source locations
src/boundary/mp/cgame/syscalls/CG_FX_ADDELECTRICITY.rs	MP cgame	call	module_to_engine	syscall	CG_FX_ADDELECTRICITY	port_args_output	oracle/oracle/codemp/cgame/cg_public.h	oracle/oracle/codemp/cgame/cg_syscalls.c; oracle/oracle/codemp/cgame/cg_local.h; oracle/oracle/codemp/client/cl_cgame.cpp	src/boundary/mp/cgame/syscalls/CG_FX_ADDELECTRICITY.rs	single-file assignment; preserve Raven comments; add args/output source locations
src/boundary/mp/cgame/syscalls/CG_FX_ADDLINE.rs	MP cgame	call	module_to_engine	syscall	CG_FX_ADDLINE	port_args_output	oracle/oracle/codemp/cgame/cg_public.h	oracle/oracle/codemp/cgame/cg_syscalls.c; oracle/oracle/codemp/cgame/cg_local.h; oracle/oracle/codemp/client/cl_cgame.cpp	src/boundary/mp/cgame/syscalls/CG_FX_ADDLINE.rs	single-file assignment; preserve Raven comments; add args/output source locations
src/boundary/mp/cgame/syscalls/CG_FX_ADDPOLY.rs	MP cgame	call	module_to_engine	syscall	CG_FX_ADDPOLY	port_args_output	oracle/oracle/codemp/cgame/cg_public.h	oracle/oracle/codemp/cgame/cg_syscalls.c; oracle/oracle/codemp/cgame/cg_local.h; oracle/oracle/codemp/client/cl_cgame.cpp	src/boundary/mp/cgame/syscalls/CG_FX_ADDPOLY.rs	single-file assignment; preserve Raven comments; add args/output source locations
src/boundary/mp/cgame/syscalls/CG_FX_ADDPRIMITIVE.rs	MP cgame	call	module_to_engine	syscall	CG_FX_ADDPRIMITIVE	port_args_output	oracle/oracle/codemp/cgame/cg_public.h	oracle/oracle/codemp/cgame/cg_syscalls.c; oracle/oracle/codemp/cgame/cg_local.h; oracle/oracle/codemp/client/cl_cgame.cpp	src/boundary/mp/cgame/syscalls/CG_FX_ADDPRIMITIVE.rs	single-file assignment; preserve Raven comments; add args/output source locations
src/boundary/mp/cgame/syscalls/CG_FX_ADDSPRITE.rs	MP cgame	call	module_to_engine	syscall	CG_FX_ADDSPRITE	port_args_output	oracle/oracle/codemp/cgame/cg_public.h	oracle/oracle/codemp/cgame/cg_syscalls.c; oracle/oracle/codemp/cgame/cg_local.h; oracle/oracle/codemp/client/cl_cgame.cpp	src/boundary/mp/cgame/syscalls/CG_FX_ADDSPRITE.rs	single-file assignment; preserve Raven comments; add args/output source locations
src/boundary/mp/cgame/syscalls/CG_FX_ADD_SCHEDULED_EFFECTS.rs	MP cgame	call	module_to_engine	syscall	CG_FX_ADD_SCHEDULED_EFFECTS	port_args_output	oracle/oracle/codemp/cgame/cg_public.h	oracle/oracle/codemp/cgame/cg_syscalls.c; oracle/oracle/codemp/cgame/cg_local.h; oracle/oracle/codemp/client/cl_cgame.cpp	src/boundary/mp/cgame/syscalls/CG_FX_ADD_SCHEDULED_EFFECTS.rs	single-file assignment; preserve Raven comments; add args/output source locations
src/boundary/mp/cgame/syscalls/CG_FX_ADJUST_TIME.rs	MP cgame	call	module_to_engine	syscall	CG_FX_ADJUST_TIME	port_args_output	oracle/oracle/codemp/cgame/cg_public.h	oracle/oracle/codemp/cgame/cg_syscalls.c; oracle/oracle/codemp/cgame/cg_local.h; oracle/oracle/codemp/client/cl_cgame.cpp	src/boundary/mp/cgame/syscalls/CG_FX_ADJUST_TIME.rs	single-file assignment; preserve Raven comments; add args/output source locations
src/boundary/mp/cgame/syscalls/CG_FX_DRAW_2D_EFFECTS.rs	MP cgame	call	module_to_engine	syscall	CG_FX_DRAW_2D_EFFECTS	port_args_output	oracle/oracle/codemp/cgame/cg_public.h	oracle/oracle/codemp/cgame/cg_syscalls.c; oracle/oracle/codemp/cgame/cg_local.h; oracle/oracle/codemp/client/cl_cgame.cpp	src/boundary/mp/cgame/syscalls/CG_FX_DRAW_2D_EFFECTS.rs	single-file assignment; preserve Raven comments; add args/output source locations
src/boundary/mp/cgame/syscalls/CG_FX_FREE_SYSTEM.rs	MP cgame	call	module_to_engine	syscall	CG_FX_FREE_SYSTEM	port_args_output	oracle/oracle/codemp/cgame/cg_public.h	oracle/oracle/codemp/cgame/cg_syscalls.c; oracle/oracle/codemp/cgame/cg_local.h; oracle/oracle/codemp/client/cl_cgame.cpp	src/boundary/mp/cgame/syscalls/CG_FX_FREE_SYSTEM.rs	single-file assignment; preserve Raven comments; add args/output source locations
src/boundary/mp/cgame/syscalls/CG_FX_INIT_SYSTEM.rs	MP cgame	call	module_to_engine	syscall	CG_FX_INIT_SYSTEM	port_args_output	oracle/oracle/codemp/cgame/cg_public.h	oracle/oracle/codemp/cgame/cg_syscalls.c; oracle/oracle/codemp/cgame/cg_local.h; oracle/oracle/codemp/client/cl_cgame.cpp	src/boundary/mp/cgame/syscalls/CG_FX_INIT_SYSTEM.rs	single-file assignment; preserve Raven comments; add args/output source locations
src/boundary/mp/cgame/syscalls/CG_FX_PLAY_BOLTED_EFFECT_ID.rs	MP cgame	call	module_to_engine	syscall	CG_FX_PLAY_BOLTED_EFFECT_ID	port_args_output	oracle/oracle/codemp/cgame/cg_public.h	oracle/oracle/codemp/cgame/cg_syscalls.c; oracle/oracle/codemp/cgame/cg_local.h; oracle/oracle/codemp/client/cl_cgame.cpp	src/boundary/mp/cgame/syscalls/CG_FX_PLAY_BOLTED_EFFECT_ID.rs	single-file assignment; preserve Raven comments; add args/output source locations
src/boundary/mp/cgame/syscalls/CG_FX_PLAY_EFFECT.rs	MP cgame	call	module_to_engine	syscall	CG_FX_PLAY_EFFECT	port_args_output	oracle/oracle/codemp/cgame/cg_public.h	oracle/oracle/codemp/cgame/cg_syscalls.c; oracle/oracle/codemp/cgame/cg_local.h; oracle/oracle/codemp/client/cl_cgame.cpp	src/boundary/mp/cgame/syscalls/CG_FX_PLAY_EFFECT.rs	single-file assignment; preserve Raven comments; add args/output source locations
src/boundary/mp/cgame/syscalls/CG_FX_PLAY_EFFECT_ID.rs	MP cgame	call	module_to_engine	syscall	CG_FX_PLAY_EFFECT_ID	port_args_output	oracle/oracle/codemp/cgame/cg_public.h	oracle/oracle/codemp/cgame/cg_syscalls.c; oracle/oracle/codemp/cgame/cg_local.h; oracle/oracle/codemp/client/cl_cgame.cpp	src/boundary/mp/cgame/syscalls/CG_FX_PLAY_EFFECT_ID.rs	single-file assignment; preserve Raven comments; add args/output source locations
src/boundary/mp/cgame/syscalls/CG_FX_PLAY_ENTITY_EFFECT.rs	MP cgame	call	module_to_engine	syscall	CG_FX_PLAY_ENTITY_EFFECT	port_args_output	oracle/oracle/codemp/cgame/cg_public.h	oracle/oracle/codemp/cgame/cg_syscalls.c; oracle/oracle/codemp/cgame/cg_local.h; oracle/oracle/codemp/client/cl_cgame.cpp	src/boundary/mp/cgame/syscalls/CG_FX_PLAY_ENTITY_EFFECT.rs	single-file assignment; preserve Raven comments; add args/output source locations
src/boundary/mp/cgame/syscalls/CG_FX_PLAY_ENTITY_EFFECT_ID.rs	MP cgame	call	module_to_engine	syscall	CG_FX_PLAY_ENTITY_EFFECT_ID	port_args_output	oracle/oracle/codemp/cgame/cg_public.h	oracle/oracle/codemp/cgame/cg_syscalls.c; oracle/oracle/codemp/cgame/cg_local.h; oracle/oracle/codemp/client/cl_cgame.cpp	src/boundary/mp/cgame/syscalls/CG_FX_PLAY_ENTITY_EFFECT_ID.rs	single-file assignment; preserve Raven comments; add args/output source locations
src/boundary/mp/cgame/syscalls/CG_FX_PLAY_PORTAL_EFFECT_ID.rs	MP cgame	call	module_to_engine	syscall	CG_FX_PLAY_PORTAL_EFFECT_ID	port_args_output	oracle/oracle/codemp/cgame/cg_public.h	oracle/oracle/codemp/cgame/cg_syscalls.c; oracle/oracle/codemp/cgame/cg_local.h; oracle/oracle/codemp/client/cl_cgame.cpp	src/boundary/mp/cgame/syscalls/CG_FX_PLAY_PORTAL_EFFECT_ID.rs	single-file assignment; preserve Raven comments; add args/output source locations
src/boundary/mp/cgame/syscalls/CG_FX_REGISTER_EFFECT.rs	MP cgame	call	module_to_engine	syscall	CG_FX_REGISTER_EFFECT	port_args_output	oracle/oracle/codemp/cgame/cg_public.h	oracle/oracle/codemp/cgame/cg_syscalls.c; oracle/oracle/codemp/cgame/cg_local.h; oracle/oracle/codemp/client/cl_cgame.cpp	src/boundary/mp/cgame/syscalls/CG_FX_REGISTER_EFFECT.rs	single-file assignment; preserve Raven comments; add args/output source locations
src/boundary/mp/cgame/syscalls/CG_FX_RESET.rs	MP cgame	call	module_to_engine	syscall	CG_FX_RESET	port_args_output	oracle/oracle/codemp/cgame/cg_public.h	oracle/oracle/codemp/cgame/cg_syscalls.c; oracle/oracle/codemp/cgame/cg_local.h; oracle/oracle/codemp/client/cl_cgame.cpp	src/boundary/mp/cgame/syscalls/CG_FX_RESET.rs	single-file assignment; preserve Raven comments; add args/output source locations
src/boundary/mp/cgame/syscalls/CG_FX_SET_REFDEF.rs	MP cgame	call	module_to_engine	syscall	CG_FX_SET_REFDEF	port_args_output	oracle/oracle/codemp/cgame/cg_public.h	oracle/oracle/codemp/cgame/cg_syscalls.c; oracle/oracle/codemp/cgame/cg_local.h; oracle/oracle/codemp/client/cl_cgame.cpp	src/boundary/mp/cgame/syscalls/CG_FX_SET_REFDEF.rs	single-file assignment; preserve Raven comments; add args/output source locations
src/boundary/mp/cgame/syscalls/CG_G2_ABSURDSMOOTHING.rs	MP cgame	call	module_to_engine	syscall	CG_G2_ABSURDSMOOTHING	port_args_output	oracle/oracle/codemp/cgame/cg_public.h	oracle/oracle/codemp/cgame/cg_syscalls.c; oracle/oracle/codemp/cgame/cg_local.h; oracle/oracle/codemp/client/cl_cgame.cpp	src/boundary/mp/cgame/syscalls/CG_G2_ABSURDSMOOTHING.rs	single-file assignment; preserve Raven comments; add args/output source locations
src/boundary/mp/cgame/syscalls/CG_G2_ADDBOLT.rs	MP cgame	call	module_to_engine	syscall	CG_G2_ADDBOLT	port_args_output	oracle/oracle/codemp/cgame/cg_public.h	oracle/oracle/codemp/cgame/cg_syscalls.c; oracle/oracle/codemp/cgame/cg_local.h; oracle/oracle/codemp/client/cl_cgame.cpp	src/boundary/mp/cgame/syscalls/CG_G2_ADDBOLT.rs	single-file assignment; preserve Raven comments; add args/output source locations
src/boundary/mp/cgame/syscalls/CG_G2_ADDSKINGORE.rs	MP cgame	call	module_to_engine	syscall	CG_G2_ADDSKINGORE	port_args_output	oracle/oracle/codemp/cgame/cg_public.h	oracle/oracle/codemp/cgame/cg_syscalls.c; oracle/oracle/codemp/cgame/cg_local.h; oracle/oracle/codemp/client/cl_cgame.cpp	src/boundary/mp/cgame/syscalls/CG_G2_ADDSKINGORE.rs	single-file assignment; preserve Raven comments; add args/output source locations
src/boundary/mp/cgame/syscalls/CG_G2_ANGLEOVERRIDE.rs	MP cgame	call	module_to_engine	syscall	CG_G2_ANGLEOVERRIDE	port_args_output	oracle/oracle/codemp/cgame/cg_public.h	oracle/oracle/codemp/cgame/cg_syscalls.c; oracle/oracle/codemp/cgame/cg_local.h; oracle/oracle/codemp/client/cl_cgame.cpp	src/boundary/mp/cgame/syscalls/CG_G2_ANGLEOVERRIDE.rs	single-file assignment; preserve Raven comments; add args/output source locations
src/boundary/mp/cgame/syscalls/CG_G2_ANIMATEG2MODELS.rs	MP cgame	call	module_to_engine	syscall	CG_G2_ANIMATEG2MODELS	port_args_output	oracle/oracle/codemp/cgame/cg_public.h	oracle/oracle/codemp/cgame/cg_syscalls.c; oracle/oracle/codemp/cgame/cg_local.h; oracle/oracle/codemp/client/cl_cgame.cpp	src/boundary/mp/cgame/syscalls/CG_G2_ANIMATEG2MODELS.rs	single-file assignment; preserve Raven comments; add args/output source locations
src/boundary/mp/cgame/syscalls/CG_G2_ATTACHENT.rs	MP cgame	call	module_to_engine	syscall	CG_G2_ATTACHENT	port_args_output	oracle/oracle/codemp/cgame/cg_public.h	oracle/oracle/codemp/cgame/cg_syscalls.c; oracle/oracle/codemp/cgame/cg_local.h; oracle/oracle/codemp/client/cl_cgame.cpp	src/boundary/mp/cgame/syscalls/CG_G2_ATTACHENT.rs	single-file assignment; preserve Raven comments; add args/output source locations
src/boundary/mp/cgame/syscalls/CG_G2_ATTACHINSTANCETOENTNUM.rs	MP cgame	call	module_to_engine	syscall	CG_G2_ATTACHINSTANCETOENTNUM	port_args_output	oracle/oracle/codemp/cgame/cg_public.h	oracle/oracle/codemp/cgame/cg_syscalls.c; oracle/oracle/codemp/cgame/cg_local.h; oracle/oracle/codemp/client/cl_cgame.cpp	src/boundary/mp/cgame/syscalls/CG_G2_ATTACHINSTANCETOENTNUM.rs	single-file assignment; preserve Raven comments; add args/output source locations
src/boundary/mp/cgame/syscalls/CG_G2_CLEANENTATTACHMENTS.rs	MP cgame	call	module_to_engine	syscall	CG_G2_CLEANENTATTACHMENTS	port_args_output	oracle/oracle/codemp/cgame/cg_public.h	oracle/oracle/codemp/cgame/cg_syscalls.c; oracle/oracle/codemp/cgame/cg_local.h; oracle/oracle/codemp/client/cl_cgame.cpp	src/boundary/mp/cgame/syscalls/CG_G2_CLEANENTATTACHMENTS.rs	single-file assignment; preserve Raven comments; add args/output source locations
src/boundary/mp/cgame/syscalls/CG_G2_CLEANMODELS.rs	MP cgame	call	module_to_engine	syscall	CG_G2_CLEANMODELS	port_args_output	oracle/oracle/codemp/cgame/cg_public.h	oracle/oracle/codemp/cgame/cg_syscalls.c; oracle/oracle/codemp/cgame/cg_local.h; oracle/oracle/codemp/client/cl_cgame.cpp	src/boundary/mp/cgame/syscalls/CG_G2_CLEANMODELS.rs	single-file assignment; preserve Raven comments; add args/output source locations
src/boundary/mp/cgame/syscalls/CG_G2_CLEARATTACHEDINSTANCE.rs	MP cgame	call	module_to_engine	syscall	CG_G2_CLEARATTACHEDINSTANCE	port_args_output	oracle/oracle/codemp/cgame/cg_public.h	oracle/oracle/codemp/cgame/cg_syscalls.c; oracle/oracle/codemp/cgame/cg_local.h; oracle/oracle/codemp/client/cl_cgame.cpp	src/boundary/mp/cgame/syscalls/CG_G2_CLEARATTACHEDINSTANCE.rs	single-file assignment; preserve Raven comments; add args/output source locations
src/boundary/mp/cgame/syscalls/CG_G2_CLEARSKINGORE.rs	MP cgame	call	module_to_engine	syscall	CG_G2_CLEARSKINGORE	port_args_output	oracle/oracle/codemp/cgame/cg_public.h	oracle/oracle/codemp/cgame/cg_syscalls.c; oracle/oracle/codemp/cgame/cg_local.h; oracle/oracle/codemp/client/cl_cgame.cpp	src/boundary/mp/cgame/syscalls/CG_G2_CLEARSKINGORE.rs	single-file assignment; preserve Raven comments; add args/output source locations
src/boundary/mp/cgame/syscalls/CG_G2_COLLISIONDETECT.rs	MP cgame	call	module_to_engine	syscall	CG_G2_COLLISIONDETECT	port_args_output	oracle/oracle/codemp/cgame/cg_public.h	oracle/oracle/codemp/cgame/cg_syscalls.c; oracle/oracle/codemp/cgame/cg_local.h; oracle/oracle/codemp/client/cl_cgame.cpp	src/boundary/mp/cgame/syscalls/CG_G2_COLLISIONDETECT.rs	single-file assignment; preserve Raven comments; add args/output source locations
src/boundary/mp/cgame/syscalls/CG_G2_COLLISIONDETECTCACHE.rs	MP cgame	call	module_to_engine	syscall	CG_G2_COLLISIONDETECTCACHE	port_args_output	oracle/oracle/codemp/cgame/cg_public.h	oracle/oracle/codemp/cgame/cg_syscalls.c; oracle/oracle/codemp/cgame/cg_local.h; oracle/oracle/codemp/client/cl_cgame.cpp	src/boundary/mp/cgame/syscalls/CG_G2_COLLISIONDETECTCACHE.rs	single-file assignment; preserve Raven comments; add args/output source locations
src/boundary/mp/cgame/syscalls/CG_G2_COPYGHOUL2INSTANCE.rs	MP cgame	call	module_to_engine	syscall	CG_G2_COPYGHOUL2INSTANCE	port_args_output	oracle/oracle/codemp/cgame/cg_public.h	oracle/oracle/codemp/cgame/cg_syscalls.c; oracle/oracle/codemp/cgame/cg_local.h; oracle/oracle/codemp/client/cl_cgame.cpp	src/boundary/mp/cgame/syscalls/CG_G2_COPYGHOUL2INSTANCE.rs	single-file assignment; preserve Raven comments; add args/output source locations
src/boundary/mp/cgame/syscalls/CG_G2_COPYSPECIFICGHOUL2MODEL.rs	MP cgame	call	module_to_engine	syscall	CG_G2_COPYSPECIFICGHOUL2MODEL	port_args_output	oracle/oracle/codemp/cgame/cg_public.h	oracle/oracle/codemp/cgame/cg_syscalls.c; oracle/oracle/codemp/cgame/cg_local.h; oracle/oracle/codemp/client/cl_cgame.cpp	src/boundary/mp/cgame/syscalls/CG_G2_COPYSPECIFICGHOUL2MODEL.rs	single-file assignment; preserve Raven comments; add args/output source locations
src/boundary/mp/cgame/syscalls/CG_G2_DOESBONEEXIST.rs	MP cgame	call	module_to_engine	syscall	CG_G2_DOESBONEEXIST	port_args_output	oracle/oracle/codemp/cgame/cg_public.h	oracle/oracle/codemp/cgame/cg_syscalls.c; oracle/oracle/codemp/cgame/cg_local.h; oracle/oracle/codemp/client/cl_cgame.cpp	src/boundary/mp/cgame/syscalls/CG_G2_DOESBONEEXIST.rs	single-file assignment; preserve Raven comments; add args/output source locations
src/boundary/mp/cgame/syscalls/CG_G2_DUPLICATEGHOUL2INSTANCE.rs	MP cgame	call	module_to_engine	syscall	CG_G2_DUPLICATEGHOUL2INSTANCE	port_args_output	oracle/oracle/codemp/cgame/cg_public.h	oracle/oracle/codemp/cgame/cg_syscalls.c; oracle/oracle/codemp/cgame/cg_local.h; oracle/oracle/codemp/client/cl_cgame.cpp	src/boundary/mp/cgame/syscalls/CG_G2_DUPLICATEGHOUL2INSTANCE.rs	single-file assignment; preserve Raven comments; add args/output source locations
src/boundary/mp/cgame/syscalls/CG_G2_GETBOLT.rs	MP cgame	call	module_to_engine	syscall	CG_G2_GETBOLT	port_args_output	oracle/oracle/codemp/cgame/cg_public.h	oracle/oracle/codemp/cgame/cg_syscalls.c; oracle/oracle/codemp/cgame/cg_local.h; oracle/oracle/codemp/client/cl_cgame.cpp	src/boundary/mp/cgame/syscalls/CG_G2_GETBOLT.rs	single-file assignment; preserve Raven comments; add args/output source locations
src/boundary/mp/cgame/syscalls/CG_G2_GETBOLT_NOREC.rs	MP cgame	call	module_to_engine	syscall	CG_G2_GETBOLT_NOREC	port_args_output	oracle/oracle/codemp/cgame/cg_public.h	oracle/oracle/codemp/cgame/cg_syscalls.c; oracle/oracle/codemp/cgame/cg_local.h; oracle/oracle/codemp/client/cl_cgame.cpp	src/boundary/mp/cgame/syscalls/CG_G2_GETBOLT_NOREC.rs	single-file assignment; preserve Raven comments; add args/output source locations
src/boundary/mp/cgame/syscalls/CG_G2_GETBOLT_NOREC_NOROT.rs	MP cgame	call	module_to_engine	syscall	CG_G2_GETBOLT_NOREC_NOROT	port_args_output	oracle/oracle/codemp/cgame/cg_public.h	oracle/oracle/codemp/cgame/cg_syscalls.c; oracle/oracle/codemp/cgame/cg_local.h; oracle/oracle/codemp/client/cl_cgame.cpp	src/boundary/mp/cgame/syscalls/CG_G2_GETBOLT_NOREC_NOROT.rs	single-file assignment; preserve Raven comments; add args/output source locations
src/boundary/mp/cgame/syscalls/CG_G2_GETBONEANIM.rs	MP cgame	call	module_to_engine	syscall	CG_G2_GETBONEANIM	port_args_output	oracle/oracle/codemp/cgame/cg_public.h	oracle/oracle/codemp/cgame/cg_syscalls.c; oracle/oracle/codemp/cgame/cg_local.h; oracle/oracle/codemp/client/cl_cgame.cpp	src/boundary/mp/cgame/syscalls/CG_G2_GETBONEANIM.rs	single-file assignment; preserve Raven comments; add args/output source locations
src/boundary/mp/cgame/syscalls/CG_G2_GETBONEFRAME.rs	MP cgame	call	module_to_engine	syscall	CG_G2_GETBONEFRAME	port_args_output	oracle/oracle/codemp/cgame/cg_public.h	oracle/oracle/codemp/cgame/cg_syscalls.c; oracle/oracle/codemp/cgame/cg_local.h; oracle/oracle/codemp/client/cl_cgame.cpp	src/boundary/mp/cgame/syscalls/CG_G2_GETBONEFRAME.rs	single-file assignment; preserve Raven comments; add args/output source locations
src/boundary/mp/cgame/syscalls/CG_G2_GETGLANAME.rs	MP cgame	call	module_to_engine	syscall	CG_G2_GETGLANAME	port_args_output	oracle/oracle/codemp/cgame/cg_public.h	oracle/oracle/codemp/cgame/cg_syscalls.c; oracle/oracle/codemp/cgame/cg_local.h; oracle/oracle/codemp/client/cl_cgame.cpp	src/boundary/mp/cgame/syscalls/CG_G2_GETGLANAME.rs	single-file assignment; preserve Raven comments; add args/output source locations
src/boundary/mp/cgame/syscalls/CG_G2_GETNUMGOREMARKS.rs	MP cgame	call	module_to_engine	syscall	CG_G2_GETNUMGOREMARKS	port_args_output	oracle/oracle/codemp/cgame/cg_public.h	oracle/oracle/codemp/cgame/cg_syscalls.c; oracle/oracle/codemp/cgame/cg_local.h; oracle/oracle/codemp/client/cl_cgame.cpp	src/boundary/mp/cgame/syscalls/CG_G2_GETNUMGOREMARKS.rs	single-file assignment; preserve Raven comments; add args/output source locations
src/boundary/mp/cgame/syscalls/CG_G2_GETRAGBONEPOS.rs	MP cgame	call	module_to_engine	syscall	CG_G2_GETRAGBONEPOS	port_args_output	oracle/oracle/codemp/cgame/cg_public.h	oracle/oracle/codemp/cgame/cg_syscalls.c; oracle/oracle/codemp/cgame/cg_local.h; oracle/oracle/codemp/client/cl_cgame.cpp	src/boundary/mp/cgame/syscalls/CG_G2_GETRAGBONEPOS.rs	single-file assignment; preserve Raven comments; add args/output source locations
src/boundary/mp/cgame/syscalls/CG_G2_GETSURFACENAME.rs	MP cgame	call	module_to_engine	syscall	CG_G2_GETSURFACENAME	port_args_output	oracle/oracle/codemp/cgame/cg_public.h	oracle/oracle/codemp/cgame/cg_syscalls.c; oracle/oracle/codemp/cgame/cg_local.h; oracle/oracle/codemp/client/cl_cgame.cpp	src/boundary/mp/cgame/syscalls/CG_G2_GETSURFACENAME.rs	single-file assignment; preserve Raven comments; add args/output source locations
src/boundary/mp/cgame/syscalls/CG_G2_GETSURFACERENDERSTATUS.rs	MP cgame	call	module_to_engine	syscall	CG_G2_GETSURFACERENDERSTATUS	port_args_output	oracle/oracle/codemp/cgame/cg_public.h	oracle/oracle/codemp/cgame/cg_syscalls.c; oracle/oracle/codemp/cgame/cg_local.h; oracle/oracle/codemp/client/cl_cgame.cpp	src/boundary/mp/cgame/syscalls/CG_G2_GETSURFACERENDERSTATUS.rs	single-file assignment; preserve Raven comments; add args/output source locations
src/boundary/mp/cgame/syscalls/CG_G2_GETTIME.rs	MP cgame	call	module_to_engine	syscall	CG_G2_GETTIME	port_args_output	oracle/oracle/codemp/cgame/cg_public.h	oracle/oracle/codemp/cgame/cg_syscalls.c; oracle/oracle/codemp/cgame/cg_local.h; oracle/oracle/codemp/client/cl_cgame.cpp	src/boundary/mp/cgame/syscalls/CG_G2_GETTIME.rs	single-file assignment; preserve Raven comments; add args/output source locations
src/boundary/mp/cgame/syscalls/CG_G2_HASGHOUL2MODELONINDEX.rs	MP cgame	call	module_to_engine	syscall	CG_G2_HASGHOUL2MODELONINDEX	port_args_output	oracle/oracle/codemp/cgame/cg_public.h	oracle/oracle/codemp/cgame/cg_syscalls.c; oracle/oracle/codemp/cgame/cg_local.h; oracle/oracle/codemp/client/cl_cgame.cpp	src/boundary/mp/cgame/syscalls/CG_G2_HASGHOUL2MODELONINDEX.rs	single-file assignment; preserve Raven comments; add args/output source locations
src/boundary/mp/cgame/syscalls/CG_G2_HAVEWEGHOULMODELS.rs	MP cgame	call	module_to_engine	syscall	CG_G2_HAVEWEGHOULMODELS	port_args_output	oracle/oracle/codemp/cgame/cg_public.h	oracle/oracle/codemp/cgame/cg_syscalls.c; oracle/oracle/codemp/cgame/cg_local.h; oracle/oracle/codemp/client/cl_cgame.cpp	src/boundary/mp/cgame/syscalls/CG_G2_HAVEWEGHOULMODELS.rs	single-file assignment; preserve Raven comments; add args/output source locations
src/boundary/mp/cgame/syscalls/CG_G2_IKMOVE.rs	MP cgame	call	module_to_engine	syscall	CG_G2_IKMOVE	port_args_output	oracle/oracle/codemp/cgame/cg_public.h	oracle/oracle/codemp/cgame/cg_syscalls.c; oracle/oracle/codemp/cgame/cg_local.h; oracle/oracle/codemp/client/cl_cgame.cpp	src/boundary/mp/cgame/syscalls/CG_G2_IKMOVE.rs	single-file assignment; preserve Raven comments; add args/output source locations
src/boundary/mp/cgame/syscalls/CG_G2_INITGHOUL2MODEL.rs	MP cgame	call	module_to_engine	syscall	CG_G2_INITGHOUL2MODEL	port_args_output	oracle/oracle/codemp/cgame/cg_public.h	oracle/oracle/codemp/cgame/cg_syscalls.c; oracle/oracle/codemp/cgame/cg_local.h; oracle/oracle/codemp/client/cl_cgame.cpp	src/boundary/mp/cgame/syscalls/CG_G2_INITGHOUL2MODEL.rs	single-file assignment; preserve Raven comments; add args/output source locations
src/boundary/mp/cgame/syscalls/CG_G2_LISTBONES.rs	MP cgame	call	module_to_engine	syscall	CG_G2_LISTBONES	port_args_output	oracle/oracle/codemp/cgame/cg_public.h	oracle/oracle/codemp/cgame/cg_syscalls.c; oracle/oracle/codemp/cgame/cg_local.h; oracle/oracle/codemp/client/cl_cgame.cpp	src/boundary/mp/cgame/syscalls/CG_G2_LISTBONES.rs	single-file assignment; preserve Raven comments; add args/output source locations
src/boundary/mp/cgame/syscalls/CG_G2_LISTSURFACES.rs	MP cgame	call	module_to_engine	syscall	CG_G2_LISTSURFACES	port_args_output	oracle/oracle/codemp/cgame/cg_public.h	oracle/oracle/codemp/cgame/cg_syscalls.c; oracle/oracle/codemp/cgame/cg_local.h; oracle/oracle/codemp/client/cl_cgame.cpp	src/boundary/mp/cgame/syscalls/CG_G2_LISTSURFACES.rs	single-file assignment; preserve Raven comments; add args/output source locations
src/boundary/mp/cgame/syscalls/CG_G2_OVERRIDESERVER.rs	MP cgame	call	module_to_engine	syscall	CG_G2_OVERRIDESERVER	port_args_output	oracle/oracle/codemp/cgame/cg_public.h	oracle/oracle/codemp/cgame/cg_syscalls.c; oracle/oracle/codemp/cgame/cg_local.h; oracle/oracle/codemp/client/cl_cgame.cpp	src/boundary/mp/cgame/syscalls/CG_G2_OVERRIDESERVER.rs	single-file assignment; preserve Raven comments; add args/output source locations
src/boundary/mp/cgame/syscalls/CG_G2_PLAYANIM.rs	MP cgame	call	module_to_engine	syscall	CG_G2_PLAYANIM	port_args_output	oracle/oracle/codemp/cgame/cg_public.h	oracle/oracle/codemp/cgame/cg_syscalls.c; oracle/oracle/codemp/cgame/cg_local.h; oracle/oracle/codemp/client/cl_cgame.cpp	src/boundary/mp/cgame/syscalls/CG_G2_PLAYANIM.rs	single-file assignment; preserve Raven comments; add args/output source locations
src/boundary/mp/cgame/syscalls/CG_G2_RAGEFFECTORGOAL.rs	MP cgame	call	module_to_engine	syscall	CG_G2_RAGEFFECTORGOAL	port_args_output	oracle/oracle/codemp/cgame/cg_public.h	oracle/oracle/codemp/cgame/cg_syscalls.c; oracle/oracle/codemp/cgame/cg_local.h; oracle/oracle/codemp/client/cl_cgame.cpp	src/boundary/mp/cgame/syscalls/CG_G2_RAGEFFECTORGOAL.rs	single-file assignment; preserve Raven comments; add args/output source locations
src/boundary/mp/cgame/syscalls/CG_G2_RAGEFFECTORKICK.rs	MP cgame	call	module_to_engine	syscall	CG_G2_RAGEFFECTORKICK	port_args_output	oracle/oracle/codemp/cgame/cg_public.h	oracle/oracle/codemp/cgame/cg_syscalls.c; oracle/oracle/codemp/cgame/cg_local.h; oracle/oracle/codemp/client/cl_cgame.cpp	src/boundary/mp/cgame/syscalls/CG_G2_RAGEFFECTORKICK.rs	single-file assignment; preserve Raven comments; add args/output source locations
src/boundary/mp/cgame/syscalls/CG_G2_RAGFORCESOLVE.rs	MP cgame	call	module_to_engine	syscall	CG_G2_RAGFORCESOLVE	port_args_output	oracle/oracle/codemp/cgame/cg_public.h	oracle/oracle/codemp/cgame/cg_syscalls.c; oracle/oracle/codemp/cgame/cg_local.h; oracle/oracle/codemp/client/cl_cgame.cpp	src/boundary/mp/cgame/syscalls/CG_G2_RAGFORCESOLVE.rs	single-file assignment; preserve Raven comments; add args/output source locations
src/boundary/mp/cgame/syscalls/CG_G2_RAGPCJCONSTRAINT.rs	MP cgame	call	module_to_engine	syscall	CG_G2_RAGPCJCONSTRAINT	port_args_output	oracle/oracle/codemp/cgame/cg_public.h	oracle/oracle/codemp/cgame/cg_syscalls.c; oracle/oracle/codemp/cgame/cg_local.h; oracle/oracle/codemp/client/cl_cgame.cpp	src/boundary/mp/cgame/syscalls/CG_G2_RAGPCJCONSTRAINT.rs	single-file assignment; preserve Raven comments; add args/output source locations
src/boundary/mp/cgame/syscalls/CG_G2_RAGPCJGRADIENTSPEED.rs	MP cgame	call	module_to_engine	syscall	CG_G2_RAGPCJGRADIENTSPEED	port_args_output	oracle/oracle/codemp/cgame/cg_public.h	oracle/oracle/codemp/cgame/cg_syscalls.c; oracle/oracle/codemp/cgame/cg_local.h; oracle/oracle/codemp/client/cl_cgame.cpp	src/boundary/mp/cgame/syscalls/CG_G2_RAGPCJGRADIENTSPEED.rs	single-file assignment; preserve Raven comments; add args/output source locations
src/boundary/mp/cgame/syscalls/CG_G2_REMOVEBONE.rs	MP cgame	call	module_to_engine	syscall	CG_G2_REMOVEBONE	port_args_output	oracle/oracle/codemp/cgame/cg_public.h	oracle/oracle/codemp/cgame/cg_syscalls.c; oracle/oracle/codemp/cgame/cg_local.h; oracle/oracle/codemp/client/cl_cgame.cpp	src/boundary/mp/cgame/syscalls/CG_G2_REMOVEBONE.rs	single-file assignment; preserve Raven comments; add args/output source locations
src/boundary/mp/cgame/syscalls/CG_G2_REMOVEGHOUL2MODEL.rs	MP cgame	call	module_to_engine	syscall	CG_G2_REMOVEGHOUL2MODEL	port_args_output	oracle/oracle/codemp/cgame/cg_public.h	oracle/oracle/codemp/cgame/cg_syscalls.c; oracle/oracle/codemp/cgame/cg_local.h; oracle/oracle/codemp/client/cl_cgame.cpp	src/boundary/mp/cgame/syscalls/CG_G2_REMOVEGHOUL2MODEL.rs	single-file assignment; preserve Raven comments; add args/output source locations
src/boundary/mp/cgame/syscalls/CG_G2_SETBOLTON.rs	MP cgame	call	module_to_engine	syscall	CG_G2_SETBOLTON	port_args_output	oracle/oracle/codemp/cgame/cg_public.h	oracle/oracle/codemp/cgame/cg_syscalls.c; oracle/oracle/codemp/cgame/cg_local.h; oracle/oracle/codemp/client/cl_cgame.cpp	src/boundary/mp/cgame/syscalls/CG_G2_SETBOLTON.rs	single-file assignment; preserve Raven comments; add args/output source locations
src/boundary/mp/cgame/syscalls/CG_G2_SETBONEIKSTATE.rs	MP cgame	call	module_to_engine	syscall	CG_G2_SETBONEIKSTATE	port_args_output	oracle/oracle/codemp/cgame/cg_public.h	oracle/oracle/codemp/cgame/cg_syscalls.c; oracle/oracle/codemp/cgame/cg_local.h; oracle/oracle/codemp/client/cl_cgame.cpp	src/boundary/mp/cgame/syscalls/CG_G2_SETBONEIKSTATE.rs	single-file assignment; preserve Raven comments; add args/output source locations
src/boundary/mp/cgame/syscalls/CG_G2_SETMODELS.rs	MP cgame	call	module_to_engine	syscall	CG_G2_SETMODELS	port_args_output	oracle/oracle/codemp/cgame/cg_public.h	oracle/oracle/codemp/cgame/cg_syscalls.c; oracle/oracle/codemp/cgame/cg_local.h; oracle/oracle/codemp/client/cl_cgame.cpp	src/boundary/mp/cgame/syscalls/CG_G2_SETMODELS.rs	single-file assignment; preserve Raven comments; add args/output source locations
src/boundary/mp/cgame/syscalls/CG_G2_SETNEWORIGIN.rs	MP cgame	call	module_to_engine	syscall	CG_G2_SETNEWORIGIN	port_args_output	oracle/oracle/codemp/cgame/cg_public.h	oracle/oracle/codemp/cgame/cg_syscalls.c; oracle/oracle/codemp/cgame/cg_local.h; oracle/oracle/codemp/client/cl_cgame.cpp	src/boundary/mp/cgame/syscalls/CG_G2_SETNEWORIGIN.rs	single-file assignment; preserve Raven comments; add args/output source locations
src/boundary/mp/cgame/syscalls/CG_G2_SETRAGDOLL.rs	MP cgame	call	module_to_engine	syscall	CG_G2_SETRAGDOLL	port_args_output	oracle/oracle/codemp/cgame/cg_public.h	oracle/oracle/codemp/cgame/cg_syscalls.c; oracle/oracle/codemp/cgame/cg_local.h; oracle/oracle/codemp/client/cl_cgame.cpp	src/boundary/mp/cgame/syscalls/CG_G2_SETRAGDOLL.rs	single-file assignment; preserve Raven comments; add args/output source locations
src/boundary/mp/cgame/syscalls/CG_G2_SETROOTSURFACE.rs	MP cgame	call	module_to_engine	syscall	CG_G2_SETROOTSURFACE	port_args_output	oracle/oracle/codemp/cgame/cg_public.h	oracle/oracle/codemp/cgame/cg_syscalls.c; oracle/oracle/codemp/cgame/cg_local.h; oracle/oracle/codemp/client/cl_cgame.cpp	src/boundary/mp/cgame/syscalls/CG_G2_SETROOTSURFACE.rs	single-file assignment; preserve Raven comments; add args/output source locations
src/boundary/mp/cgame/syscalls/CG_G2_SETSKIN.rs	MP cgame	call	module_to_engine	syscall	CG_G2_SETSKIN	port_args_output	oracle/oracle/codemp/cgame/cg_public.h	oracle/oracle/codemp/cgame/cg_syscalls.c; oracle/oracle/codemp/cgame/cg_local.h; oracle/oracle/codemp/client/cl_cgame.cpp	src/boundary/mp/cgame/syscalls/CG_G2_SETSKIN.rs	single-file assignment; preserve Raven comments; add args/output source locations
src/boundary/mp/cgame/syscalls/CG_G2_SETSURFACEONOFF.rs	MP cgame	call	module_to_engine	syscall	CG_G2_SETSURFACEONOFF	port_args_output	oracle/oracle/codemp/cgame/cg_public.h	oracle/oracle/codemp/cgame/cg_syscalls.c; oracle/oracle/codemp/cgame/cg_local.h; oracle/oracle/codemp/client/cl_cgame.cpp	src/boundary/mp/cgame/syscalls/CG_G2_SETSURFACEONOFF.rs	single-file assignment; preserve Raven comments; add args/output source locations
src/boundary/mp/cgame/syscalls/CG_G2_SETTIME.rs	MP cgame	call	module_to_engine	syscall	CG_G2_SETTIME	port_args_output	oracle/oracle/codemp/cgame/cg_public.h	oracle/oracle/codemp/cgame/cg_syscalls.c; oracle/oracle/codemp/cgame/cg_local.h; oracle/oracle/codemp/client/cl_cgame.cpp	src/boundary/mp/cgame/syscalls/CG_G2_SETTIME.rs	single-file assignment; preserve Raven comments; add args/output source locations
src/boundary/mp/cgame/syscalls/CG_G2_SIZE.rs	MP cgame	call	module_to_engine	syscall	CG_G2_SIZE	port_args_output	oracle/oracle/codemp/cgame/cg_public.h	oracle/oracle/codemp/cgame/cg_syscalls.c; oracle/oracle/codemp/cgame/cg_local.h; oracle/oracle/codemp/client/cl_cgame.cpp	src/boundary/mp/cgame/syscalls/CG_G2_SIZE.rs	single-file assignment; preserve Raven comments; add args/output source locations
src/boundary/mp/cgame/syscalls/CG_G2_SKINLESSMODEL.rs	MP cgame	call	module_to_engine	syscall	CG_G2_SKINLESSMODEL	port_args_output	oracle/oracle/codemp/cgame/cg_public.h	oracle/oracle/codemp/cgame/cg_syscalls.c; oracle/oracle/codemp/cgame/cg_local.h; oracle/oracle/codemp/client/cl_cgame.cpp	src/boundary/mp/cgame/syscalls/CG_G2_SKINLESSMODEL.rs	single-file assignment; preserve Raven comments; add args/output source locations
src/boundary/mp/cgame/syscalls/CG_GETCURRENTCMDNUMBER.rs	MP cgame	call	module_to_engine	syscall	CG_GETCURRENTCMDNUMBER	port_args_output	oracle/oracle/codemp/cgame/cg_public.h	oracle/oracle/codemp/cgame/cg_syscalls.c; oracle/oracle/codemp/cgame/cg_local.h; oracle/oracle/codemp/client/cl_cgame.cpp	src/boundary/mp/cgame/syscalls/CG_GETCURRENTCMDNUMBER.rs	single-file assignment; preserve Raven comments; add args/output source locations
src/boundary/mp/cgame/syscalls/CG_GETCURRENTSNAPSHOTNUMBER.rs	MP cgame	call	module_to_engine	syscall	CG_GETCURRENTSNAPSHOTNUMBER	port_args_output	oracle/oracle/codemp/cgame/cg_public.h	oracle/oracle/codemp/cgame/cg_syscalls.c; oracle/oracle/codemp/cgame/cg_local.h; oracle/oracle/codemp/client/cl_cgame.cpp	src/boundary/mp/cgame/syscalls/CG_GETCURRENTSNAPSHOTNUMBER.rs	single-file assignment; preserve Raven comments; add args/output source locations
src/boundary/mp/cgame/syscalls/CG_GETDEFAULTSTATE.rs	MP cgame	call	module_to_engine	syscall	CG_GETDEFAULTSTATE	port_args_output	oracle/oracle/codemp/cgame/cg_public.h	oracle/oracle/codemp/cgame/cg_syscalls.c; oracle/oracle/codemp/cgame/cg_local.h; oracle/oracle/codemp/client/cl_cgame.cpp	src/boundary/mp/cgame/syscalls/CG_GETDEFAULTSTATE.rs	single-file assignment; preserve Raven comments; add args/output source locations
src/boundary/mp/cgame/syscalls/CG_GETGAMESTATE.rs	MP cgame	call	module_to_engine	syscall	CG_GETGAMESTATE	port_args_output	oracle/oracle/codemp/cgame/cg_public.h	oracle/oracle/codemp/cgame/cg_syscalls.c; oracle/oracle/codemp/cgame/cg_local.h; oracle/oracle/codemp/client/cl_cgame.cpp	src/boundary/mp/cgame/syscalls/CG_GETGAMESTATE.rs	single-file assignment; preserve Raven comments; add args/output source locations
src/boundary/mp/cgame/syscalls/CG_GETGLCONFIG.rs	MP cgame	call	module_to_engine	syscall	CG_GETGLCONFIG	port_args_output	oracle/oracle/codemp/cgame/cg_public.h	oracle/oracle/codemp/cgame/cg_syscalls.c; oracle/oracle/codemp/cgame/cg_local.h; oracle/oracle/codemp/client/cl_cgame.cpp	src/boundary/mp/cgame/syscalls/CG_GETGLCONFIG.rs	single-file assignment; preserve Raven comments; add args/output source locations
src/boundary/mp/cgame/syscalls/CG_GETSERVERCOMMAND.rs	MP cgame	call	module_to_engine	syscall	CG_GETSERVERCOMMAND	port_args_output	oracle/oracle/codemp/cgame/cg_public.h	oracle/oracle/codemp/cgame/cg_syscalls.c; oracle/oracle/codemp/cgame/cg_local.h; oracle/oracle/codemp/client/cl_cgame.cpp	src/boundary/mp/cgame/syscalls/CG_GETSERVERCOMMAND.rs	single-file assignment; preserve Raven comments; add args/output source locations
src/boundary/mp/cgame/syscalls/CG_GETSNAPSHOT.rs	MP cgame	call	module_to_engine	syscall	CG_GETSNAPSHOT	port_args_output	oracle/oracle/codemp/cgame/cg_public.h	oracle/oracle/codemp/cgame/cg_syscalls.c; oracle/oracle/codemp/cgame/cg_local.h; oracle/oracle/codemp/client/cl_cgame.cpp	src/boundary/mp/cgame/syscalls/CG_GETSNAPSHOT.rs	single-file assignment; preserve Raven comments; add args/output source locations
src/boundary/mp/cgame/syscalls/CG_GETUSERCMD.rs	MP cgame	call	module_to_engine	syscall	CG_GETUSERCMD	port_args_output	oracle/oracle/codemp/cgame/cg_public.h	oracle/oracle/codemp/cgame/cg_syscalls.c; oracle/oracle/codemp/cgame/cg_local.h; oracle/oracle/codemp/client/cl_cgame.cpp	src/boundary/mp/cgame/syscalls/CG_GETUSERCMD.rs	single-file assignment; preserve Raven comments; add args/output source locations
src/boundary/mp/cgame/syscalls/CG_GET_ENTITY_TOKEN.rs	MP cgame	call	module_to_engine	syscall	CG_GET_ENTITY_TOKEN	port_args_output	oracle/oracle/codemp/cgame/cg_public.h	oracle/oracle/codemp/cgame/cg_syscalls.c; oracle/oracle/codemp/cgame/cg_local.h; oracle/oracle/codemp/client/cl_cgame.cpp	src/boundary/mp/cgame/syscalls/CG_GET_ENTITY_TOKEN.rs	single-file assignment; preserve Raven comments; add args/output source locations
src/boundary/mp/cgame/syscalls/CG_KEY_GETCATCHER.rs	MP cgame	call	module_to_engine	syscall	CG_KEY_GETCATCHER	port_args_output	oracle/oracle/codemp/cgame/cg_public.h	oracle/oracle/codemp/cgame/cg_syscalls.c; oracle/oracle/codemp/cgame/cg_local.h; oracle/oracle/codemp/client/cl_cgame.cpp	src/boundary/mp/cgame/syscalls/CG_KEY_GETCATCHER.rs	single-file assignment; preserve Raven comments; add args/output source locations
src/boundary/mp/cgame/syscalls/CG_KEY_GETKEY.rs	MP cgame	call	module_to_engine	syscall	CG_KEY_GETKEY	port_args_output	oracle/oracle/codemp/cgame/cg_public.h	oracle/oracle/codemp/cgame/cg_syscalls.c; oracle/oracle/codemp/cgame/cg_local.h; oracle/oracle/codemp/client/cl_cgame.cpp	src/boundary/mp/cgame/syscalls/CG_KEY_GETKEY.rs	single-file assignment; preserve Raven comments; add args/output source locations
src/boundary/mp/cgame/syscalls/CG_KEY_ISDOWN.rs	MP cgame	call	module_to_engine	syscall	CG_KEY_ISDOWN	port_args_output	oracle/oracle/codemp/cgame/cg_public.h	oracle/oracle/codemp/cgame/cg_syscalls.c; oracle/oracle/codemp/cgame/cg_local.h; oracle/oracle/codemp/client/cl_cgame.cpp	src/boundary/mp/cgame/syscalls/CG_KEY_ISDOWN.rs	single-file assignment; preserve Raven comments; add args/output source locations
src/boundary/mp/cgame/syscalls/CG_KEY_SETCATCHER.rs	MP cgame	call	module_to_engine	syscall	CG_KEY_SETCATCHER	port_args_output	oracle/oracle/codemp/cgame/cg_public.h	oracle/oracle/codemp/cgame/cg_syscalls.c; oracle/oracle/codemp/cgame/cg_local.h; oracle/oracle/codemp/client/cl_cgame.cpp	src/boundary/mp/cgame/syscalls/CG_KEY_SETCATCHER.rs	single-file assignment; preserve Raven comments; add args/output source locations
src/boundary/mp/cgame/syscalls/CG_LANGUAGE_ISASIAN.rs	MP cgame	call	module_to_engine	syscall	CG_LANGUAGE_ISASIAN	port_args_output	oracle/oracle/codemp/cgame/cg_public.h	oracle/oracle/codemp/cgame/cg_syscalls.c; oracle/oracle/codemp/cgame/cg_local.h; oracle/oracle/codemp/client/cl_cgame.cpp	src/boundary/mp/cgame/syscalls/CG_LANGUAGE_ISASIAN.rs	single-file assignment; preserve Raven comments; add args/output source locations
src/boundary/mp/cgame/syscalls/CG_LANGUAGE_USESSPACES.rs	MP cgame	call	module_to_engine	syscall	CG_LANGUAGE_USESSPACES	port_args_output	oracle/oracle/codemp/cgame/cg_public.h	oracle/oracle/codemp/cgame/cg_syscalls.c; oracle/oracle/codemp/cgame/cg_local.h; oracle/oracle/codemp/client/cl_cgame.cpp	src/boundary/mp/cgame/syscalls/CG_LANGUAGE_USESSPACES.rs	single-file assignment; preserve Raven comments; add args/output source locations
src/boundary/mp/cgame/syscalls/CG_MEMORY_REMAINING.rs	MP cgame	call	module_to_engine	syscall	CG_MEMORY_REMAINING	port_args_output	oracle/oracle/codemp/cgame/cg_public.h	oracle/oracle/codemp/cgame/cg_syscalls.c; oracle/oracle/codemp/cgame/cg_local.h; oracle/oracle/codemp/client/cl_cgame.cpp	src/boundary/mp/cgame/syscalls/CG_MEMORY_REMAINING.rs	single-file assignment; preserve Raven comments; add args/output source locations
src/boundary/mp/cgame/syscalls/CG_MILLISECONDS.rs	MP cgame	call	module_to_engine	syscall	CG_MILLISECONDS	port_args_output	oracle/oracle/codemp/cgame/cg_public.h	oracle/oracle/codemp/cgame/cg_syscalls.c; oracle/oracle/codemp/cgame/cg_local.h; oracle/oracle/codemp/client/cl_cgame.cpp	src/boundary/mp/cgame/syscalls/CG_MILLISECONDS.rs	single-file assignment; preserve Raven comments; add args/output source locations
src/boundary/mp/cgame/syscalls/CG_OPENUIMENU.rs	MP cgame	call	module_to_engine	syscall	CG_OPENUIMENU	port_args_output	oracle/oracle/codemp/cgame/cg_public.h	oracle/oracle/codemp/cgame/cg_syscalls.c; oracle/oracle/codemp/cgame/cg_local.h; oracle/oracle/codemp/client/cl_cgame.cpp	src/boundary/mp/cgame/syscalls/CG_OPENUIMENU.rs	single-file assignment; preserve Raven comments; add args/output source locations
src/boundary/mp/cgame/syscalls/CG_PC_ADD_GLOBAL_DEFINE.rs	MP cgame	call	module_to_engine	syscall	CG_PC_ADD_GLOBAL_DEFINE	port_args_output	oracle/oracle/codemp/cgame/cg_public.h	oracle/oracle/codemp/cgame/cg_syscalls.c; oracle/oracle/codemp/cgame/cg_local.h; oracle/oracle/codemp/client/cl_cgame.cpp	src/boundary/mp/cgame/syscalls/CG_PC_ADD_GLOBAL_DEFINE.rs	single-file assignment; preserve Raven comments; add args/output source locations
src/boundary/mp/cgame/syscalls/CG_PC_FREE_SOURCE.rs	MP cgame	call	module_to_engine	syscall	CG_PC_FREE_SOURCE	port_args_output	oracle/oracle/codemp/cgame/cg_public.h	oracle/oracle/codemp/cgame/cg_syscalls.c; oracle/oracle/codemp/cgame/cg_local.h; oracle/oracle/codemp/client/cl_cgame.cpp	src/boundary/mp/cgame/syscalls/CG_PC_FREE_SOURCE.rs	single-file assignment; preserve Raven comments; add args/output source locations
src/boundary/mp/cgame/syscalls/CG_PC_LOAD_GLOBAL_DEFINES.rs	MP cgame	call	module_to_engine	syscall	CG_PC_LOAD_GLOBAL_DEFINES	port_args_output	oracle/oracle/codemp/cgame/cg_public.h	oracle/oracle/codemp/cgame/cg_syscalls.c; oracle/oracle/codemp/cgame/cg_local.h; oracle/oracle/codemp/client/cl_cgame.cpp	src/boundary/mp/cgame/syscalls/CG_PC_LOAD_GLOBAL_DEFINES.rs	single-file assignment; preserve Raven comments; add args/output source locations
src/boundary/mp/cgame/syscalls/CG_PC_LOAD_SOURCE.rs	MP cgame	call	module_to_engine	syscall	CG_PC_LOAD_SOURCE	port_args_output	oracle/oracle/codemp/cgame/cg_public.h	oracle/oracle/codemp/cgame/cg_syscalls.c; oracle/oracle/codemp/cgame/cg_local.h; oracle/oracle/codemp/client/cl_cgame.cpp	src/boundary/mp/cgame/syscalls/CG_PC_LOAD_SOURCE.rs	single-file assignment; preserve Raven comments; add args/output source locations
src/boundary/mp/cgame/syscalls/CG_PC_READ_TOKEN.rs	MP cgame	call	module_to_engine	syscall	CG_PC_READ_TOKEN	port_args_output	oracle/oracle/codemp/cgame/cg_public.h	oracle/oracle/codemp/cgame/cg_syscalls.c; oracle/oracle/codemp/cgame/cg_local.h; oracle/oracle/codemp/client/cl_cgame.cpp	src/boundary/mp/cgame/syscalls/CG_PC_READ_TOKEN.rs	single-file assignment; preserve Raven comments; add args/output source locations
src/boundary/mp/cgame/syscalls/CG_PC_REMOVE_ALL_GLOBAL_DEFINES.rs	MP cgame	call	module_to_engine	syscall	CG_PC_REMOVE_ALL_GLOBAL_DEFINES	port_args_output	oracle/oracle/codemp/cgame/cg_public.h	oracle/oracle/codemp/cgame/cg_syscalls.c; oracle/oracle/codemp/cgame/cg_local.h; oracle/oracle/codemp/client/cl_cgame.cpp	src/boundary/mp/cgame/syscalls/CG_PC_REMOVE_ALL_GLOBAL_DEFINES.rs	single-file assignment; preserve Raven comments; add args/output source locations
src/boundary/mp/cgame/syscalls/CG_PC_SOURCE_FILE_AND_LINE.rs	MP cgame	call	module_to_engine	syscall	CG_PC_SOURCE_FILE_AND_LINE	port_args_output	oracle/oracle/codemp/cgame/cg_public.h	oracle/oracle/codemp/cgame/cg_syscalls.c; oracle/oracle/codemp/cgame/cg_local.h; oracle/oracle/codemp/client/cl_cgame.cpp	src/boundary/mp/cgame/syscalls/CG_PC_SOURCE_FILE_AND_LINE.rs	single-file assignment; preserve Raven comments; add args/output source locations
src/boundary/mp/cgame/syscalls/CG_PRECISIONTIMER_END.rs	MP cgame	call	module_to_engine	syscall	CG_PRECISIONTIMER_END	port_args_output	oracle/oracle/codemp/cgame/cg_public.h	oracle/oracle/codemp/cgame/cg_syscalls.c; oracle/oracle/codemp/cgame/cg_local.h; oracle/oracle/codemp/client/cl_cgame.cpp	src/boundary/mp/cgame/syscalls/CG_PRECISIONTIMER_END.rs	single-file assignment; preserve Raven comments; add args/output source locations
src/boundary/mp/cgame/syscalls/CG_PRECISIONTIMER_START.rs	MP cgame	call	module_to_engine	syscall	CG_PRECISIONTIMER_START	port_args_output	oracle/oracle/codemp/cgame/cg_public.h	oracle/oracle/codemp/cgame/cg_syscalls.c; oracle/oracle/codemp/cgame/cg_local.h; oracle/oracle/codemp/client/cl_cgame.cpp	src/boundary/mp/cgame/syscalls/CG_PRECISIONTIMER_START.rs	single-file assignment; preserve Raven comments; add args/output source locations
src/boundary/mp/cgame/syscalls/CG_PRINT.rs	MP cgame	call	module_to_engine	syscall	CG_PRINT	port_args_output	oracle/oracle/codemp/cgame/cg_public.h	oracle/oracle/codemp/cgame/cg_syscalls.c; oracle/oracle/codemp/cgame/cg_local.h; oracle/oracle/codemp/client/cl_cgame.cpp	src/boundary/mp/cgame/syscalls/CG_PRINT.rs	single-file assignment; preserve Raven comments; add args/output source locations
src/boundary/mp/cgame/syscalls/CG_REAL_TIME.rs	MP cgame	call	module_to_engine	syscall	CG_REAL_TIME	port_args_output	oracle/oracle/codemp/cgame/cg_public.h	oracle/oracle/codemp/cgame/cg_syscalls.c; oracle/oracle/codemp/cgame/cg_local.h; oracle/oracle/codemp/client/cl_cgame.cpp	src/boundary/mp/cgame/syscalls/CG_REAL_TIME.rs	single-file assignment; preserve Raven comments; add args/output source locations
src/boundary/mp/cgame/syscalls/CG_REMOVECOMMAND.rs	MP cgame	call	module_to_engine	syscall	CG_REMOVECOMMAND	port_args_output	oracle/oracle/codemp/cgame/cg_public.h	oracle/oracle/codemp/cgame/cg_syscalls.c; oracle/oracle/codemp/cgame/cg_local.h; oracle/oracle/codemp/client/cl_cgame.cpp	src/boundary/mp/cgame/syscalls/CG_REMOVECOMMAND.rs	single-file assignment; preserve Raven comments; add args/output source locations
src/boundary/mp/cgame/syscalls/CG_RE_INIT_RENDERER_TERRAIN.rs	MP cgame	call	module_to_engine	syscall	CG_RE_INIT_RENDERER_TERRAIN	port_args_output	oracle/oracle/codemp/cgame/cg_public.h	oracle/oracle/codemp/cgame/cg_syscalls.c; oracle/oracle/codemp/cgame/cg_local.h; oracle/oracle/codemp/client/cl_cgame.cpp	src/boundary/mp/cgame/syscalls/CG_RE_INIT_RENDERER_TERRAIN.rs	single-file assignment; preserve Raven comments; add args/output source locations
src/boundary/mp/cgame/syscalls/CG_RMG_INIT.rs	MP cgame	call	module_to_engine	syscall	CG_RMG_INIT	port_args_output	oracle/oracle/codemp/cgame/cg_public.h	oracle/oracle/codemp/cgame/cg_syscalls.c; oracle/oracle/codemp/cgame/cg_local.h; oracle/oracle/codemp/client/cl_cgame.cpp	src/boundary/mp/cgame/syscalls/CG_RMG_INIT.rs	single-file assignment; preserve Raven comments; add args/output source locations
src/boundary/mp/cgame/syscalls/CG_ROFF_CACHE.rs	MP cgame	call	module_to_engine	syscall	CG_ROFF_CACHE	port_args_output	oracle/oracle/codemp/cgame/cg_public.h	oracle/oracle/codemp/cgame/cg_syscalls.c; oracle/oracle/codemp/cgame/cg_local.h; oracle/oracle/codemp/client/cl_cgame.cpp	src/boundary/mp/cgame/syscalls/CG_ROFF_CACHE.rs	single-file assignment; preserve Raven comments; add args/output source locations
src/boundary/mp/cgame/syscalls/CG_ROFF_CLEAN.rs	MP cgame	call	module_to_engine	syscall	CG_ROFF_CLEAN	port_args_output	oracle/oracle/codemp/cgame/cg_public.h	oracle/oracle/codemp/cgame/cg_syscalls.c; oracle/oracle/codemp/cgame/cg_local.h; oracle/oracle/codemp/client/cl_cgame.cpp	src/boundary/mp/cgame/syscalls/CG_ROFF_CLEAN.rs	single-file assignment; preserve Raven comments; add args/output source locations
src/boundary/mp/cgame/syscalls/CG_ROFF_PLAY.rs	MP cgame	call	module_to_engine	syscall	CG_ROFF_PLAY	port_args_output	oracle/oracle/codemp/cgame/cg_public.h	oracle/oracle/codemp/cgame/cg_syscalls.c; oracle/oracle/codemp/cgame/cg_local.h; oracle/oracle/codemp/client/cl_cgame.cpp	src/boundary/mp/cgame/syscalls/CG_ROFF_PLAY.rs	single-file assignment; preserve Raven comments; add args/output source locations
src/boundary/mp/cgame/syscalls/CG_ROFF_PURGE_ENT.rs	MP cgame	call	module_to_engine	syscall	CG_ROFF_PURGE_ENT	port_args_output	oracle/oracle/codemp/cgame/cg_public.h	oracle/oracle/codemp/cgame/cg_syscalls.c; oracle/oracle/codemp/cgame/cg_local.h; oracle/oracle/codemp/client/cl_cgame.cpp	src/boundary/mp/cgame/syscalls/CG_ROFF_PURGE_ENT.rs	single-file assignment; preserve Raven comments; add args/output source locations
src/boundary/mp/cgame/syscalls/CG_ROFF_UPDATE_ENTITIES.rs	MP cgame	call	module_to_engine	syscall	CG_ROFF_UPDATE_ENTITIES	port_args_output	oracle/oracle/codemp/cgame/cg_public.h	oracle/oracle/codemp/cgame/cg_syscalls.c; oracle/oracle/codemp/cgame/cg_local.h; oracle/oracle/codemp/client/cl_cgame.cpp	src/boundary/mp/cgame/syscalls/CG_ROFF_UPDATE_ENTITIES.rs	single-file assignment; preserve Raven comments; add args/output source locations
src/boundary/mp/cgame/syscalls/CG_R_ADDADDITIVELIGHTTOSCENE.rs	MP cgame	call	module_to_engine	syscall	CG_R_ADDADDITIVELIGHTTOSCENE	port_args_output	oracle/oracle/codemp/cgame/cg_public.h	oracle/oracle/codemp/cgame/cg_syscalls.c; oracle/oracle/codemp/cgame/cg_local.h; oracle/oracle/codemp/client/cl_cgame.cpp	src/boundary/mp/cgame/syscalls/CG_R_ADDADDITIVELIGHTTOSCENE.rs	single-file assignment; preserve Raven comments; add args/output source locations
src/boundary/mp/cgame/syscalls/CG_R_ADDDECALTOSCENE.rs	MP cgame	call	module_to_engine	syscall	CG_R_ADDDECALTOSCENE	port_args_output	oracle/oracle/codemp/cgame/cg_public.h	oracle/oracle/codemp/cgame/cg_syscalls.c; oracle/oracle/codemp/cgame/cg_local.h; oracle/oracle/codemp/client/cl_cgame.cpp	src/boundary/mp/cgame/syscalls/CG_R_ADDDECALTOSCENE.rs	single-file assignment; preserve Raven comments; add args/output source locations
src/boundary/mp/cgame/syscalls/CG_R_ADDLIGHTTOSCENE.rs	MP cgame	call	module_to_engine	syscall	CG_R_ADDLIGHTTOSCENE	port_args_output	oracle/oracle/codemp/cgame/cg_public.h	oracle/oracle/codemp/cgame/cg_syscalls.c; oracle/oracle/codemp/cgame/cg_local.h; oracle/oracle/codemp/client/cl_cgame.cpp	src/boundary/mp/cgame/syscalls/CG_R_ADDLIGHTTOSCENE.rs	single-file assignment; preserve Raven comments; add args/output source locations
src/boundary/mp/cgame/syscalls/CG_R_ADDPOLYSTOSCENE.rs	MP cgame	call	module_to_engine	syscall	CG_R_ADDPOLYSTOSCENE	port_args_output	oracle/oracle/codemp/cgame/cg_public.h	oracle/oracle/codemp/cgame/cg_syscalls.c; oracle/oracle/codemp/cgame/cg_local.h; oracle/oracle/codemp/client/cl_cgame.cpp	src/boundary/mp/cgame/syscalls/CG_R_ADDPOLYSTOSCENE.rs	single-file assignment; preserve Raven comments; add args/output source locations
src/boundary/mp/cgame/syscalls/CG_R_ADDPOLYTOSCENE.rs	MP cgame	call	module_to_engine	syscall	CG_R_ADDPOLYTOSCENE	port_args_output	oracle/oracle/codemp/cgame/cg_public.h	oracle/oracle/codemp/cgame/cg_syscalls.c; oracle/oracle/codemp/cgame/cg_local.h; oracle/oracle/codemp/client/cl_cgame.cpp	src/boundary/mp/cgame/syscalls/CG_R_ADDPOLYTOSCENE.rs	single-file assignment; preserve Raven comments; add args/output source locations
src/boundary/mp/cgame/syscalls/CG_R_ADDREFENTITYTOSCENE.rs	MP cgame	call	module_to_engine	syscall	CG_R_ADDREFENTITYTOSCENE	port_args_output	oracle/oracle/codemp/cgame/cg_public.h	oracle/oracle/codemp/cgame/cg_syscalls.c; oracle/oracle/codemp/cgame/cg_local.h; oracle/oracle/codemp/client/cl_cgame.cpp	src/boundary/mp/cgame/syscalls/CG_R_ADDREFENTITYTOSCENE.rs	single-file assignment; preserve Raven comments; add args/output source locations
src/boundary/mp/cgame/syscalls/CG_R_AUTOMAPELEVADJ.rs	MP cgame	call	module_to_engine	syscall	CG_R_AUTOMAPELEVADJ	port_args_output	oracle/oracle/codemp/cgame/cg_public.h	oracle/oracle/codemp/cgame/cg_syscalls.c; oracle/oracle/codemp/cgame/cg_local.h; oracle/oracle/codemp/client/cl_cgame.cpp	src/boundary/mp/cgame/syscalls/CG_R_AUTOMAPELEVADJ.rs	single-file assignment; preserve Raven comments; add args/output source locations
src/boundary/mp/cgame/syscalls/CG_R_CLEARDECALS.rs	MP cgame	call	module_to_engine	syscall	CG_R_CLEARDECALS	port_args_output	oracle/oracle/codemp/cgame/cg_public.h	oracle/oracle/codemp/cgame/cg_syscalls.c; oracle/oracle/codemp/cgame/cg_local.h; oracle/oracle/codemp/client/cl_cgame.cpp	src/boundary/mp/cgame/syscalls/CG_R_CLEARDECALS.rs	single-file assignment; preserve Raven comments; add args/output source locations
src/boundary/mp/cgame/syscalls/CG_R_CLEARSCENE.rs	MP cgame	call	module_to_engine	syscall	CG_R_CLEARSCENE	port_args_output	oracle/oracle/codemp/cgame/cg_public.h	oracle/oracle/codemp/cgame/cg_syscalls.c; oracle/oracle/codemp/cgame/cg_local.h; oracle/oracle/codemp/client/cl_cgame.cpp	src/boundary/mp/cgame/syscalls/CG_R_CLEARSCENE.rs	single-file assignment; preserve Raven comments; add args/output source locations
src/boundary/mp/cgame/syscalls/CG_R_DRAWROTATEPIC.rs	MP cgame	call	module_to_engine	syscall	CG_R_DRAWROTATEPIC	port_args_output	oracle/oracle/codemp/cgame/cg_public.h	oracle/oracle/codemp/cgame/cg_syscalls.c; oracle/oracle/codemp/cgame/cg_local.h; oracle/oracle/codemp/client/cl_cgame.cpp	src/boundary/mp/cgame/syscalls/CG_R_DRAWROTATEPIC.rs	single-file assignment; preserve Raven comments; add args/output source locations
src/boundary/mp/cgame/syscalls/CG_R_DRAWROTATEPIC2.rs	MP cgame	call	module_to_engine	syscall	CG_R_DRAWROTATEPIC2	port_args_output	oracle/oracle/codemp/cgame/cg_public.h	oracle/oracle/codemp/cgame/cg_syscalls.c; oracle/oracle/codemp/cgame/cg_local.h; oracle/oracle/codemp/client/cl_cgame.cpp	src/boundary/mp/cgame/syscalls/CG_R_DRAWROTATEPIC2.rs	single-file assignment; preserve Raven comments; add args/output source locations
src/boundary/mp/cgame/syscalls/CG_R_DRAWSTRETCHPIC.rs	MP cgame	call	module_to_engine	syscall	CG_R_DRAWSTRETCHPIC	port_args_output	oracle/oracle/codemp/cgame/cg_public.h	oracle/oracle/codemp/cgame/cg_syscalls.c; oracle/oracle/codemp/cgame/cg_local.h; oracle/oracle/codemp/client/cl_cgame.cpp	src/boundary/mp/cgame/syscalls/CG_R_DRAWSTRETCHPIC.rs	single-file assignment; preserve Raven comments; add args/output source locations
src/boundary/mp/cgame/syscalls/CG_R_FONT_DRAWSTRING.rs	MP cgame	call	module_to_engine	syscall	CG_R_FONT_DRAWSTRING	port_args_output	oracle/oracle/codemp/cgame/cg_public.h	oracle/oracle/codemp/cgame/cg_syscalls.c; oracle/oracle/codemp/cgame/cg_local.h; oracle/oracle/codemp/client/cl_cgame.cpp	src/boundary/mp/cgame/syscalls/CG_R_FONT_DRAWSTRING.rs	single-file assignment; preserve Raven comments; add args/output source locations
src/boundary/mp/cgame/syscalls/CG_R_FONT_STRHEIGHTPIXELS.rs	MP cgame	call	module_to_engine	syscall	CG_R_FONT_STRHEIGHTPIXELS	port_args_output	oracle/oracle/codemp/cgame/cg_public.h	oracle/oracle/codemp/cgame/cg_syscalls.c; oracle/oracle/codemp/cgame/cg_local.h; oracle/oracle/codemp/client/cl_cgame.cpp	src/boundary/mp/cgame/syscalls/CG_R_FONT_STRHEIGHTPIXELS.rs	single-file assignment; preserve Raven comments; add args/output source locations
src/boundary/mp/cgame/syscalls/CG_R_FONT_STRLENCHARS.rs	MP cgame	call	module_to_engine	syscall	CG_R_FONT_STRLENCHARS	port_args_output	oracle/oracle/codemp/cgame/cg_public.h	oracle/oracle/codemp/cgame/cg_syscalls.c; oracle/oracle/codemp/cgame/cg_local.h; oracle/oracle/codemp/client/cl_cgame.cpp	src/boundary/mp/cgame/syscalls/CG_R_FONT_STRLENCHARS.rs	single-file assignment; preserve Raven comments; add args/output source locations
src/boundary/mp/cgame/syscalls/CG_R_FONT_STRLENPIXELS.rs	MP cgame	call	module_to_engine	syscall	CG_R_FONT_STRLENPIXELS	port_args_output	oracle/oracle/codemp/cgame/cg_public.h	oracle/oracle/codemp/cgame/cg_syscalls.c; oracle/oracle/codemp/cgame/cg_local.h; oracle/oracle/codemp/client/cl_cgame.cpp	src/boundary/mp/cgame/syscalls/CG_R_FONT_STRLENPIXELS.rs	single-file assignment; preserve Raven comments; add args/output source locations
src/boundary/mp/cgame/syscalls/CG_R_GETDISTANCECULL.rs	MP cgame	call	module_to_engine	syscall	CG_R_GETDISTANCECULL	port_args_output	oracle/oracle/codemp/cgame/cg_public.h	oracle/oracle/codemp/cgame/cg_syscalls.c; oracle/oracle/codemp/cgame/cg_local.h; oracle/oracle/codemp/client/cl_cgame.cpp	src/boundary/mp/cgame/syscalls/CG_R_GETDISTANCECULL.rs	single-file assignment; preserve Raven comments; add args/output source locations
src/boundary/mp/cgame/syscalls/CG_R_GETREALRES.rs	MP cgame	call	module_to_engine	syscall	CG_R_GETREALRES	port_args_output	oracle/oracle/codemp/cgame/cg_public.h	oracle/oracle/codemp/cgame/cg_syscalls.c; oracle/oracle/codemp/cgame/cg_local.h; oracle/oracle/codemp/client/cl_cgame.cpp	src/boundary/mp/cgame/syscalls/CG_R_GETREALRES.rs	single-file assignment; preserve Raven comments; add args/output source locations
src/boundary/mp/cgame/syscalls/CG_R_GET_BMODEL_VERTS.rs	MP cgame	call	module_to_engine	syscall	CG_R_GET_BMODEL_VERTS	port_args_output	oracle/oracle/codemp/cgame/cg_public.h	oracle/oracle/codemp/cgame/cg_syscalls.c; oracle/oracle/codemp/cgame/cg_local.h; oracle/oracle/codemp/client/cl_cgame.cpp	src/boundary/mp/cgame/syscalls/CG_R_GET_BMODEL_VERTS.rs	single-file assignment; preserve Raven comments; add args/output source locations
src/boundary/mp/cgame/syscalls/CG_R_GET_LIGHT_STYLE.rs	MP cgame	call	module_to_engine	syscall	CG_R_GET_LIGHT_STYLE	port_args_output	oracle/oracle/codemp/cgame/cg_public.h	oracle/oracle/codemp/cgame/cg_syscalls.c; oracle/oracle/codemp/cgame/cg_local.h; oracle/oracle/codemp/client/cl_cgame.cpp	src/boundary/mp/cgame/syscalls/CG_R_GET_LIGHT_STYLE.rs	single-file assignment; preserve Raven comments; add args/output source locations
src/boundary/mp/cgame/syscalls/CG_R_INITWIREFRAMEAUTO.rs	MP cgame	call	module_to_engine	syscall	CG_R_INITWIREFRAMEAUTO	port_args_output	oracle/oracle/codemp/cgame/cg_public.h	oracle/oracle/codemp/cgame/cg_syscalls.c; oracle/oracle/codemp/cgame/cg_local.h; oracle/oracle/codemp/client/cl_cgame.cpp	src/boundary/mp/cgame/syscalls/CG_R_INITWIREFRAMEAUTO.rs	single-file assignment; preserve Raven comments; add args/output source locations
src/boundary/mp/cgame/syscalls/CG_R_INPVS.rs	MP cgame	call	module_to_engine	syscall	CG_R_INPVS	port_args_output	oracle/oracle/codemp/cgame/cg_public.h	oracle/oracle/codemp/cgame/cg_syscalls.c; oracle/oracle/codemp/cgame/cg_local.h; oracle/oracle/codemp/client/cl_cgame.cpp	src/boundary/mp/cgame/syscalls/CG_R_INPVS.rs	single-file assignment; preserve Raven comments; add args/output source locations
src/boundary/mp/cgame/syscalls/CG_R_LERPTAG.rs	MP cgame	call	module_to_engine	syscall	CG_R_LERPTAG	port_args_output	oracle/oracle/codemp/cgame/cg_public.h	oracle/oracle/codemp/cgame/cg_syscalls.c; oracle/oracle/codemp/cgame/cg_local.h; oracle/oracle/codemp/client/cl_cgame.cpp	src/boundary/mp/cgame/syscalls/CG_R_LERPTAG.rs	single-file assignment; preserve Raven comments; add args/output source locations
src/boundary/mp/cgame/syscalls/CG_R_LIGHTFORPOINT.rs	MP cgame	call	module_to_engine	syscall	CG_R_LIGHTFORPOINT	port_args_output	oracle/oracle/codemp/cgame/cg_public.h	oracle/oracle/codemp/cgame/cg_syscalls.c; oracle/oracle/codemp/cgame/cg_local.h; oracle/oracle/codemp/client/cl_cgame.cpp	src/boundary/mp/cgame/syscalls/CG_R_LIGHTFORPOINT.rs	single-file assignment; preserve Raven comments; add args/output source locations
src/boundary/mp/cgame/syscalls/CG_R_LOADWORLDMAP.rs	MP cgame	call	module_to_engine	syscall	CG_R_LOADWORLDMAP	port_args_output	oracle/oracle/codemp/cgame/cg_public.h	oracle/oracle/codemp/cgame/cg_syscalls.c; oracle/oracle/codemp/cgame/cg_local.h; oracle/oracle/codemp/client/cl_cgame.cpp	src/boundary/mp/cgame/syscalls/CG_R_LOADWORLDMAP.rs	single-file assignment; preserve Raven comments; add args/output source locations
src/boundary/mp/cgame/syscalls/CG_R_MODELBOUNDS.rs	MP cgame	call	module_to_engine	syscall	CG_R_MODELBOUNDS	port_args_output	oracle/oracle/codemp/cgame/cg_public.h	oracle/oracle/codemp/cgame/cg_syscalls.c; oracle/oracle/codemp/cgame/cg_local.h; oracle/oracle/codemp/client/cl_cgame.cpp	src/boundary/mp/cgame/syscalls/CG_R_MODELBOUNDS.rs	single-file assignment; preserve Raven comments; add args/output source locations
src/boundary/mp/cgame/syscalls/CG_R_REGISTERFONT.rs	MP cgame	call	module_to_engine	syscall	CG_R_REGISTERFONT	port_args_output	oracle/oracle/codemp/cgame/cg_public.h	oracle/oracle/codemp/cgame/cg_syscalls.c; oracle/oracle/codemp/cgame/cg_local.h; oracle/oracle/codemp/client/cl_cgame.cpp	src/boundary/mp/cgame/syscalls/CG_R_REGISTERFONT.rs	single-file assignment; preserve Raven comments; add args/output source locations
src/boundary/mp/cgame/syscalls/CG_R_REGISTERMODEL.rs	MP cgame	call	module_to_engine	syscall	CG_R_REGISTERMODEL	port_args_output	oracle/oracle/codemp/cgame/cg_public.h	oracle/oracle/codemp/cgame/cg_syscalls.c; oracle/oracle/codemp/cgame/cg_local.h; oracle/oracle/codemp/client/cl_cgame.cpp	src/boundary/mp/cgame/syscalls/CG_R_REGISTERMODEL.rs	single-file assignment; preserve Raven comments; add args/output source locations
src/boundary/mp/cgame/syscalls/CG_R_REGISTERSHADER.rs	MP cgame	call	module_to_engine	syscall	CG_R_REGISTERSHADER	port_args_output	oracle/oracle/codemp/cgame/cg_public.h	oracle/oracle/codemp/cgame/cg_syscalls.c; oracle/oracle/codemp/cgame/cg_local.h; oracle/oracle/codemp/client/cl_cgame.cpp	src/boundary/mp/cgame/syscalls/CG_R_REGISTERSHADER.rs	single-file assignment; preserve Raven comments; add args/output source locations
src/boundary/mp/cgame/syscalls/CG_R_REGISTERSHADERNOMIP.rs	MP cgame	call	module_to_engine	syscall	CG_R_REGISTERSHADERNOMIP	port_args_output	oracle/oracle/codemp/cgame/cg_public.h	oracle/oracle/codemp/cgame/cg_syscalls.c; oracle/oracle/codemp/cgame/cg_local.h; oracle/oracle/codemp/client/cl_cgame.cpp	src/boundary/mp/cgame/syscalls/CG_R_REGISTERSHADERNOMIP.rs	single-file assignment; preserve Raven comments; add args/output source locations
src/boundary/mp/cgame/syscalls/CG_R_REGISTERSKIN.rs	MP cgame	call	module_to_engine	syscall	CG_R_REGISTERSKIN	port_args_output	oracle/oracle/codemp/cgame/cg_public.h	oracle/oracle/codemp/cgame/cg_syscalls.c; oracle/oracle/codemp/cgame/cg_local.h; oracle/oracle/codemp/client/cl_cgame.cpp	src/boundary/mp/cgame/syscalls/CG_R_REGISTERSKIN.rs	single-file assignment; preserve Raven comments; add args/output source locations
src/boundary/mp/cgame/syscalls/CG_R_REMAP_SHADER.rs	MP cgame	call	module_to_engine	syscall	CG_R_REMAP_SHADER	port_args_output	oracle/oracle/codemp/cgame/cg_public.h	oracle/oracle/codemp/cgame/cg_syscalls.c; oracle/oracle/codemp/cgame/cg_local.h; oracle/oracle/codemp/client/cl_cgame.cpp	src/boundary/mp/cgame/syscalls/CG_R_REMAP_SHADER.rs	single-file assignment; preserve Raven comments; add args/output source locations
src/boundary/mp/cgame/syscalls/CG_R_RENDERSCENE.rs	MP cgame	call	module_to_engine	syscall	CG_R_RENDERSCENE	port_args_output	oracle/oracle/codemp/cgame/cg_public.h	oracle/oracle/codemp/cgame/cg_syscalls.c; oracle/oracle/codemp/cgame/cg_local.h; oracle/oracle/codemp/client/cl_cgame.cpp	src/boundary/mp/cgame/syscalls/CG_R_RENDERSCENE.rs	single-file assignment; preserve Raven comments; add args/output source locations
src/boundary/mp/cgame/syscalls/CG_R_SETCOLOR.rs	MP cgame	call	module_to_engine	syscall	CG_R_SETCOLOR	port_args_output	oracle/oracle/codemp/cgame/cg_public.h	oracle/oracle/codemp/cgame/cg_syscalls.c; oracle/oracle/codemp/cgame/cg_local.h; oracle/oracle/codemp/client/cl_cgame.cpp	src/boundary/mp/cgame/syscalls/CG_R_SETCOLOR.rs	single-file assignment; preserve Raven comments; add args/output source locations
src/boundary/mp/cgame/syscalls/CG_R_SETRANGEFOG.rs	MP cgame	call	module_to_engine	syscall	CG_R_SETRANGEFOG	port_args_output	oracle/oracle/codemp/cgame/cg_public.h	oracle/oracle/codemp/cgame/cg_syscalls.c; oracle/oracle/codemp/cgame/cg_local.h; oracle/oracle/codemp/client/cl_cgame.cpp	src/boundary/mp/cgame/syscalls/CG_R_SETRANGEFOG.rs	single-file assignment; preserve Raven comments; add args/output source locations
src/boundary/mp/cgame/syscalls/CG_R_SETREFRACTIONPROP.rs	MP cgame	call	module_to_engine	syscall	CG_R_SETREFRACTIONPROP	port_args_output	oracle/oracle/codemp/cgame/cg_public.h	oracle/oracle/codemp/cgame/cg_syscalls.c; oracle/oracle/codemp/cgame/cg_local.h; oracle/oracle/codemp/client/cl_cgame.cpp	src/boundary/mp/cgame/syscalls/CG_R_SETREFRACTIONPROP.rs	single-file assignment; preserve Raven comments; add args/output source locations
src/boundary/mp/cgame/syscalls/CG_R_SET_LIGHT_STYLE.rs	MP cgame	call	module_to_engine	syscall	CG_R_SET_LIGHT_STYLE	port_args_output	oracle/oracle/codemp/cgame/cg_public.h	oracle/oracle/codemp/cgame/cg_syscalls.c; oracle/oracle/codemp/cgame/cg_local.h; oracle/oracle/codemp/client/cl_cgame.cpp	src/boundary/mp/cgame/syscalls/CG_R_SET_LIGHT_STYLE.rs	single-file assignment; preserve Raven comments; add args/output source locations
src/boundary/mp/cgame/syscalls/CG_R_WEATHER_CONTENTS_OVERRIDE.rs	MP cgame	call	module_to_engine	syscall	CG_R_WEATHER_CONTENTS_OVERRIDE	port_args_output	oracle/oracle/codemp/cgame/cg_public.h	oracle/oracle/codemp/cgame/cg_syscalls.c; oracle/oracle/codemp/cgame/cg_local.h; oracle/oracle/codemp/client/cl_cgame.cpp	src/boundary/mp/cgame/syscalls/CG_R_WEATHER_CONTENTS_OVERRIDE.rs	single-file assignment; preserve Raven comments; add args/output source locations
src/boundary/mp/cgame/syscalls/CG_R_WORLDEFFECTCOMMAND.rs	MP cgame	call	module_to_engine	syscall	CG_R_WORLDEFFECTCOMMAND	port_args_output	oracle/oracle/codemp/cgame/cg_public.h	oracle/oracle/codemp/cgame/cg_syscalls.c; oracle/oracle/codemp/cgame/cg_local.h; oracle/oracle/codemp/client/cl_cgame.cpp	src/boundary/mp/cgame/syscalls/CG_R_WORLDEFFECTCOMMAND.rs	single-file assignment; preserve Raven comments; add args/output source locations
src/boundary/mp/cgame/syscalls/CG_SENDCLIENTCOMMAND.rs	MP cgame	call	module_to_engine	syscall	CG_SENDCLIENTCOMMAND	port_args_output	oracle/oracle/codemp/cgame/cg_public.h	oracle/oracle/codemp/cgame/cg_syscalls.c; oracle/oracle/codemp/cgame/cg_local.h; oracle/oracle/codemp/client/cl_cgame.cpp	src/boundary/mp/cgame/syscalls/CG_SENDCLIENTCOMMAND.rs	single-file assignment; preserve Raven comments; add args/output source locations
src/boundary/mp/cgame/syscalls/CG_SENDCONSOLECOMMAND.rs	MP cgame	call	module_to_engine	syscall	CG_SENDCONSOLECOMMAND	port_args_output	oracle/oracle/codemp/cgame/cg_public.h	oracle/oracle/codemp/cgame/cg_syscalls.c; oracle/oracle/codemp/cgame/cg_local.h; oracle/oracle/codemp/client/cl_cgame.cpp	src/boundary/mp/cgame/syscalls/CG_SENDCONSOLECOMMAND.rs	single-file assignment; preserve Raven comments; add args/output source locations
src/boundary/mp/cgame/syscalls/CG_SETCLIENTFORCEANGLE.rs	MP cgame	call	module_to_engine	syscall	CG_SETCLIENTFORCEANGLE	port_args_output	oracle/oracle/codemp/cgame/cg_public.h	oracle/oracle/codemp/cgame/cg_syscalls.c; oracle/oracle/codemp/cgame/cg_local.h; oracle/oracle/codemp/client/cl_cgame.cpp	src/boundary/mp/cgame/syscalls/CG_SETCLIENTFORCEANGLE.rs	single-file assignment; preserve Raven comments; add args/output source locations
src/boundary/mp/cgame/syscalls/CG_SETCLIENTTURNEXTENT.rs	MP cgame	call	module_to_engine	syscall	CG_SETCLIENTTURNEXTENT	port_args_output	oracle/oracle/codemp/cgame/cg_public.h	oracle/oracle/codemp/cgame/cg_syscalls.c; oracle/oracle/codemp/cgame/cg_local.h; oracle/oracle/codemp/client/cl_cgame.cpp	src/boundary/mp/cgame/syscalls/CG_SETCLIENTTURNEXTENT.rs	single-file assignment; preserve Raven comments; add args/output source locations
src/boundary/mp/cgame/syscalls/CG_SETUSERCMDVALUE.rs	MP cgame	call	module_to_engine	syscall	CG_SETUSERCMDVALUE	port_args_output	oracle/oracle/codemp/cgame/cg_public.h	oracle/oracle/codemp/cgame/cg_syscalls.c; oracle/oracle/codemp/cgame/cg_local.h; oracle/oracle/codemp/client/cl_cgame.cpp	src/boundary/mp/cgame/syscalls/CG_SETUSERCMDVALUE.rs	single-file assignment; preserve Raven comments; add args/output source locations
src/boundary/mp/cgame/syscalls/CG_SET_SHARED_BUFFER.rs	MP cgame	call	module_to_engine	syscall	CG_SET_SHARED_BUFFER	port_args_output	oracle/oracle/codemp/cgame/cg_public.h	oracle/oracle/codemp/cgame/cg_syscalls.c; oracle/oracle/codemp/cgame/cg_local.h; oracle/oracle/codemp/client/cl_cgame.cpp	src/boundary/mp/cgame/syscalls/CG_SET_SHARED_BUFFER.rs	single-file assignment; preserve Raven comments; add args/output source locations
src/boundary/mp/cgame/syscalls/CG_SNAPVECTOR.rs	MP cgame	call	module_to_engine	syscall	CG_SNAPVECTOR	port_args_output	oracle/oracle/codemp/cgame/cg_public.h	oracle/oracle/codemp/cgame/cg_syscalls.c; oracle/oracle/codemp/cgame/cg_local.h; oracle/oracle/codemp/client/cl_cgame.cpp	src/boundary/mp/cgame/syscalls/CG_SNAPVECTOR.rs	single-file assignment; preserve Raven comments; add args/output source locations
src/boundary/mp/cgame/syscalls/CG_SP_GETSTRINGTEXTSTRING.rs	MP cgame	call	module_to_engine	syscall	CG_SP_GETSTRINGTEXTSTRING	port_args_output	oracle/oracle/codemp/cgame/cg_public.h	oracle/oracle/codemp/cgame/cg_syscalls.c; oracle/oracle/codemp/cgame/cg_local.h; oracle/oracle/codemp/client/cl_cgame.cpp	src/boundary/mp/cgame/syscalls/CG_SP_GETSTRINGTEXTSTRING.rs	single-file assignment; preserve Raven comments; add args/output source locations
src/boundary/mp/cgame/syscalls/CG_S_ADDLOCALSET.rs	MP cgame	call	module_to_engine	syscall	CG_S_ADDLOCALSET	port_args_output	oracle/oracle/codemp/cgame/cg_public.h	oracle/oracle/codemp/cgame/cg_syscalls.c; oracle/oracle/codemp/cgame/cg_local.h; oracle/oracle/codemp/client/cl_cgame.cpp	src/boundary/mp/cgame/syscalls/CG_S_ADDLOCALSET.rs	single-file assignment; preserve Raven comments; add args/output source locations
src/boundary/mp/cgame/syscalls/CG_S_ADDLOOPINGSOUND.rs	MP cgame	call	module_to_engine	syscall	CG_S_ADDLOOPINGSOUND	port_args_output	oracle/oracle/codemp/cgame/cg_public.h	oracle/oracle/codemp/cgame/cg_syscalls.c; oracle/oracle/codemp/cgame/cg_local.h; oracle/oracle/codemp/client/cl_cgame.cpp	src/boundary/mp/cgame/syscalls/CG_S_ADDLOOPINGSOUND.rs	single-file assignment; preserve Raven comments; add args/output source locations
src/boundary/mp/cgame/syscalls/CG_S_ADDREALLOOPINGSOUND.rs	MP cgame	call	module_to_engine	syscall	CG_S_ADDREALLOOPINGSOUND	port_args_output	oracle/oracle/codemp/cgame/cg_public.h	oracle/oracle/codemp/cgame/cg_syscalls.c; oracle/oracle/codemp/cgame/cg_local.h; oracle/oracle/codemp/client/cl_cgame.cpp	src/boundary/mp/cgame/syscalls/CG_S_ADDREALLOOPINGSOUND.rs	single-file assignment; preserve Raven comments; add args/output source locations
src/boundary/mp/cgame/syscalls/CG_S_CLEARLOOPINGSOUNDS.rs	MP cgame	call	module_to_engine	syscall	CG_S_CLEARLOOPINGSOUNDS	port_args_output	oracle/oracle/codemp/cgame/cg_public.h	oracle/oracle/codemp/cgame/cg_syscalls.c; oracle/oracle/codemp/cgame/cg_local.h; oracle/oracle/codemp/client/cl_cgame.cpp	src/boundary/mp/cgame/syscalls/CG_S_CLEARLOOPINGSOUNDS.rs	single-file assignment; preserve Raven comments; add args/output source locations
src/boundary/mp/cgame/syscalls/CG_S_GETVOICEVOLUME.rs	MP cgame	call	module_to_engine	syscall	CG_S_GETVOICEVOLUME	port_args_output	oracle/oracle/codemp/cgame/cg_public.h	oracle/oracle/codemp/cgame/cg_syscalls.c; oracle/oracle/codemp/cgame/cg_local.h; oracle/oracle/codemp/client/cl_cgame.cpp	src/boundary/mp/cgame/syscalls/CG_S_GETVOICEVOLUME.rs	single-file assignment; preserve Raven comments; add args/output source locations
src/boundary/mp/cgame/syscalls/CG_S_MUTESOUND.rs	MP cgame	call	module_to_engine	syscall	CG_S_MUTESOUND	port_args_output	oracle/oracle/codemp/cgame/cg_public.h	oracle/oracle/codemp/cgame/cg_syscalls.c; oracle/oracle/codemp/cgame/cg_local.h; oracle/oracle/codemp/client/cl_cgame.cpp	src/boundary/mp/cgame/syscalls/CG_S_MUTESOUND.rs	single-file assignment; preserve Raven comments; add args/output source locations
src/boundary/mp/cgame/syscalls/CG_S_REGISTERSOUND.rs	MP cgame	call	module_to_engine	syscall	CG_S_REGISTERSOUND	port_args_output	oracle/oracle/codemp/cgame/cg_public.h	oracle/oracle/codemp/cgame/cg_syscalls.c; oracle/oracle/codemp/cgame/cg_local.h; oracle/oracle/codemp/client/cl_cgame.cpp	src/boundary/mp/cgame/syscalls/CG_S_REGISTERSOUND.rs	single-file assignment; preserve Raven comments; add args/output source locations
src/boundary/mp/cgame/syscalls/CG_S_RESPATIALIZE.rs	MP cgame	call	module_to_engine	syscall	CG_S_RESPATIALIZE	port_args_output	oracle/oracle/codemp/cgame/cg_public.h	oracle/oracle/codemp/cgame/cg_syscalls.c; oracle/oracle/codemp/cgame/cg_local.h; oracle/oracle/codemp/client/cl_cgame.cpp	src/boundary/mp/cgame/syscalls/CG_S_RESPATIALIZE.rs	single-file assignment; preserve Raven comments; add args/output source locations
src/boundary/mp/cgame/syscalls/CG_S_SHUTUP.rs	MP cgame	call	module_to_engine	syscall	CG_S_SHUTUP	port_args_output	oracle/oracle/codemp/cgame/cg_public.h	oracle/oracle/codemp/cgame/cg_syscalls.c; oracle/oracle/codemp/cgame/cg_local.h; oracle/oracle/codemp/client/cl_cgame.cpp	src/boundary/mp/cgame/syscalls/CG_S_SHUTUP.rs	single-file assignment; preserve Raven comments; add args/output source locations
src/boundary/mp/cgame/syscalls/CG_S_STARTBACKGROUNDTRACK.rs	MP cgame	call	module_to_engine	syscall	CG_S_STARTBACKGROUNDTRACK	port_args_output	oracle/oracle/codemp/cgame/cg_public.h	oracle/oracle/codemp/cgame/cg_syscalls.c; oracle/oracle/codemp/cgame/cg_local.h; oracle/oracle/codemp/client/cl_cgame.cpp	src/boundary/mp/cgame/syscalls/CG_S_STARTBACKGROUNDTRACK.rs	single-file assignment; preserve Raven comments; add args/output source locations
src/boundary/mp/cgame/syscalls/CG_S_STARTLOCALSOUND.rs	MP cgame	call	module_to_engine	syscall	CG_S_STARTLOCALSOUND	port_args_output	oracle/oracle/codemp/cgame/cg_public.h	oracle/oracle/codemp/cgame/cg_syscalls.c; oracle/oracle/codemp/cgame/cg_local.h; oracle/oracle/codemp/client/cl_cgame.cpp	src/boundary/mp/cgame/syscalls/CG_S_STARTLOCALSOUND.rs	single-file assignment; preserve Raven comments; add args/output source locations
src/boundary/mp/cgame/syscalls/CG_S_STARTSOUND.rs	MP cgame	call	module_to_engine	syscall	CG_S_STARTSOUND	port_args_output	oracle/oracle/codemp/cgame/cg_public.h	oracle/oracle/codemp/cgame/cg_syscalls.c; oracle/oracle/codemp/cgame/cg_local.h; oracle/oracle/codemp/client/cl_cgame.cpp	src/boundary/mp/cgame/syscalls/CG_S_STARTSOUND.rs	single-file assignment; preserve Raven comments; add args/output source locations
src/boundary/mp/cgame/syscalls/CG_S_STOPBACKGROUNDTRACK.rs	MP cgame	call	module_to_engine	syscall	CG_S_STOPBACKGROUNDTRACK	port_args_output	oracle/oracle/codemp/cgame/cg_public.h	oracle/oracle/codemp/cgame/cg_syscalls.c; oracle/oracle/codemp/cgame/cg_local.h; oracle/oracle/codemp/client/cl_cgame.cpp	src/boundary/mp/cgame/syscalls/CG_S_STOPBACKGROUNDTRACK.rs	single-file assignment; preserve Raven comments; add args/output source locations
src/boundary/mp/cgame/syscalls/CG_S_STOPLOOPINGSOUND.rs	MP cgame	call	module_to_engine	syscall	CG_S_STOPLOOPINGSOUND	port_args_output	oracle/oracle/codemp/cgame/cg_public.h	oracle/oracle/codemp/cgame/cg_syscalls.c; oracle/oracle/codemp/cgame/cg_local.h; oracle/oracle/codemp/client/cl_cgame.cpp	src/boundary/mp/cgame/syscalls/CG_S_STOPLOOPINGSOUND.rs	single-file assignment; preserve Raven comments; add args/output source locations
src/boundary/mp/cgame/syscalls/CG_S_UPDATEAMBIENTSET.rs	MP cgame	call	module_to_engine	syscall	CG_S_UPDATEAMBIENTSET	port_args_output	oracle/oracle/codemp/cgame/cg_public.h	oracle/oracle/codemp/cgame/cg_syscalls.c; oracle/oracle/codemp/cgame/cg_local.h; oracle/oracle/codemp/client/cl_cgame.cpp	src/boundary/mp/cgame/syscalls/CG_S_UPDATEAMBIENTSET.rs	single-file assignment; preserve Raven comments; add args/output source locations
src/boundary/mp/cgame/syscalls/CG_S_UPDATEENTITYPOSITION.rs	MP cgame	call	module_to_engine	syscall	CG_S_UPDATEENTITYPOSITION	port_args_output	oracle/oracle/codemp/cgame/cg_public.h	oracle/oracle/codemp/cgame/cg_syscalls.c; oracle/oracle/codemp/cgame/cg_local.h; oracle/oracle/codemp/client/cl_cgame.cpp	src/boundary/mp/cgame/syscalls/CG_S_UPDATEENTITYPOSITION.rs	single-file assignment; preserve Raven comments; add args/output source locations
src/boundary/mp/cgame/syscalls/CG_TESTPRINTFLOAT.rs	MP cgame	call	module_to_engine	syscall	CG_TESTPRINTFLOAT	port_args_output	oracle/oracle/codemp/cgame/cg_public.h	oracle/oracle/codemp/cgame/cg_syscalls.c; oracle/oracle/codemp/cgame/cg_local.h; oracle/oracle/codemp/client/cl_cgame.cpp	src/boundary/mp/cgame/syscalls/CG_TESTPRINTFLOAT.rs	single-file assignment; preserve Raven comments; add args/output source locations
src/boundary/mp/cgame/syscalls/CG_TESTPRINTINT.rs	MP cgame	call	module_to_engine	syscall	CG_TESTPRINTINT	port_args_output	oracle/oracle/codemp/cgame/cg_public.h	oracle/oracle/codemp/cgame/cg_syscalls.c; oracle/oracle/codemp/cgame/cg_local.h; oracle/oracle/codemp/client/cl_cgame.cpp	src/boundary/mp/cgame/syscalls/CG_TESTPRINTINT.rs	single-file assignment; preserve Raven comments; add args/output source locations
src/boundary/mp/cgame/syscalls/CG_TRUEFREE.rs	MP cgame	call	module_to_engine	syscall	CG_TRUEFREE	port_args_output	oracle/oracle/codemp/cgame/cg_public.h	oracle/oracle/codemp/cgame/cg_syscalls.c; oracle/oracle/codemp/cgame/cg_local.h; oracle/oracle/codemp/client/cl_cgame.cpp	src/boundary/mp/cgame/syscalls/CG_TRUEFREE.rs	single-file assignment; preserve Raven comments; add args/output source locations
src/boundary/mp/cgame/syscalls/CG_TRUEMALLOC.rs	MP cgame	call	module_to_engine	syscall	CG_TRUEMALLOC	port_args_output	oracle/oracle/codemp/cgame/cg_public.h	oracle/oracle/codemp/cgame/cg_syscalls.c; oracle/oracle/codemp/cgame/cg_local.h; oracle/oracle/codemp/client/cl_cgame.cpp	src/boundary/mp/cgame/syscalls/CG_TRUEMALLOC.rs	single-file assignment; preserve Raven comments; add args/output source locations
src/boundary/mp/cgame/syscalls/CG_UPDATESCREEN.rs	MP cgame	call	module_to_engine	syscall	CG_UPDATESCREEN	port_args_output	oracle/oracle/codemp/cgame/cg_public.h	oracle/oracle/codemp/cgame/cg_syscalls.c; oracle/oracle/codemp/cgame/cg_local.h; oracle/oracle/codemp/client/cl_cgame.cpp	src/boundary/mp/cgame/syscalls/CG_UPDATESCREEN.rs	single-file assignment; preserve Raven comments; add args/output source locations
src/boundary/mp/cgame/syscalls/CG_WE_ADDWEATHERZONE.rs	MP cgame	call	module_to_engine	syscall	CG_WE_ADDWEATHERZONE	port_args_output	oracle/oracle/codemp/cgame/cg_public.h	oracle/oracle/codemp/cgame/cg_syscalls.c; oracle/oracle/codemp/cgame/cg_local.h; oracle/oracle/codemp/client/cl_cgame.cpp	src/boundary/mp/cgame/syscalls/CG_WE_ADDWEATHERZONE.rs	single-file assignment; preserve Raven comments; add args/output source locations
src/boundary/mp/cgame/vmcalls/CG_AUTOMAP_INPUT.rs	MP cgame	call	engine_to_module	vmMain	CG_AUTOMAP_INPUT	port_args_output	oracle/oracle/codemp/cgame/cg_public.h	oracle/oracle/codemp/cgame/cg_main.c; oracle/oracle/codemp/client/*.cpp; oracle/oracle/codemp/qcommon/RoffSystem.cpp; oracle/oracle/codemp/ghoul2 callers	src/boundary/mp/cgame/vmcalls/CG_AUTOMAP_INPUT.rs	single-file assignment; preserve Raven comments; add args/output source locations
src/boundary/mp/cgame/vmcalls/CG_CALC_LERP_POSITIONS.rs	MP cgame	call	engine_to_module	vmMain	CG_CALC_LERP_POSITIONS	port_args_output	oracle/oracle/codemp/cgame/cg_public.h	oracle/oracle/codemp/cgame/cg_main.c; oracle/oracle/codemp/client/*.cpp; oracle/oracle/codemp/qcommon/RoffSystem.cpp; oracle/oracle/codemp/ghoul2 callers	src/boundary/mp/cgame/vmcalls/CG_CALC_LERP_POSITIONS.rs	single-file assignment; preserve Raven comments; add args/output source locations
src/boundary/mp/cgame/vmcalls/CG_CONSOLE_COMMAND.rs	MP cgame	call	engine_to_module	vmMain	CG_CONSOLE_COMMAND	port_args_output	oracle/oracle/codemp/cgame/cg_public.h	oracle/oracle/codemp/cgame/cg_main.c; oracle/oracle/codemp/client/*.cpp; oracle/oracle/codemp/qcommon/RoffSystem.cpp; oracle/oracle/codemp/ghoul2 callers	src/boundary/mp/cgame/vmcalls/CG_CONSOLE_COMMAND.rs	single-file assignment; preserve Raven comments; add args/output source locations
src/boundary/mp/cgame/vmcalls/CG_CROSSHAIR_PLAYER.rs	MP cgame	call	engine_to_module	vmMain	CG_CROSSHAIR_PLAYER	port_args_output	oracle/oracle/codemp/cgame/cg_public.h	oracle/oracle/codemp/cgame/cg_main.c; oracle/oracle/codemp/client/*.cpp; oracle/oracle/codemp/qcommon/RoffSystem.cpp; oracle/oracle/codemp/ghoul2 callers	src/boundary/mp/cgame/vmcalls/CG_CROSSHAIR_PLAYER.rs	single-file assignment; preserve Raven comments; add args/output source locations
src/boundary/mp/cgame/vmcalls/CG_DRAW_ACTIVE_FRAME.rs	MP cgame	call	engine_to_module	vmMain	CG_DRAW_ACTIVE_FRAME	port_args_output	oracle/oracle/codemp/cgame/cg_public.h	oracle/oracle/codemp/cgame/cg_main.c; oracle/oracle/codemp/client/*.cpp; oracle/oracle/codemp/qcommon/RoffSystem.cpp; oracle/oracle/codemp/ghoul2 callers	src/boundary/mp/cgame/vmcalls/CG_DRAW_ACTIVE_FRAME.rs	single-file assignment; preserve Raven comments; add args/output source locations
src/boundary/mp/cgame/vmcalls/CG_EVENT_HANDLING.rs	MP cgame	call	engine_to_module	vmMain	CG_EVENT_HANDLING	port_args_output	oracle/oracle/codemp/cgame/cg_public.h	oracle/oracle/codemp/cgame/cg_main.c; oracle/oracle/codemp/client/*.cpp; oracle/oracle/codemp/qcommon/RoffSystem.cpp; oracle/oracle/codemp/ghoul2 callers	src/boundary/mp/cgame/vmcalls/CG_EVENT_HANDLING.rs	single-file assignment; preserve Raven comments; add args/output source locations
src/boundary/mp/cgame/vmcalls/CG_FX_CAMERASHAKE.rs	MP cgame	call	engine_to_module	vmMain	CG_FX_CAMERASHAKE	port_args_output	oracle/oracle/codemp/cgame/cg_public.h	oracle/oracle/codemp/cgame/cg_main.c; oracle/oracle/codemp/client/*.cpp; oracle/oracle/codemp/qcommon/RoffSystem.cpp; oracle/oracle/codemp/ghoul2 callers	src/boundary/mp/cgame/vmcalls/CG_FX_CAMERASHAKE.rs	single-file assignment; preserve Raven comments; add args/output source locations
src/boundary/mp/cgame/vmcalls/CG_G2MARK.rs	MP cgame	call	engine_to_module	vmMain	CG_G2MARK	port_args_output	oracle/oracle/codemp/cgame/cg_public.h	oracle/oracle/codemp/cgame/cg_main.c; oracle/oracle/codemp/client/*.cpp; oracle/oracle/codemp/qcommon/RoffSystem.cpp; oracle/oracle/codemp/ghoul2 callers	src/boundary/mp/cgame/vmcalls/CG_G2MARK.rs	single-file assignment; preserve Raven comments; add args/output source locations
src/boundary/mp/cgame/vmcalls/CG_G2TRACE.rs	MP cgame	call	engine_to_module	vmMain	CG_G2TRACE	port_args_output	oracle/oracle/codemp/cgame/cg_public.h	oracle/oracle/codemp/cgame/cg_main.c; oracle/oracle/codemp/client/*.cpp; oracle/oracle/codemp/qcommon/RoffSystem.cpp; oracle/oracle/codemp/ghoul2 callers	src/boundary/mp/cgame/vmcalls/CG_G2TRACE.rs	single-file assignment; preserve Raven comments; add args/output source locations
src/boundary/mp/cgame/vmcalls/CG_GET_ANGLES.rs	MP cgame	call	engine_to_module	vmMain	CG_GET_ANGLES	port_args_output	oracle/oracle/codemp/cgame/cg_public.h	oracle/oracle/codemp/cgame/cg_main.c; oracle/oracle/codemp/client/*.cpp; oracle/oracle/codemp/qcommon/RoffSystem.cpp; oracle/oracle/codemp/ghoul2 callers	src/boundary/mp/cgame/vmcalls/CG_GET_ANGLES.rs	single-file assignment; preserve Raven comments; add args/output source locations
src/boundary/mp/cgame/vmcalls/CG_GET_ANGLE_TRAJECTORY.rs	MP cgame	call	engine_to_module	vmMain	CG_GET_ANGLE_TRAJECTORY	port_args_output	oracle/oracle/codemp/cgame/cg_public.h	oracle/oracle/codemp/cgame/cg_main.c; oracle/oracle/codemp/client/*.cpp; oracle/oracle/codemp/qcommon/RoffSystem.cpp; oracle/oracle/codemp/ghoul2 callers	src/boundary/mp/cgame/vmcalls/CG_GET_ANGLE_TRAJECTORY.rs	single-file assignment; preserve Raven comments; add args/output source locations
src/boundary/mp/cgame/vmcalls/CG_GET_GHOUL2.rs	MP cgame	call	engine_to_module	vmMain	CG_GET_GHOUL2	port_args_output	oracle/oracle/codemp/cgame/cg_public.h	oracle/oracle/codemp/cgame/cg_main.c; oracle/oracle/codemp/client/*.cpp; oracle/oracle/codemp/qcommon/RoffSystem.cpp; oracle/oracle/codemp/ghoul2 callers	src/boundary/mp/cgame/vmcalls/CG_GET_GHOUL2.rs	single-file assignment; preserve Raven comments; add args/output source locations
src/boundary/mp/cgame/vmcalls/CG_GET_LERP_DATA.rs	MP cgame	call	engine_to_module	vmMain	CG_GET_LERP_DATA	port_args_output	oracle/oracle/codemp/cgame/cg_public.h	oracle/oracle/codemp/cgame/cg_main.c; oracle/oracle/codemp/client/*.cpp; oracle/oracle/codemp/qcommon/RoffSystem.cpp; oracle/oracle/codemp/ghoul2 callers	src/boundary/mp/cgame/vmcalls/CG_GET_LERP_DATA.rs	single-file assignment; preserve Raven comments; add args/output source locations
src/boundary/mp/cgame/vmcalls/CG_GET_LERP_ORIGIN.rs	MP cgame	call	engine_to_module	vmMain	CG_GET_LERP_ORIGIN	port_args_output	oracle/oracle/codemp/cgame/cg_public.h	oracle/oracle/codemp/cgame/cg_main.c; oracle/oracle/codemp/client/*.cpp; oracle/oracle/codemp/qcommon/RoffSystem.cpp; oracle/oracle/codemp/ghoul2 callers	src/boundary/mp/cgame/vmcalls/CG_GET_LERP_ORIGIN.rs	single-file assignment; preserve Raven comments; add args/output source locations
src/boundary/mp/cgame/vmcalls/CG_GET_MODEL_LIST.rs	MP cgame	call	engine_to_module	vmMain	CG_GET_MODEL_LIST	port_args_output	oracle/oracle/codemp/cgame/cg_public.h	oracle/oracle/codemp/cgame/cg_main.c; oracle/oracle/codemp/client/*.cpp; oracle/oracle/codemp/qcommon/RoffSystem.cpp; oracle/oracle/codemp/ghoul2 callers	src/boundary/mp/cgame/vmcalls/CG_GET_MODEL_LIST.rs	single-file assignment; preserve Raven comments; add args/output source locations
src/boundary/mp/cgame/vmcalls/CG_GET_ORIGIN.rs	MP cgame	call	engine_to_module	vmMain	CG_GET_ORIGIN	port_args_output	oracle/oracle/codemp/cgame/cg_public.h	oracle/oracle/codemp/cgame/cg_main.c; oracle/oracle/codemp/client/*.cpp; oracle/oracle/codemp/qcommon/RoffSystem.cpp; oracle/oracle/codemp/ghoul2 callers	src/boundary/mp/cgame/vmcalls/CG_GET_ORIGIN.rs	single-file assignment; preserve Raven comments; add args/output source locations
src/boundary/mp/cgame/vmcalls/CG_GET_ORIGIN_TRAJECTORY.rs	MP cgame	call	engine_to_module	vmMain	CG_GET_ORIGIN_TRAJECTORY	port_args_output	oracle/oracle/codemp/cgame/cg_public.h	oracle/oracle/codemp/cgame/cg_main.c; oracle/oracle/codemp/client/*.cpp; oracle/oracle/codemp/qcommon/RoffSystem.cpp; oracle/oracle/codemp/ghoul2 callers	src/boundary/mp/cgame/vmcalls/CG_GET_ORIGIN_TRAJECTORY.rs	single-file assignment; preserve Raven comments; add args/output source locations
src/boundary/mp/cgame/vmcalls/CG_GET_SORTED_FORCE_POWER.rs	MP cgame	call	engine_to_module	vmMain	CG_GET_SORTED_FORCE_POWER	port_args_output	oracle/oracle/codemp/cgame/cg_public.h	oracle/oracle/codemp/cgame/cg_main.c; oracle/oracle/codemp/client/*.cpp; oracle/oracle/codemp/qcommon/RoffSystem.cpp; oracle/oracle/codemp/ghoul2 callers	src/boundary/mp/cgame/vmcalls/CG_GET_SORTED_FORCE_POWER.rs	single-file assignment; preserve Raven comments; add args/output source locations
src/boundary/mp/cgame/vmcalls/CG_GET_USEABLE_FORCE.rs	MP cgame	call	engine_to_module	vmMain	CG_GET_USEABLE_FORCE	port_args_output	oracle/oracle/codemp/cgame/cg_public.h	oracle/oracle/codemp/cgame/cg_main.c; oracle/oracle/codemp/client/*.cpp; oracle/oracle/codemp/qcommon/RoffSystem.cpp; oracle/oracle/codemp/ghoul2 callers	src/boundary/mp/cgame/vmcalls/CG_GET_USEABLE_FORCE.rs	single-file assignment; preserve Raven comments; add args/output source locations
src/boundary/mp/cgame/vmcalls/CG_IMPACT_MARK.rs	MP cgame	call	engine_to_module	vmMain	CG_IMPACT_MARK	port_args_output	oracle/oracle/codemp/cgame/cg_public.h	oracle/oracle/codemp/cgame/cg_main.c; oracle/oracle/codemp/client/*.cpp; oracle/oracle/codemp/qcommon/RoffSystem.cpp; oracle/oracle/codemp/ghoul2 callers	src/boundary/mp/cgame/vmcalls/CG_IMPACT_MARK.rs	single-file assignment; preserve Raven comments; add args/output source locations
src/boundary/mp/cgame/vmcalls/CG_INCOMING_CONSOLE_COMMAND.rs	MP cgame	call	engine_to_module	vmMain	CG_INCOMING_CONSOLE_COMMAND	port_args_output	oracle/oracle/codemp/cgame/cg_public.h	oracle/oracle/codemp/cgame/cg_main.c; oracle/oracle/codemp/client/*.cpp; oracle/oracle/codemp/qcommon/RoffSystem.cpp; oracle/oracle/codemp/ghoul2 callers	src/boundary/mp/cgame/vmcalls/CG_INCOMING_CONSOLE_COMMAND.rs	single-file assignment; preserve Raven comments; add args/output source locations
src/boundary/mp/cgame/vmcalls/CG_INIT.rs	MP cgame	call	engine_to_module	vmMain	CG_INIT	port_args_output	oracle/oracle/codemp/cgame/cg_public.h	oracle/oracle/codemp/cgame/cg_main.c; oracle/oracle/codemp/client/*.cpp; oracle/oracle/codemp/qcommon/RoffSystem.cpp; oracle/oracle/codemp/ghoul2 callers	src/boundary/mp/cgame/vmcalls/CG_INIT.rs	single-file assignment; preserve Raven comments; add args/output source locations
src/boundary/mp/cgame/vmcalls/CG_KEY_EVENT.rs	MP cgame	call	engine_to_module	vmMain	CG_KEY_EVENT	port_args_output	oracle/oracle/codemp/cgame/cg_public.h	oracle/oracle/codemp/cgame/cg_main.c; oracle/oracle/codemp/client/*.cpp; oracle/oracle/codemp/qcommon/RoffSystem.cpp; oracle/oracle/codemp/ghoul2 callers	src/boundary/mp/cgame/vmcalls/CG_KEY_EVENT.rs	single-file assignment; preserve Raven comments; add args/output source locations
src/boundary/mp/cgame/vmcalls/CG_LAST_ATTACKER.rs	MP cgame	call	engine_to_module	vmMain	CG_LAST_ATTACKER	port_args_output	oracle/oracle/codemp/cgame/cg_public.h	oracle/oracle/codemp/cgame/cg_main.c; oracle/oracle/codemp/client/*.cpp; oracle/oracle/codemp/qcommon/RoffSystem.cpp; oracle/oracle/codemp/ghoul2 callers	src/boundary/mp/cgame/vmcalls/CG_LAST_ATTACKER.rs	single-file assignment; preserve Raven comments; add args/output source locations
src/boundary/mp/cgame/vmcalls/CG_MAP_CHANGE.rs	MP cgame	call	engine_to_module	vmMain	CG_MAP_CHANGE	port_args_output	oracle/oracle/codemp/cgame/cg_public.h	oracle/oracle/codemp/cgame/cg_main.c; oracle/oracle/codemp/client/*.cpp; oracle/oracle/codemp/qcommon/RoffSystem.cpp; oracle/oracle/codemp/ghoul2 callers	src/boundary/mp/cgame/vmcalls/CG_MAP_CHANGE.rs	single-file assignment; preserve Raven comments; add args/output source locations
src/boundary/mp/cgame/vmcalls/CG_MISC_ENT.rs	MP cgame	call	engine_to_module	vmMain	CG_MISC_ENT	port_args_output	oracle/oracle/codemp/cgame/cg_public.h	oracle/oracle/codemp/cgame/cg_main.c; oracle/oracle/codemp/client/*.cpp; oracle/oracle/codemp/qcommon/RoffSystem.cpp; oracle/oracle/codemp/ghoul2 callers	src/boundary/mp/cgame/vmcalls/CG_MISC_ENT.rs	single-file assignment; preserve Raven comments; add args/output source locations
src/boundary/mp/cgame/vmcalls/CG_MOUSE_EVENT.rs	MP cgame	call	engine_to_module	vmMain	CG_MOUSE_EVENT	port_args_output	oracle/oracle/codemp/cgame/cg_public.h	oracle/oracle/codemp/cgame/cg_main.c; oracle/oracle/codemp/client/*.cpp; oracle/oracle/codemp/qcommon/RoffSystem.cpp; oracle/oracle/codemp/ghoul2 callers	src/boundary/mp/cgame/vmcalls/CG_MOUSE_EVENT.rs	single-file assignment; preserve Raven comments; add args/output source locations
src/boundary/mp/cgame/vmcalls/CG_POINT_CONTENTS.rs	MP cgame	call	engine_to_module	vmMain	CG_POINT_CONTENTS	port_args_output	oracle/oracle/codemp/cgame/cg_public.h	oracle/oracle/codemp/cgame/cg_main.c; oracle/oracle/codemp/client/*.cpp; oracle/oracle/codemp/qcommon/RoffSystem.cpp; oracle/oracle/codemp/ghoul2 callers	src/boundary/mp/cgame/vmcalls/CG_POINT_CONTENTS.rs	single-file assignment; preserve Raven comments; add args/output source locations
src/boundary/mp/cgame/vmcalls/CG_RAG_CALLBACK.rs	MP cgame	call	engine_to_module	vmMain	CG_RAG_CALLBACK	port_args_output	oracle/oracle/codemp/cgame/cg_public.h	oracle/oracle/codemp/cgame/cg_main.c; oracle/oracle/codemp/client/*.cpp; oracle/oracle/codemp/qcommon/RoffSystem.cpp; oracle/oracle/codemp/ghoul2 callers	src/boundary/mp/cgame/vmcalls/CG_RAG_CALLBACK.rs	single-file assignment; preserve Raven comments; add args/output source locations
src/boundary/mp/cgame/vmcalls/CG_ROFF_NOTETRACK_CALLBACK.rs	MP cgame	call	engine_to_module	vmMain	CG_ROFF_NOTETRACK_CALLBACK	port_args_output	oracle/oracle/codemp/cgame/cg_public.h	oracle/oracle/codemp/cgame/cg_main.c; oracle/oracle/codemp/client/*.cpp; oracle/oracle/codemp/qcommon/RoffSystem.cpp; oracle/oracle/codemp/ghoul2 callers	src/boundary/mp/cgame/vmcalls/CG_ROFF_NOTETRACK_CALLBACK.rs	single-file assignment; preserve Raven comments; add args/output source locations
src/boundary/mp/cgame/vmcalls/CG_SHUTDOWN.rs	MP cgame	call	engine_to_module	vmMain	CG_SHUTDOWN	port_args_output	oracle/oracle/codemp/cgame/cg_public.h	oracle/oracle/codemp/cgame/cg_main.c; oracle/oracle/codemp/client/*.cpp; oracle/oracle/codemp/qcommon/RoffSystem.cpp; oracle/oracle/codemp/ghoul2 callers	src/boundary/mp/cgame/vmcalls/CG_SHUTDOWN.rs	single-file assignment; preserve Raven comments; add args/output source locations
src/boundary/mp/cgame/vmcalls/CG_TRACE.rs	MP cgame	call	engine_to_module	vmMain	CG_TRACE	port_args_output	oracle/oracle/codemp/cgame/cg_public.h	oracle/oracle/codemp/cgame/cg_main.c; oracle/oracle/codemp/client/*.cpp; oracle/oracle/codemp/qcommon/RoffSystem.cpp; oracle/oracle/codemp/ghoul2 callers	src/boundary/mp/cgame/vmcalls/CG_TRACE.rs	single-file assignment; preserve Raven comments; add args/output source locations
src/boundary/mp/game/exports.rs	MP game	enum	engine_to_module	vmMain	*Export enum vocabulary*	validate_enum_values_and_comments	oracle/oracle/codemp/game/g_public.h	oracle/oracle/codemp/game/g_public.h	src/boundary/mp/game/exports.rs	single-file assignment; preserve Raven comments; add args/output source locations
src/boundary/mp/game/imports.rs	MP game	enum	module_to_engine	syscall	*Import enum vocabulary*	validate_enum_values_and_comments	oracle/oracle/codemp/game/g_public.h	oracle/oracle/codemp/game/g_public.h	src/boundary/mp/game/imports.rs	single-file assignment; preserve Raven comments; add args/output source locations
src/boundary/mp/game/syscalls/BOTLIB_AAS_ALTERNATIVE_ROUTE_GOAL.rs	MP game	call	module_to_engine	syscall	BOTLIB_AAS_ALTERNATIVE_ROUTE_GOAL	validate_existing_args_output	oracle/oracle/codemp/game/g_public.h	oracle/oracle/codemp/game/g_syscalls.c; oracle/oracle/codemp/game/g_local.h; oracle/oracle/codemp/server/sv_game.cpp	src/boundary/mp/game/syscalls/BOTLIB_AAS_ALTERNATIVE_ROUTE_GOAL.rs	single-file assignment; preserve Raven comments; add args/output source locations
src/boundary/mp/game/syscalls/BOTLIB_AAS_AREA_INFO.rs	MP game	call	module_to_engine	syscall	BOTLIB_AAS_AREA_INFO	validate_existing_args_output	oracle/oracle/codemp/game/g_public.h	oracle/oracle/codemp/game/g_syscalls.c; oracle/oracle/codemp/game/g_local.h; oracle/oracle/codemp/server/sv_game.cpp	src/boundary/mp/game/syscalls/BOTLIB_AAS_AREA_INFO.rs	single-file assignment; preserve Raven comments; add args/output source locations
src/boundary/mp/game/syscalls/BOTLIB_AAS_AREA_REACHABILITY.rs	MP game	call	module_to_engine	syscall	BOTLIB_AAS_AREA_REACHABILITY	validate_existing_args_output	oracle/oracle/codemp/game/g_public.h	oracle/oracle/codemp/game/g_syscalls.c; oracle/oracle/codemp/game/g_local.h; oracle/oracle/codemp/server/sv_game.cpp	src/boundary/mp/game/syscalls/BOTLIB_AAS_AREA_REACHABILITY.rs	single-file assignment; preserve Raven comments; add args/output source locations
src/boundary/mp/game/syscalls/BOTLIB_AAS_AREA_TRAVEL_TIME_TO_GOAL_AREA.rs	MP game	call	module_to_engine	syscall	BOTLIB_AAS_AREA_TRAVEL_TIME_TO_GOAL_AREA	validate_existing_args_output	oracle/oracle/codemp/game/g_public.h	oracle/oracle/codemp/game/g_syscalls.c; oracle/oracle/codemp/game/g_local.h; oracle/oracle/codemp/server/sv_game.cpp	src/boundary/mp/game/syscalls/BOTLIB_AAS_AREA_TRAVEL_TIME_TO_GOAL_AREA.rs	single-file assignment; preserve Raven comments; add args/output source locations
src/boundary/mp/game/syscalls/BOTLIB_AAS_BBOX_AREAS.rs	MP game	call	module_to_engine	syscall	BOTLIB_AAS_BBOX_AREAS	validate_existing_args_output	oracle/oracle/codemp/game/g_public.h	oracle/oracle/codemp/game/g_syscalls.c; oracle/oracle/codemp/game/g_local.h; oracle/oracle/codemp/server/sv_game.cpp	src/boundary/mp/game/syscalls/BOTLIB_AAS_BBOX_AREAS.rs	single-file assignment; preserve Raven comments; add args/output source locations
src/boundary/mp/game/syscalls/BOTLIB_AAS_ENABLE_ROUTING_AREA.rs	MP game	call	module_to_engine	syscall	BOTLIB_AAS_ENABLE_ROUTING_AREA	validate_existing_args_output	oracle/oracle/codemp/game/g_public.h	oracle/oracle/codemp/game/g_syscalls.c; oracle/oracle/codemp/game/g_local.h; oracle/oracle/codemp/server/sv_game.cpp	src/boundary/mp/game/syscalls/BOTLIB_AAS_ENABLE_ROUTING_AREA.rs	single-file assignment; preserve Raven comments; add args/output source locations
src/boundary/mp/game/syscalls/BOTLIB_AAS_ENTITY_INFO.rs	MP game	call	module_to_engine	syscall	BOTLIB_AAS_ENTITY_INFO	validate_existing_args_output	oracle/oracle/codemp/game/g_public.h	oracle/oracle/codemp/game/g_syscalls.c; oracle/oracle/codemp/game/g_local.h; oracle/oracle/codemp/server/sv_game.cpp	src/boundary/mp/game/syscalls/BOTLIB_AAS_ENTITY_INFO.rs	single-file assignment; preserve Raven comments; add args/output source locations
src/boundary/mp/game/syscalls/BOTLIB_AAS_FLOAT_FOR_BSP_EPAIR_KEY.rs	MP game	call	module_to_engine	syscall	BOTLIB_AAS_FLOAT_FOR_BSP_EPAIR_KEY	validate_existing_args_output	oracle/oracle/codemp/game/g_public.h	oracle/oracle/codemp/game/g_syscalls.c; oracle/oracle/codemp/game/g_local.h; oracle/oracle/codemp/server/sv_game.cpp	src/boundary/mp/game/syscalls/BOTLIB_AAS_FLOAT_FOR_BSP_EPAIR_KEY.rs	single-file assignment; preserve Raven comments; add args/output source locations
src/boundary/mp/game/syscalls/BOTLIB_AAS_INITIALIZED.rs	MP game	call	module_to_engine	syscall	BOTLIB_AAS_INITIALIZED	validate_existing_args_output	oracle/oracle/codemp/game/g_public.h	oracle/oracle/codemp/game/g_syscalls.c; oracle/oracle/codemp/game/g_local.h; oracle/oracle/codemp/server/sv_game.cpp	src/boundary/mp/game/syscalls/BOTLIB_AAS_INITIALIZED.rs	single-file assignment; preserve Raven comments; add args/output source locations
src/boundary/mp/game/syscalls/BOTLIB_AAS_INT_FOR_BSP_EPAIR_KEY.rs	MP game	call	module_to_engine	syscall	BOTLIB_AAS_INT_FOR_BSP_EPAIR_KEY	validate_existing_args_output	oracle/oracle/codemp/game/g_public.h	oracle/oracle/codemp/game/g_syscalls.c; oracle/oracle/codemp/game/g_local.h; oracle/oracle/codemp/server/sv_game.cpp	src/boundary/mp/game/syscalls/BOTLIB_AAS_INT_FOR_BSP_EPAIR_KEY.rs	single-file assignment; preserve Raven comments; add args/output source locations
src/boundary/mp/game/syscalls/BOTLIB_AAS_NEXT_BSP_ENTITY.rs	MP game	call	module_to_engine	syscall	BOTLIB_AAS_NEXT_BSP_ENTITY	validate_existing_args_output	oracle/oracle/codemp/game/g_public.h	oracle/oracle/codemp/game/g_syscalls.c; oracle/oracle/codemp/game/g_local.h; oracle/oracle/codemp/server/sv_game.cpp	src/boundary/mp/game/syscalls/BOTLIB_AAS_NEXT_BSP_ENTITY.rs	single-file assignment; preserve Raven comments; add args/output source locations
src/boundary/mp/game/syscalls/BOTLIB_AAS_POINT_AREA_NUM.rs	MP game	call	module_to_engine	syscall	BOTLIB_AAS_POINT_AREA_NUM	validate_existing_args_output	oracle/oracle/codemp/game/g_public.h	oracle/oracle/codemp/game/g_syscalls.c; oracle/oracle/codemp/game/g_local.h; oracle/oracle/codemp/server/sv_game.cpp	src/boundary/mp/game/syscalls/BOTLIB_AAS_POINT_AREA_NUM.rs	single-file assignment; preserve Raven comments; add args/output source locations
src/boundary/mp/game/syscalls/BOTLIB_AAS_POINT_CONTENTS.rs	MP game	call	module_to_engine	syscall	BOTLIB_AAS_POINT_CONTENTS	validate_existing_args_output	oracle/oracle/codemp/game/g_public.h	oracle/oracle/codemp/game/g_syscalls.c; oracle/oracle/codemp/game/g_local.h; oracle/oracle/codemp/server/sv_game.cpp	src/boundary/mp/game/syscalls/BOTLIB_AAS_POINT_CONTENTS.rs	single-file assignment; preserve Raven comments; add args/output source locations
src/boundary/mp/game/syscalls/BOTLIB_AAS_POINT_REACHABILITY_AREA_INDEX.rs	MP game	call	module_to_engine	syscall	BOTLIB_AAS_POINT_REACHABILITY_AREA_INDEX	validate_existing_args_output	oracle/oracle/codemp/game/g_public.h	oracle/oracle/codemp/game/g_syscalls.c; oracle/oracle/codemp/game/g_local.h; oracle/oracle/codemp/server/sv_game.cpp	src/boundary/mp/game/syscalls/BOTLIB_AAS_POINT_REACHABILITY_AREA_INDEX.rs	single-file assignment; preserve Raven comments; add args/output source locations
src/boundary/mp/game/syscalls/BOTLIB_AAS_PREDICT_CLIENT_MOVEMENT.rs	MP game	call	module_to_engine	syscall	BOTLIB_AAS_PREDICT_CLIENT_MOVEMENT	validate_existing_args_output	oracle/oracle/codemp/game/g_public.h	oracle/oracle/codemp/game/g_syscalls.c; oracle/oracle/codemp/game/g_local.h; oracle/oracle/codemp/server/sv_game.cpp	src/boundary/mp/game/syscalls/BOTLIB_AAS_PREDICT_CLIENT_MOVEMENT.rs	single-file assignment; preserve Raven comments; add args/output source locations
src/boundary/mp/game/syscalls/BOTLIB_AAS_PREDICT_ROUTE.rs	MP game	call	module_to_engine	syscall	BOTLIB_AAS_PREDICT_ROUTE	validate_existing_args_output	oracle/oracle/codemp/game/g_public.h	oracle/oracle/codemp/game/g_syscalls.c; oracle/oracle/codemp/game/g_local.h; oracle/oracle/codemp/server/sv_game.cpp	src/boundary/mp/game/syscalls/BOTLIB_AAS_PREDICT_ROUTE.rs	single-file assignment; preserve Raven comments; add args/output source locations
src/boundary/mp/game/syscalls/BOTLIB_AAS_PRESENCE_TYPE_BOUNDING_BOX.rs	MP game	call	module_to_engine	syscall	BOTLIB_AAS_PRESENCE_TYPE_BOUNDING_BOX	validate_existing_args_output	oracle/oracle/codemp/game/g_public.h	oracle/oracle/codemp/game/g_syscalls.c; oracle/oracle/codemp/game/g_local.h; oracle/oracle/codemp/server/sv_game.cpp	src/boundary/mp/game/syscalls/BOTLIB_AAS_PRESENCE_TYPE_BOUNDING_BOX.rs	single-file assignment; preserve Raven comments; add args/output source locations
src/boundary/mp/game/syscalls/BOTLIB_AAS_SWIMMING.rs	MP game	call	module_to_engine	syscall	BOTLIB_AAS_SWIMMING	validate_existing_args_output	oracle/oracle/codemp/game/g_public.h	oracle/oracle/codemp/game/g_syscalls.c; oracle/oracle/codemp/game/g_local.h; oracle/oracle/codemp/server/sv_game.cpp	src/boundary/mp/game/syscalls/BOTLIB_AAS_SWIMMING.rs	single-file assignment; preserve Raven comments; add args/output source locations
src/boundary/mp/game/syscalls/BOTLIB_AAS_TIME.rs	MP game	call	module_to_engine	syscall	BOTLIB_AAS_TIME	validate_existing_args_output	oracle/oracle/codemp/game/g_public.h	oracle/oracle/codemp/game/g_syscalls.c; oracle/oracle/codemp/game/g_local.h; oracle/oracle/codemp/server/sv_game.cpp	src/boundary/mp/game/syscalls/BOTLIB_AAS_TIME.rs	single-file assignment; preserve Raven comments; add args/output source locations
src/boundary/mp/game/syscalls/BOTLIB_AAS_TRACE_AREAS.rs	MP game	call	module_to_engine	syscall	BOTLIB_AAS_TRACE_AREAS	validate_existing_args_output	oracle/oracle/codemp/game/g_public.h	oracle/oracle/codemp/game/g_syscalls.c; oracle/oracle/codemp/game/g_local.h; oracle/oracle/codemp/server/sv_game.cpp	src/boundary/mp/game/syscalls/BOTLIB_AAS_TRACE_AREAS.rs	single-file assignment; preserve Raven comments; add args/output source locations
src/boundary/mp/game/syscalls/BOTLIB_AAS_VALUE_FOR_BSP_EPAIR_KEY.rs	MP game	call	module_to_engine	syscall	BOTLIB_AAS_VALUE_FOR_BSP_EPAIR_KEY	validate_existing_args_output	oracle/oracle/codemp/game/g_public.h	oracle/oracle/codemp/game/g_syscalls.c; oracle/oracle/codemp/game/g_local.h; oracle/oracle/codemp/server/sv_game.cpp	src/boundary/mp/game/syscalls/BOTLIB_AAS_VALUE_FOR_BSP_EPAIR_KEY.rs	single-file assignment; preserve Raven comments; add args/output source locations
src/boundary/mp/game/syscalls/BOTLIB_AAS_VECTOR_FOR_BSP_EPAIR_KEY.rs	MP game	call	module_to_engine	syscall	BOTLIB_AAS_VECTOR_FOR_BSP_EPAIR_KEY	validate_existing_args_output	oracle/oracle/codemp/game/g_public.h	oracle/oracle/codemp/game/g_syscalls.c; oracle/oracle/codemp/game/g_local.h; oracle/oracle/codemp/server/sv_game.cpp	src/boundary/mp/game/syscalls/BOTLIB_AAS_VECTOR_FOR_BSP_EPAIR_KEY.rs	single-file assignment; preserve Raven comments; add args/output source locations
src/boundary/mp/game/syscalls/BOTLIB_AI_ADD_AVOID_SPOT.rs	MP game	call	module_to_engine	syscall	BOTLIB_AI_ADD_AVOID_SPOT	validate_existing_args_output	oracle/oracle/codemp/game/g_public.h	oracle/oracle/codemp/game/g_syscalls.c; oracle/oracle/codemp/game/g_local.h; oracle/oracle/codemp/server/sv_game.cpp	src/boundary/mp/game/syscalls/BOTLIB_AI_ADD_AVOID_SPOT.rs	single-file assignment; preserve Raven comments; add args/output source locations
src/boundary/mp/game/syscalls/BOTLIB_AI_ALLOC_CHAT_STATE.rs	MP game	call	module_to_engine	syscall	BOTLIB_AI_ALLOC_CHAT_STATE	validate_existing_args_output	oracle/oracle/codemp/game/g_public.h	oracle/oracle/codemp/game/g_syscalls.c; oracle/oracle/codemp/game/g_local.h; oracle/oracle/codemp/server/sv_game.cpp	src/boundary/mp/game/syscalls/BOTLIB_AI_ALLOC_CHAT_STATE.rs	single-file assignment; preserve Raven comments; add args/output source locations
src/boundary/mp/game/syscalls/BOTLIB_AI_ALLOC_GOAL_STATE.rs	MP game	call	module_to_engine	syscall	BOTLIB_AI_ALLOC_GOAL_STATE	validate_existing_args_output	oracle/oracle/codemp/game/g_public.h	oracle/oracle/codemp/game/g_syscalls.c; oracle/oracle/codemp/game/g_local.h; oracle/oracle/codemp/server/sv_game.cpp	src/boundary/mp/game/syscalls/BOTLIB_AI_ALLOC_GOAL_STATE.rs	single-file assignment; preserve Raven comments; add args/output source locations
src/boundary/mp/game/syscalls/BOTLIB_AI_ALLOC_MOVE_STATE.rs	MP game	call	module_to_engine	syscall	BOTLIB_AI_ALLOC_MOVE_STATE	validate_existing_args_output	oracle/oracle/codemp/game/g_public.h	oracle/oracle/codemp/game/g_syscalls.c; oracle/oracle/codemp/game/g_local.h; oracle/oracle/codemp/server/sv_game.cpp	src/boundary/mp/game/syscalls/BOTLIB_AI_ALLOC_MOVE_STATE.rs	single-file assignment; preserve Raven comments; add args/output source locations
src/boundary/mp/game/syscalls/BOTLIB_AI_ALLOC_WEAPON_STATE.rs	MP game	call	module_to_engine	syscall	BOTLIB_AI_ALLOC_WEAPON_STATE	validate_existing_args_output	oracle/oracle/codemp/game/g_public.h	oracle/oracle/codemp/game/g_syscalls.c; oracle/oracle/codemp/game/g_local.h; oracle/oracle/codemp/server/sv_game.cpp	src/boundary/mp/game/syscalls/BOTLIB_AI_ALLOC_WEAPON_STATE.rs	single-file assignment; preserve Raven comments; add args/output source locations
src/boundary/mp/game/syscalls/BOTLIB_AI_AVOID_GOAL_TIME.rs	MP game	call	module_to_engine	syscall	BOTLIB_AI_AVOID_GOAL_TIME	validate_existing_args_output	oracle/oracle/codemp/game/g_public.h	oracle/oracle/codemp/game/g_syscalls.c; oracle/oracle/codemp/game/g_local.h; oracle/oracle/codemp/server/sv_game.cpp	src/boundary/mp/game/syscalls/BOTLIB_AI_AVOID_GOAL_TIME.rs	single-file assignment; preserve Raven comments; add args/output source locations
src/boundary/mp/game/syscalls/BOTLIB_AI_CHARACTERISTIC_BFLOAT.rs	MP game	call	module_to_engine	syscall	BOTLIB_AI_CHARACTERISTIC_BFLOAT	validate_existing_args_output	oracle/oracle/codemp/game/g_public.h	oracle/oracle/codemp/game/g_syscalls.c; oracle/oracle/codemp/game/g_local.h; oracle/oracle/codemp/server/sv_game.cpp	src/boundary/mp/game/syscalls/BOTLIB_AI_CHARACTERISTIC_BFLOAT.rs	single-file assignment; preserve Raven comments; add args/output source locations
src/boundary/mp/game/syscalls/BOTLIB_AI_CHARACTERISTIC_BINTEGER.rs	MP game	call	module_to_engine	syscall	BOTLIB_AI_CHARACTERISTIC_BINTEGER	validate_existing_args_output	oracle/oracle/codemp/game/g_public.h	oracle/oracle/codemp/game/g_syscalls.c; oracle/oracle/codemp/game/g_local.h; oracle/oracle/codemp/server/sv_game.cpp	src/boundary/mp/game/syscalls/BOTLIB_AI_CHARACTERISTIC_BINTEGER.rs	single-file assignment; preserve Raven comments; add args/output source locations
src/boundary/mp/game/syscalls/BOTLIB_AI_CHARACTERISTIC_FLOAT.rs	MP game	call	module_to_engine	syscall	BOTLIB_AI_CHARACTERISTIC_FLOAT	validate_existing_args_output	oracle/oracle/codemp/game/g_public.h	oracle/oracle/codemp/game/g_syscalls.c; oracle/oracle/codemp/game/g_local.h; oracle/oracle/codemp/server/sv_game.cpp	src/boundary/mp/game/syscalls/BOTLIB_AI_CHARACTERISTIC_FLOAT.rs	single-file assignment; preserve Raven comments; add args/output source locations
src/boundary/mp/game/syscalls/BOTLIB_AI_CHARACTERISTIC_INTEGER.rs	MP game	call	module_to_engine	syscall	BOTLIB_AI_CHARACTERISTIC_INTEGER	validate_existing_args_output	oracle/oracle/codemp/game/g_public.h	oracle/oracle/codemp/game/g_syscalls.c; oracle/oracle/codemp/game/g_local.h; oracle/oracle/codemp/server/sv_game.cpp	src/boundary/mp/game/syscalls/BOTLIB_AI_CHARACTERISTIC_INTEGER.rs	single-file assignment; preserve Raven comments; add args/output source locations
src/boundary/mp/game/syscalls/BOTLIB_AI_CHARACTERISTIC_STRING.rs	MP game	call	module_to_engine	syscall	BOTLIB_AI_CHARACTERISTIC_STRING	validate_existing_args_output	oracle/oracle/codemp/game/g_public.h	oracle/oracle/codemp/game/g_syscalls.c; oracle/oracle/codemp/game/g_local.h; oracle/oracle/codemp/server/sv_game.cpp	src/boundary/mp/game/syscalls/BOTLIB_AI_CHARACTERISTIC_STRING.rs	single-file assignment; preserve Raven comments; add args/output source locations
src/boundary/mp/game/syscalls/BOTLIB_AI_CHAT_LENGTH.rs	MP game	call	module_to_engine	syscall	BOTLIB_AI_CHAT_LENGTH	validate_existing_args_output	oracle/oracle/codemp/game/g_public.h	oracle/oracle/codemp/game/g_syscalls.c; oracle/oracle/codemp/game/g_local.h; oracle/oracle/codemp/server/sv_game.cpp	src/boundary/mp/game/syscalls/BOTLIB_AI_CHAT_LENGTH.rs	single-file assignment; preserve Raven comments; add args/output source locations
src/boundary/mp/game/syscalls/BOTLIB_AI_CHOOSE_BEST_FIGHT_WEAPON.rs	MP game	call	module_to_engine	syscall	BOTLIB_AI_CHOOSE_BEST_FIGHT_WEAPON	validate_existing_args_output	oracle/oracle/codemp/game/g_public.h	oracle/oracle/codemp/game/g_syscalls.c; oracle/oracle/codemp/game/g_local.h; oracle/oracle/codemp/server/sv_game.cpp	src/boundary/mp/game/syscalls/BOTLIB_AI_CHOOSE_BEST_FIGHT_WEAPON.rs	single-file assignment; preserve Raven comments; add args/output source locations
src/boundary/mp/game/syscalls/BOTLIB_AI_CHOOSE_LTG_ITEM.rs	MP game	call	module_to_engine	syscall	BOTLIB_AI_CHOOSE_LTG_ITEM	validate_existing_args_output	oracle/oracle/codemp/game/g_public.h	oracle/oracle/codemp/game/g_syscalls.c; oracle/oracle/codemp/game/g_local.h; oracle/oracle/codemp/server/sv_game.cpp	src/boundary/mp/game/syscalls/BOTLIB_AI_CHOOSE_LTG_ITEM.rs	single-file assignment; preserve Raven comments; add args/output source locations
src/boundary/mp/game/syscalls/BOTLIB_AI_CHOOSE_NBG_ITEM.rs	MP game	call	module_to_engine	syscall	BOTLIB_AI_CHOOSE_NBG_ITEM	validate_existing_args_output	oracle/oracle/codemp/game/g_public.h	oracle/oracle/codemp/game/g_syscalls.c; oracle/oracle/codemp/game/g_local.h; oracle/oracle/codemp/server/sv_game.cpp	src/boundary/mp/game/syscalls/BOTLIB_AI_CHOOSE_NBG_ITEM.rs	single-file assignment; preserve Raven comments; add args/output source locations
src/boundary/mp/game/syscalls/BOTLIB_AI_DUMP_AVOID_GOALS.rs	MP game	call	module_to_engine	syscall	BOTLIB_AI_DUMP_AVOID_GOALS	validate_existing_args_output	oracle/oracle/codemp/game/g_public.h	oracle/oracle/codemp/game/g_syscalls.c; oracle/oracle/codemp/game/g_local.h; oracle/oracle/codemp/server/sv_game.cpp	src/boundary/mp/game/syscalls/BOTLIB_AI_DUMP_AVOID_GOALS.rs	single-file assignment; preserve Raven comments; add args/output source locations
src/boundary/mp/game/syscalls/BOTLIB_AI_DUMP_GOAL_STACK.rs	MP game	call	module_to_engine	syscall	BOTLIB_AI_DUMP_GOAL_STACK	validate_existing_args_output	oracle/oracle/codemp/game/g_public.h	oracle/oracle/codemp/game/g_syscalls.c; oracle/oracle/codemp/game/g_local.h; oracle/oracle/codemp/server/sv_game.cpp	src/boundary/mp/game/syscalls/BOTLIB_AI_DUMP_GOAL_STACK.rs	single-file assignment; preserve Raven comments; add args/output source locations
src/boundary/mp/game/syscalls/BOTLIB_AI_EMPTY_GOAL_STACK.rs	MP game	call	module_to_engine	syscall	BOTLIB_AI_EMPTY_GOAL_STACK	validate_existing_args_output	oracle/oracle/codemp/game/g_public.h	oracle/oracle/codemp/game/g_syscalls.c; oracle/oracle/codemp/game/g_local.h; oracle/oracle/codemp/server/sv_game.cpp	src/boundary/mp/game/syscalls/BOTLIB_AI_EMPTY_GOAL_STACK.rs	single-file assignment; preserve Raven comments; add args/output source locations
src/boundary/mp/game/syscalls/BOTLIB_AI_ENTER_CHAT.rs	MP game	call	module_to_engine	syscall	BOTLIB_AI_ENTER_CHAT	validate_existing_args_output	oracle/oracle/codemp/game/g_public.h	oracle/oracle/codemp/game/g_syscalls.c; oracle/oracle/codemp/game/g_local.h; oracle/oracle/codemp/server/sv_game.cpp	src/boundary/mp/game/syscalls/BOTLIB_AI_ENTER_CHAT.rs	single-file assignment; preserve Raven comments; add args/output source locations
src/boundary/mp/game/syscalls/BOTLIB_AI_FIND_MATCH.rs	MP game	call	module_to_engine	syscall	BOTLIB_AI_FIND_MATCH	validate_existing_args_output	oracle/oracle/codemp/game/g_public.h	oracle/oracle/codemp/game/g_syscalls.c; oracle/oracle/codemp/game/g_local.h; oracle/oracle/codemp/server/sv_game.cpp	src/boundary/mp/game/syscalls/BOTLIB_AI_FIND_MATCH.rs	single-file assignment; preserve Raven comments; add args/output source locations
src/boundary/mp/game/syscalls/BOTLIB_AI_FREE_CHARACTER.rs	MP game	call	module_to_engine	syscall	BOTLIB_AI_FREE_CHARACTER	validate_existing_args_output	oracle/oracle/codemp/game/g_public.h	oracle/oracle/codemp/game/g_syscalls.c; oracle/oracle/codemp/game/g_local.h; oracle/oracle/codemp/server/sv_game.cpp	src/boundary/mp/game/syscalls/BOTLIB_AI_FREE_CHARACTER.rs	single-file assignment; preserve Raven comments; add args/output source locations
src/boundary/mp/game/syscalls/BOTLIB_AI_FREE_CHAT_STATE.rs	MP game	call	module_to_engine	syscall	BOTLIB_AI_FREE_CHAT_STATE	validate_existing_args_output	oracle/oracle/codemp/game/g_public.h	oracle/oracle/codemp/game/g_syscalls.c; oracle/oracle/codemp/game/g_local.h; oracle/oracle/codemp/server/sv_game.cpp	src/boundary/mp/game/syscalls/BOTLIB_AI_FREE_CHAT_STATE.rs	single-file assignment; preserve Raven comments; add args/output source locations
src/boundary/mp/game/syscalls/BOTLIB_AI_FREE_GOAL_STATE.rs	MP game	call	module_to_engine	syscall	BOTLIB_AI_FREE_GOAL_STATE	validate_existing_args_output	oracle/oracle/codemp/game/g_public.h	oracle/oracle/codemp/game/g_syscalls.c; oracle/oracle/codemp/game/g_local.h; oracle/oracle/codemp/server/sv_game.cpp	src/boundary/mp/game/syscalls/BOTLIB_AI_FREE_GOAL_STATE.rs	single-file assignment; preserve Raven comments; add args/output source locations
src/boundary/mp/game/syscalls/BOTLIB_AI_FREE_ITEM_WEIGHTS.rs	MP game	call	module_to_engine	syscall	BOTLIB_AI_FREE_ITEM_WEIGHTS	validate_existing_args_output	oracle/oracle/codemp/game/g_public.h	oracle/oracle/codemp/game/g_syscalls.c; oracle/oracle/codemp/game/g_local.h; oracle/oracle/codemp/server/sv_game.cpp	src/boundary/mp/game/syscalls/BOTLIB_AI_FREE_ITEM_WEIGHTS.rs	single-file assignment; preserve Raven comments; add args/output source locations
src/boundary/mp/game/syscalls/BOTLIB_AI_FREE_MOVE_STATE.rs	MP game	call	module_to_engine	syscall	BOTLIB_AI_FREE_MOVE_STATE	validate_existing_args_output	oracle/oracle/codemp/game/g_public.h	oracle/oracle/codemp/game/g_syscalls.c; oracle/oracle/codemp/game/g_local.h; oracle/oracle/codemp/server/sv_game.cpp	src/boundary/mp/game/syscalls/BOTLIB_AI_FREE_MOVE_STATE.rs	single-file assignment; preserve Raven comments; add args/output source locations
src/boundary/mp/game/syscalls/BOTLIB_AI_FREE_WEAPON_STATE.rs	MP game	call	module_to_engine	syscall	BOTLIB_AI_FREE_WEAPON_STATE	validate_existing_args_output	oracle/oracle/codemp/game/g_public.h	oracle/oracle/codemp/game/g_syscalls.c; oracle/oracle/codemp/game/g_local.h; oracle/oracle/codemp/server/sv_game.cpp	src/boundary/mp/game/syscalls/BOTLIB_AI_FREE_WEAPON_STATE.rs	single-file assignment; preserve Raven comments; add args/output source locations
src/boundary/mp/game/syscalls/BOTLIB_AI_GENETIC_PARENTS_AND_CHILD_SELECTION.rs	MP game	call	module_to_engine	syscall	BOTLIB_AI_GENETIC_PARENTS_AND_CHILD_SELECTION	validate_existing_args_output	oracle/oracle/codemp/game/g_public.h	oracle/oracle/codemp/game/g_syscalls.c; oracle/oracle/codemp/game/g_local.h; oracle/oracle/codemp/server/sv_game.cpp	src/boundary/mp/game/syscalls/BOTLIB_AI_GENETIC_PARENTS_AND_CHILD_SELECTION.rs	single-file assignment; preserve Raven comments; add args/output source locations
src/boundary/mp/game/syscalls/BOTLIB_AI_GET_CHAT_MESSAGE.rs	MP game	call	module_to_engine	syscall	BOTLIB_AI_GET_CHAT_MESSAGE	validate_existing_args_output	oracle/oracle/codemp/game/g_public.h	oracle/oracle/codemp/game/g_syscalls.c; oracle/oracle/codemp/game/g_local.h; oracle/oracle/codemp/server/sv_game.cpp	src/boundary/mp/game/syscalls/BOTLIB_AI_GET_CHAT_MESSAGE.rs	single-file assignment; preserve Raven comments; add args/output source locations
src/boundary/mp/game/syscalls/BOTLIB_AI_GET_LEVEL_ITEM_GOAL.rs	MP game	call	module_to_engine	syscall	BOTLIB_AI_GET_LEVEL_ITEM_GOAL	validate_existing_args_output	oracle/oracle/codemp/game/g_public.h	oracle/oracle/codemp/game/g_syscalls.c; oracle/oracle/codemp/game/g_local.h; oracle/oracle/codemp/server/sv_game.cpp	src/boundary/mp/game/syscalls/BOTLIB_AI_GET_LEVEL_ITEM_GOAL.rs	single-file assignment; preserve Raven comments; add args/output source locations
src/boundary/mp/game/syscalls/BOTLIB_AI_GET_MAP_LOCATION_GOAL.rs	MP game	call	module_to_engine	syscall	BOTLIB_AI_GET_MAP_LOCATION_GOAL	validate_existing_args_output	oracle/oracle/codemp/game/g_public.h	oracle/oracle/codemp/game/g_syscalls.c; oracle/oracle/codemp/game/g_local.h; oracle/oracle/codemp/server/sv_game.cpp	src/boundary/mp/game/syscalls/BOTLIB_AI_GET_MAP_LOCATION_GOAL.rs	single-file assignment; preserve Raven comments; add args/output source locations
src/boundary/mp/game/syscalls/BOTLIB_AI_GET_NEXT_CAMP_SPOT_GOAL.rs	MP game	call	module_to_engine	syscall	BOTLIB_AI_GET_NEXT_CAMP_SPOT_GOAL	validate_existing_args_output	oracle/oracle/codemp/game/g_public.h	oracle/oracle/codemp/game/g_syscalls.c; oracle/oracle/codemp/game/g_local.h; oracle/oracle/codemp/server/sv_game.cpp	src/boundary/mp/game/syscalls/BOTLIB_AI_GET_NEXT_CAMP_SPOT_GOAL.rs	single-file assignment; preserve Raven comments; add args/output source locations
src/boundary/mp/game/syscalls/BOTLIB_AI_GET_SECOND_GOAL.rs	MP game	call	module_to_engine	syscall	BOTLIB_AI_GET_SECOND_GOAL	validate_existing_args_output	oracle/oracle/codemp/game/g_public.h	oracle/oracle/codemp/game/g_syscalls.c; oracle/oracle/codemp/game/g_local.h; oracle/oracle/codemp/server/sv_game.cpp	src/boundary/mp/game/syscalls/BOTLIB_AI_GET_SECOND_GOAL.rs	single-file assignment; preserve Raven comments; add args/output source locations
src/boundary/mp/game/syscalls/BOTLIB_AI_GET_TOP_GOAL.rs	MP game	call	module_to_engine	syscall	BOTLIB_AI_GET_TOP_GOAL	validate_existing_args_output	oracle/oracle/codemp/game/g_public.h	oracle/oracle/codemp/game/g_syscalls.c; oracle/oracle/codemp/game/g_local.h; oracle/oracle/codemp/server/sv_game.cpp	src/boundary/mp/game/syscalls/BOTLIB_AI_GET_TOP_GOAL.rs	single-file assignment; preserve Raven comments; add args/output source locations
src/boundary/mp/game/syscalls/BOTLIB_AI_GET_WEAPON_INFO.rs	MP game	call	module_to_engine	syscall	BOTLIB_AI_GET_WEAPON_INFO	validate_existing_args_output	oracle/oracle/codemp/game/g_public.h	oracle/oracle/codemp/game/g_syscalls.c; oracle/oracle/codemp/game/g_local.h; oracle/oracle/codemp/server/sv_game.cpp	src/boundary/mp/game/syscalls/BOTLIB_AI_GET_WEAPON_INFO.rs	single-file assignment; preserve Raven comments; add args/output source locations
src/boundary/mp/game/syscalls/BOTLIB_AI_GOAL_NAME.rs	MP game	call	module_to_engine	syscall	BOTLIB_AI_GOAL_NAME	validate_existing_args_output	oracle/oracle/codemp/game/g_public.h	oracle/oracle/codemp/game/g_syscalls.c; oracle/oracle/codemp/game/g_local.h; oracle/oracle/codemp/server/sv_game.cpp	src/boundary/mp/game/syscalls/BOTLIB_AI_GOAL_NAME.rs	single-file assignment; preserve Raven comments; add args/output source locations
src/boundary/mp/game/syscalls/BOTLIB_AI_INITIAL_CHAT.rs	MP game	call	module_to_engine	syscall	BOTLIB_AI_INITIAL_CHAT	validate_existing_args_output	oracle/oracle/codemp/game/g_public.h	oracle/oracle/codemp/game/g_syscalls.c; oracle/oracle/codemp/game/g_local.h; oracle/oracle/codemp/server/sv_game.cpp	src/boundary/mp/game/syscalls/BOTLIB_AI_INITIAL_CHAT.rs	single-file assignment; preserve Raven comments; add args/output source locations
src/boundary/mp/game/syscalls/BOTLIB_AI_INIT_LEVEL_ITEMS.rs	MP game	call	module_to_engine	syscall	BOTLIB_AI_INIT_LEVEL_ITEMS	validate_existing_args_output	oracle/oracle/codemp/game/g_public.h	oracle/oracle/codemp/game/g_syscalls.c; oracle/oracle/codemp/game/g_local.h; oracle/oracle/codemp/server/sv_game.cpp	src/boundary/mp/game/syscalls/BOTLIB_AI_INIT_LEVEL_ITEMS.rs	single-file assignment; preserve Raven comments; add args/output source locations
src/boundary/mp/game/syscalls/BOTLIB_AI_INIT_MOVE_STATE.rs	MP game	call	module_to_engine	syscall	BOTLIB_AI_INIT_MOVE_STATE	validate_existing_args_output	oracle/oracle/codemp/game/g_public.h	oracle/oracle/codemp/game/g_syscalls.c; oracle/oracle/codemp/game/g_local.h; oracle/oracle/codemp/server/sv_game.cpp	src/boundary/mp/game/syscalls/BOTLIB_AI_INIT_MOVE_STATE.rs	single-file assignment; preserve Raven comments; add args/output source locations
src/boundary/mp/game/syscalls/BOTLIB_AI_INTERBREED_GOAL_FUZZY_LOGIC.rs	MP game	call	module_to_engine	syscall	BOTLIB_AI_INTERBREED_GOAL_FUZZY_LOGIC	validate_existing_args_output	oracle/oracle/codemp/game/g_public.h	oracle/oracle/codemp/game/g_syscalls.c; oracle/oracle/codemp/game/g_local.h; oracle/oracle/codemp/server/sv_game.cpp	src/boundary/mp/game/syscalls/BOTLIB_AI_INTERBREED_GOAL_FUZZY_LOGIC.rs	single-file assignment; preserve Raven comments; add args/output source locations
src/boundary/mp/game/syscalls/BOTLIB_AI_ITEM_GOAL_IN_VIS_BUT_NOT_VISIBLE.rs	MP game	call	module_to_engine	syscall	BOTLIB_AI_ITEM_GOAL_IN_VIS_BUT_NOT_VISIBLE	validate_existing_args_output	oracle/oracle/codemp/game/g_public.h	oracle/oracle/codemp/game/g_syscalls.c; oracle/oracle/codemp/game/g_local.h; oracle/oracle/codemp/server/sv_game.cpp	src/boundary/mp/game/syscalls/BOTLIB_AI_ITEM_GOAL_IN_VIS_BUT_NOT_VISIBLE.rs	single-file assignment; preserve Raven comments; add args/output source locations
src/boundary/mp/game/syscalls/BOTLIB_AI_LOAD_CHARACTER.rs	MP game	call	module_to_engine	syscall	BOTLIB_AI_LOAD_CHARACTER	validate_existing_args_output	oracle/oracle/codemp/game/g_public.h	oracle/oracle/codemp/game/g_syscalls.c; oracle/oracle/codemp/game/g_local.h; oracle/oracle/codemp/server/sv_game.cpp	src/boundary/mp/game/syscalls/BOTLIB_AI_LOAD_CHARACTER.rs	single-file assignment; preserve Raven comments; add args/output source locations
src/boundary/mp/game/syscalls/BOTLIB_AI_LOAD_CHAT_FILE.rs	MP game	call	module_to_engine	syscall	BOTLIB_AI_LOAD_CHAT_FILE	validate_existing_args_output	oracle/oracle/codemp/game/g_public.h	oracle/oracle/codemp/game/g_syscalls.c; oracle/oracle/codemp/game/g_local.h; oracle/oracle/codemp/server/sv_game.cpp	src/boundary/mp/game/syscalls/BOTLIB_AI_LOAD_CHAT_FILE.rs	single-file assignment; preserve Raven comments; add args/output source locations
src/boundary/mp/game/syscalls/BOTLIB_AI_LOAD_ITEM_WEIGHTS.rs	MP game	call	module_to_engine	syscall	BOTLIB_AI_LOAD_ITEM_WEIGHTS	validate_existing_args_output	oracle/oracle/codemp/game/g_public.h	oracle/oracle/codemp/game/g_syscalls.c; oracle/oracle/codemp/game/g_local.h; oracle/oracle/codemp/server/sv_game.cpp	src/boundary/mp/game/syscalls/BOTLIB_AI_LOAD_ITEM_WEIGHTS.rs	single-file assignment; preserve Raven comments; add args/output source locations
src/boundary/mp/game/syscalls/BOTLIB_AI_LOAD_WEAPON_WEIGHTS.rs	MP game	call	module_to_engine	syscall	BOTLIB_AI_LOAD_WEAPON_WEIGHTS	validate_existing_args_output	oracle/oracle/codemp/game/g_public.h	oracle/oracle/codemp/game/g_syscalls.c; oracle/oracle/codemp/game/g_local.h; oracle/oracle/codemp/server/sv_game.cpp	src/boundary/mp/game/syscalls/BOTLIB_AI_LOAD_WEAPON_WEIGHTS.rs	single-file assignment; preserve Raven comments; add args/output source locations
src/boundary/mp/game/syscalls/BOTLIB_AI_MATCH_VARIABLE.rs	MP game	call	module_to_engine	syscall	BOTLIB_AI_MATCH_VARIABLE	validate_existing_args_output	oracle/oracle/codemp/game/g_public.h	oracle/oracle/codemp/game/g_syscalls.c; oracle/oracle/codemp/game/g_local.h; oracle/oracle/codemp/server/sv_game.cpp	src/boundary/mp/game/syscalls/BOTLIB_AI_MATCH_VARIABLE.rs	single-file assignment; preserve Raven comments; add args/output source locations
src/boundary/mp/game/syscalls/BOTLIB_AI_MOVEMENT_VIEW_TARGET.rs	MP game	call	module_to_engine	syscall	BOTLIB_AI_MOVEMENT_VIEW_TARGET	validate_existing_args_output	oracle/oracle/codemp/game/g_public.h	oracle/oracle/codemp/game/g_syscalls.c; oracle/oracle/codemp/game/g_local.h; oracle/oracle/codemp/server/sv_game.cpp	src/boundary/mp/game/syscalls/BOTLIB_AI_MOVEMENT_VIEW_TARGET.rs	single-file assignment; preserve Raven comments; add args/output source locations
src/boundary/mp/game/syscalls/BOTLIB_AI_MOVE_IN_DIRECTION.rs	MP game	call	module_to_engine	syscall	BOTLIB_AI_MOVE_IN_DIRECTION	validate_existing_args_output	oracle/oracle/codemp/game/g_public.h	oracle/oracle/codemp/game/g_syscalls.c; oracle/oracle/codemp/game/g_local.h; oracle/oracle/codemp/server/sv_game.cpp	src/boundary/mp/game/syscalls/BOTLIB_AI_MOVE_IN_DIRECTION.rs	single-file assignment; preserve Raven comments; add args/output source locations
src/boundary/mp/game/syscalls/BOTLIB_AI_MOVE_TO_GOAL.rs	MP game	call	module_to_engine	syscall	BOTLIB_AI_MOVE_TO_GOAL	validate_existing_args_output	oracle/oracle/codemp/game/g_public.h	oracle/oracle/codemp/game/g_syscalls.c; oracle/oracle/codemp/game/g_local.h; oracle/oracle/codemp/server/sv_game.cpp	src/boundary/mp/game/syscalls/BOTLIB_AI_MOVE_TO_GOAL.rs	single-file assignment; preserve Raven comments; add args/output source locations
src/boundary/mp/game/syscalls/BOTLIB_AI_MUTATE_GOAL_FUZZY_LOGIC.rs	MP game	call	module_to_engine	syscall	BOTLIB_AI_MUTATE_GOAL_FUZZY_LOGIC	validate_existing_args_output	oracle/oracle/codemp/game/g_public.h	oracle/oracle/codemp/game/g_syscalls.c; oracle/oracle/codemp/game/g_local.h; oracle/oracle/codemp/server/sv_game.cpp	src/boundary/mp/game/syscalls/BOTLIB_AI_MUTATE_GOAL_FUZZY_LOGIC.rs	single-file assignment; preserve Raven comments; add args/output source locations
src/boundary/mp/game/syscalls/BOTLIB_AI_NEXT_CONSOLE_MESSAGE.rs	MP game	call	module_to_engine	syscall	BOTLIB_AI_NEXT_CONSOLE_MESSAGE	validate_existing_args_output	oracle/oracle/codemp/game/g_public.h	oracle/oracle/codemp/game/g_syscalls.c; oracle/oracle/codemp/game/g_local.h; oracle/oracle/codemp/server/sv_game.cpp	src/boundary/mp/game/syscalls/BOTLIB_AI_NEXT_CONSOLE_MESSAGE.rs	single-file assignment; preserve Raven comments; add args/output source locations
src/boundary/mp/game/syscalls/BOTLIB_AI_NUM_CONSOLE_MESSAGE.rs	MP game	call	module_to_engine	syscall	BOTLIB_AI_NUM_CONSOLE_MESSAGE	validate_existing_args_output	oracle/oracle/codemp/game/g_public.h	oracle/oracle/codemp/game/g_syscalls.c; oracle/oracle/codemp/game/g_local.h; oracle/oracle/codemp/server/sv_game.cpp	src/boundary/mp/game/syscalls/BOTLIB_AI_NUM_CONSOLE_MESSAGE.rs	single-file assignment; preserve Raven comments; add args/output source locations
src/boundary/mp/game/syscalls/BOTLIB_AI_NUM_INITIAL_CHATS.rs	MP game	call	module_to_engine	syscall	BOTLIB_AI_NUM_INITIAL_CHATS	validate_existing_args_output	oracle/oracle/codemp/game/g_public.h	oracle/oracle/codemp/game/g_syscalls.c; oracle/oracle/codemp/game/g_local.h; oracle/oracle/codemp/server/sv_game.cpp	src/boundary/mp/game/syscalls/BOTLIB_AI_NUM_INITIAL_CHATS.rs	single-file assignment; preserve Raven comments; add args/output source locations
src/boundary/mp/game/syscalls/BOTLIB_AI_POP_GOAL.rs	MP game	call	module_to_engine	syscall	BOTLIB_AI_POP_GOAL	validate_existing_args_output	oracle/oracle/codemp/game/g_public.h	oracle/oracle/codemp/game/g_syscalls.c; oracle/oracle/codemp/game/g_local.h; oracle/oracle/codemp/server/sv_game.cpp	src/boundary/mp/game/syscalls/BOTLIB_AI_POP_GOAL.rs	single-file assignment; preserve Raven comments; add args/output source locations
src/boundary/mp/game/syscalls/BOTLIB_AI_PREDICT_VISIBLE_POSITION.rs	MP game	call	module_to_engine	syscall	BOTLIB_AI_PREDICT_VISIBLE_POSITION	validate_existing_args_output	oracle/oracle/codemp/game/g_public.h	oracle/oracle/codemp/game/g_syscalls.c; oracle/oracle/codemp/game/g_local.h; oracle/oracle/codemp/server/sv_game.cpp	src/boundary/mp/game/syscalls/BOTLIB_AI_PREDICT_VISIBLE_POSITION.rs	single-file assignment; preserve Raven comments; add args/output source locations
src/boundary/mp/game/syscalls/BOTLIB_AI_PUSH_GOAL.rs	MP game	call	module_to_engine	syscall	BOTLIB_AI_PUSH_GOAL	validate_existing_args_output	oracle/oracle/codemp/game/g_public.h	oracle/oracle/codemp/game/g_syscalls.c; oracle/oracle/codemp/game/g_local.h; oracle/oracle/codemp/server/sv_game.cpp	src/boundary/mp/game/syscalls/BOTLIB_AI_PUSH_GOAL.rs	single-file assignment; preserve Raven comments; add args/output source locations
src/boundary/mp/game/syscalls/BOTLIB_AI_QUEUE_CONSOLE_MESSAGE.rs	MP game	call	module_to_engine	syscall	BOTLIB_AI_QUEUE_CONSOLE_MESSAGE	validate_existing_args_output	oracle/oracle/codemp/game/g_public.h	oracle/oracle/codemp/game/g_syscalls.c; oracle/oracle/codemp/game/g_local.h; oracle/oracle/codemp/server/sv_game.cpp	src/boundary/mp/game/syscalls/BOTLIB_AI_QUEUE_CONSOLE_MESSAGE.rs	single-file assignment; preserve Raven comments; add args/output source locations
src/boundary/mp/game/syscalls/BOTLIB_AI_REACHABILITY_AREA.rs	MP game	call	module_to_engine	syscall	BOTLIB_AI_REACHABILITY_AREA	validate_existing_args_output	oracle/oracle/codemp/game/g_public.h	oracle/oracle/codemp/game/g_syscalls.c; oracle/oracle/codemp/game/g_local.h; oracle/oracle/codemp/server/sv_game.cpp	src/boundary/mp/game/syscalls/BOTLIB_AI_REACHABILITY_AREA.rs	single-file assignment; preserve Raven comments; add args/output source locations
src/boundary/mp/game/syscalls/BOTLIB_AI_REMOVE_CONSOLE_MESSAGE.rs	MP game	call	module_to_engine	syscall	BOTLIB_AI_REMOVE_CONSOLE_MESSAGE	validate_existing_args_output	oracle/oracle/codemp/game/g_public.h	oracle/oracle/codemp/game/g_syscalls.c; oracle/oracle/codemp/game/g_local.h; oracle/oracle/codemp/server/sv_game.cpp	src/boundary/mp/game/syscalls/BOTLIB_AI_REMOVE_CONSOLE_MESSAGE.rs	single-file assignment; preserve Raven comments; add args/output source locations
src/boundary/mp/game/syscalls/BOTLIB_AI_REMOVE_FROM_AVOID_GOALS.rs	MP game	call	module_to_engine	syscall	BOTLIB_AI_REMOVE_FROM_AVOID_GOALS	validate_existing_args_output	oracle/oracle/codemp/game/g_public.h	oracle/oracle/codemp/game/g_syscalls.c; oracle/oracle/codemp/game/g_local.h; oracle/oracle/codemp/server/sv_game.cpp	src/boundary/mp/game/syscalls/BOTLIB_AI_REMOVE_FROM_AVOID_GOALS.rs	single-file assignment; preserve Raven comments; add args/output source locations
src/boundary/mp/game/syscalls/BOTLIB_AI_REPLACE_SYNONYMS.rs	MP game	call	module_to_engine	syscall	BOTLIB_AI_REPLACE_SYNONYMS	validate_existing_args_output	oracle/oracle/codemp/game/g_public.h	oracle/oracle/codemp/game/g_syscalls.c; oracle/oracle/codemp/game/g_local.h; oracle/oracle/codemp/server/sv_game.cpp	src/boundary/mp/game/syscalls/BOTLIB_AI_REPLACE_SYNONYMS.rs	single-file assignment; preserve Raven comments; add args/output source locations
src/boundary/mp/game/syscalls/BOTLIB_AI_REPLY_CHAT.rs	MP game	call	module_to_engine	syscall	BOTLIB_AI_REPLY_CHAT	validate_existing_args_output	oracle/oracle/codemp/game/g_public.h	oracle/oracle/codemp/game/g_syscalls.c; oracle/oracle/codemp/game/g_local.h; oracle/oracle/codemp/server/sv_game.cpp	src/boundary/mp/game/syscalls/BOTLIB_AI_REPLY_CHAT.rs	single-file assignment; preserve Raven comments; add args/output source locations
src/boundary/mp/game/syscalls/BOTLIB_AI_RESET_AVOID_GOALS.rs	MP game	call	module_to_engine	syscall	BOTLIB_AI_RESET_AVOID_GOALS	validate_existing_args_output	oracle/oracle/codemp/game/g_public.h	oracle/oracle/codemp/game/g_syscalls.c; oracle/oracle/codemp/game/g_local.h; oracle/oracle/codemp/server/sv_game.cpp	src/boundary/mp/game/syscalls/BOTLIB_AI_RESET_AVOID_GOALS.rs	single-file assignment; preserve Raven comments; add args/output source locations
src/boundary/mp/game/syscalls/BOTLIB_AI_RESET_AVOID_REACH.rs	MP game	call	module_to_engine	syscall	BOTLIB_AI_RESET_AVOID_REACH	validate_existing_args_output	oracle/oracle/codemp/game/g_public.h	oracle/oracle/codemp/game/g_syscalls.c; oracle/oracle/codemp/game/g_local.h; oracle/oracle/codemp/server/sv_game.cpp	src/boundary/mp/game/syscalls/BOTLIB_AI_RESET_AVOID_REACH.rs	single-file assignment; preserve Raven comments; add args/output source locations
src/boundary/mp/game/syscalls/BOTLIB_AI_RESET_GOAL_STATE.rs	MP game	call	module_to_engine	syscall	BOTLIB_AI_RESET_GOAL_STATE	validate_existing_args_output	oracle/oracle/codemp/game/g_public.h	oracle/oracle/codemp/game/g_syscalls.c; oracle/oracle/codemp/game/g_local.h; oracle/oracle/codemp/server/sv_game.cpp	src/boundary/mp/game/syscalls/BOTLIB_AI_RESET_GOAL_STATE.rs	single-file assignment; preserve Raven comments; add args/output source locations
src/boundary/mp/game/syscalls/BOTLIB_AI_RESET_LAST_AVOID_REACH.rs	MP game	call	module_to_engine	syscall	BOTLIB_AI_RESET_LAST_AVOID_REACH	validate_existing_args_output	oracle/oracle/codemp/game/g_public.h	oracle/oracle/codemp/game/g_syscalls.c; oracle/oracle/codemp/game/g_local.h; oracle/oracle/codemp/server/sv_game.cpp	src/boundary/mp/game/syscalls/BOTLIB_AI_RESET_LAST_AVOID_REACH.rs	single-file assignment; preserve Raven comments; add args/output source locations
src/boundary/mp/game/syscalls/BOTLIB_AI_RESET_MOVE_STATE.rs	MP game	call	module_to_engine	syscall	BOTLIB_AI_RESET_MOVE_STATE	validate_existing_args_output	oracle/oracle/codemp/game/g_public.h	oracle/oracle/codemp/game/g_syscalls.c; oracle/oracle/codemp/game/g_local.h; oracle/oracle/codemp/server/sv_game.cpp	src/boundary/mp/game/syscalls/BOTLIB_AI_RESET_MOVE_STATE.rs	single-file assignment; preserve Raven comments; add args/output source locations
src/boundary/mp/game/syscalls/BOTLIB_AI_RESET_WEAPON_STATE.rs	MP game	call	module_to_engine	syscall	BOTLIB_AI_RESET_WEAPON_STATE	validate_existing_args_output	oracle/oracle/codemp/game/g_public.h	oracle/oracle/codemp/game/g_syscalls.c; oracle/oracle/codemp/game/g_local.h; oracle/oracle/codemp/server/sv_game.cpp	src/boundary/mp/game/syscalls/BOTLIB_AI_RESET_WEAPON_STATE.rs	single-file assignment; preserve Raven comments; add args/output source locations
src/boundary/mp/game/syscalls/BOTLIB_AI_SAVE_GOAL_FUZZY_LOGIC.rs	MP game	call	module_to_engine	syscall	BOTLIB_AI_SAVE_GOAL_FUZZY_LOGIC	validate_existing_args_output	oracle/oracle/codemp/game/g_public.h	oracle/oracle/codemp/game/g_syscalls.c; oracle/oracle/codemp/game/g_local.h; oracle/oracle/codemp/server/sv_game.cpp	src/boundary/mp/game/syscalls/BOTLIB_AI_SAVE_GOAL_FUZZY_LOGIC.rs	single-file assignment; preserve Raven comments; add args/output source locations
src/boundary/mp/game/syscalls/BOTLIB_AI_SET_AVOID_GOAL_TIME.rs	MP game	call	module_to_engine	syscall	BOTLIB_AI_SET_AVOID_GOAL_TIME	validate_existing_args_output	oracle/oracle/codemp/game/g_public.h	oracle/oracle/codemp/game/g_syscalls.c; oracle/oracle/codemp/game/g_local.h; oracle/oracle/codemp/server/sv_game.cpp	src/boundary/mp/game/syscalls/BOTLIB_AI_SET_AVOID_GOAL_TIME.rs	single-file assignment; preserve Raven comments; add args/output source locations
src/boundary/mp/game/syscalls/BOTLIB_AI_SET_CHAT_GENDER.rs	MP game	call	module_to_engine	syscall	BOTLIB_AI_SET_CHAT_GENDER	validate_existing_args_output	oracle/oracle/codemp/game/g_public.h	oracle/oracle/codemp/game/g_syscalls.c; oracle/oracle/codemp/game/g_local.h; oracle/oracle/codemp/server/sv_game.cpp	src/boundary/mp/game/syscalls/BOTLIB_AI_SET_CHAT_GENDER.rs	single-file assignment; preserve Raven comments; add args/output source locations
src/boundary/mp/game/syscalls/BOTLIB_AI_SET_CHAT_NAME.rs	MP game	call	module_to_engine	syscall	BOTLIB_AI_SET_CHAT_NAME	validate_existing_args_output	oracle/oracle/codemp/game/g_public.h	oracle/oracle/codemp/game/g_syscalls.c; oracle/oracle/codemp/game/g_local.h; oracle/oracle/codemp/server/sv_game.cpp	src/boundary/mp/game/syscalls/BOTLIB_AI_SET_CHAT_NAME.rs	single-file assignment; preserve Raven comments; add args/output source locations
src/boundary/mp/game/syscalls/BOTLIB_AI_STRING_CONTAINS.rs	MP game	call	module_to_engine	syscall	BOTLIB_AI_STRING_CONTAINS	validate_existing_args_output	oracle/oracle/codemp/game/g_public.h	oracle/oracle/codemp/game/g_syscalls.c; oracle/oracle/codemp/game/g_local.h; oracle/oracle/codemp/server/sv_game.cpp	src/boundary/mp/game/syscalls/BOTLIB_AI_STRING_CONTAINS.rs	single-file assignment; preserve Raven comments; add args/output source locations
src/boundary/mp/game/syscalls/BOTLIB_AI_TOUCHING_GOAL.rs	MP game	call	module_to_engine	syscall	BOTLIB_AI_TOUCHING_GOAL	validate_existing_args_output	oracle/oracle/codemp/game/g_public.h	oracle/oracle/codemp/game/g_syscalls.c; oracle/oracle/codemp/game/g_local.h; oracle/oracle/codemp/server/sv_game.cpp	src/boundary/mp/game/syscalls/BOTLIB_AI_TOUCHING_GOAL.rs	single-file assignment; preserve Raven comments; add args/output source locations
src/boundary/mp/game/syscalls/BOTLIB_AI_UNIFY_WHITE_SPACES.rs	MP game	call	module_to_engine	syscall	BOTLIB_AI_UNIFY_WHITE_SPACES	validate_existing_args_output	oracle/oracle/codemp/game/g_public.h	oracle/oracle/codemp/game/g_syscalls.c; oracle/oracle/codemp/game/g_local.h; oracle/oracle/codemp/server/sv_game.cpp	src/boundary/mp/game/syscalls/BOTLIB_AI_UNIFY_WHITE_SPACES.rs	single-file assignment; preserve Raven comments; add args/output source locations
src/boundary/mp/game/syscalls/BOTLIB_AI_UPDATE_ENTITY_ITEMS.rs	MP game	call	module_to_engine	syscall	BOTLIB_AI_UPDATE_ENTITY_ITEMS	validate_existing_args_output	oracle/oracle/codemp/game/g_public.h	oracle/oracle/codemp/game/g_syscalls.c; oracle/oracle/codemp/game/g_local.h; oracle/oracle/codemp/server/sv_game.cpp	src/boundary/mp/game/syscalls/BOTLIB_AI_UPDATE_ENTITY_ITEMS.rs	single-file assignment; preserve Raven comments; add args/output source locations
src/boundary/mp/game/syscalls/BOTLIB_EA_ACTION.rs	MP game	call	module_to_engine	syscall	BOTLIB_EA_ACTION	validate_existing_args_output	oracle/oracle/codemp/game/g_public.h	oracle/oracle/codemp/game/g_syscalls.c; oracle/oracle/codemp/game/g_local.h; oracle/oracle/codemp/server/sv_game.cpp	src/boundary/mp/game/syscalls/BOTLIB_EA_ACTION.rs	single-file assignment; preserve Raven comments; add args/output source locations
src/boundary/mp/game/syscalls/BOTLIB_EA_ALT_ATTACK.rs	MP game	call	module_to_engine	syscall	BOTLIB_EA_ALT_ATTACK	validate_existing_args_output	oracle/oracle/codemp/game/g_public.h	oracle/oracle/codemp/game/g_syscalls.c; oracle/oracle/codemp/game/g_local.h; oracle/oracle/codemp/server/sv_game.cpp	src/boundary/mp/game/syscalls/BOTLIB_EA_ALT_ATTACK.rs	single-file assignment; preserve Raven comments; add args/output source locations
src/boundary/mp/game/syscalls/BOTLIB_EA_ATTACK.rs	MP game	call	module_to_engine	syscall	BOTLIB_EA_ATTACK	validate_existing_args_output	oracle/oracle/codemp/game/g_public.h	oracle/oracle/codemp/game/g_syscalls.c; oracle/oracle/codemp/game/g_local.h; oracle/oracle/codemp/server/sv_game.cpp	src/boundary/mp/game/syscalls/BOTLIB_EA_ATTACK.rs	single-file assignment; preserve Raven comments; add args/output source locations
src/boundary/mp/game/syscalls/BOTLIB_EA_COMMAND.rs	MP game	call	module_to_engine	syscall	BOTLIB_EA_COMMAND	validate_existing_args_output	oracle/oracle/codemp/game/g_public.h	oracle/oracle/codemp/game/g_syscalls.c; oracle/oracle/codemp/game/g_local.h; oracle/oracle/codemp/server/sv_game.cpp	src/boundary/mp/game/syscalls/BOTLIB_EA_COMMAND.rs	single-file assignment; preserve Raven comments; add args/output source locations
src/boundary/mp/game/syscalls/BOTLIB_EA_CROUCH.rs	MP game	call	module_to_engine	syscall	BOTLIB_EA_CROUCH	validate_existing_args_output	oracle/oracle/codemp/game/g_public.h	oracle/oracle/codemp/game/g_syscalls.c; oracle/oracle/codemp/game/g_local.h; oracle/oracle/codemp/server/sv_game.cpp	src/boundary/mp/game/syscalls/BOTLIB_EA_CROUCH.rs	single-file assignment; preserve Raven comments; add args/output source locations
src/boundary/mp/game/syscalls/BOTLIB_EA_DELAYED_JUMP.rs	MP game	call	module_to_engine	syscall	BOTLIB_EA_DELAYED_JUMP	validate_existing_args_output	oracle/oracle/codemp/game/g_public.h	oracle/oracle/codemp/game/g_syscalls.c; oracle/oracle/codemp/game/g_local.h; oracle/oracle/codemp/server/sv_game.cpp	src/boundary/mp/game/syscalls/BOTLIB_EA_DELAYED_JUMP.rs	single-file assignment; preserve Raven comments; add args/output source locations
src/boundary/mp/game/syscalls/BOTLIB_EA_END_REGULAR.rs	MP game	call	module_to_engine	syscall	BOTLIB_EA_END_REGULAR	validate_existing_args_output	oracle/oracle/codemp/game/g_public.h	oracle/oracle/codemp/game/g_syscalls.c; oracle/oracle/codemp/game/g_local.h; oracle/oracle/codemp/server/sv_game.cpp	src/boundary/mp/game/syscalls/BOTLIB_EA_END_REGULAR.rs	single-file assignment; preserve Raven comments; add args/output source locations
src/boundary/mp/game/syscalls/BOTLIB_EA_FORCEPOWER.rs	MP game	call	module_to_engine	syscall	BOTLIB_EA_FORCEPOWER	validate_existing_args_output	oracle/oracle/codemp/game/g_public.h	oracle/oracle/codemp/game/g_syscalls.c; oracle/oracle/codemp/game/g_local.h; oracle/oracle/codemp/server/sv_game.cpp	src/boundary/mp/game/syscalls/BOTLIB_EA_FORCEPOWER.rs	single-file assignment; preserve Raven comments; add args/output source locations
src/boundary/mp/game/syscalls/BOTLIB_EA_GESTURE.rs	MP game	call	module_to_engine	syscall	BOTLIB_EA_GESTURE	validate_existing_args_output	oracle/oracle/codemp/game/g_public.h	oracle/oracle/codemp/game/g_syscalls.c; oracle/oracle/codemp/game/g_local.h; oracle/oracle/codemp/server/sv_game.cpp	src/boundary/mp/game/syscalls/BOTLIB_EA_GESTURE.rs	single-file assignment; preserve Raven comments; add args/output source locations
src/boundary/mp/game/syscalls/BOTLIB_EA_GET_INPUT.rs	MP game	call	module_to_engine	syscall	BOTLIB_EA_GET_INPUT	validate_existing_args_output	oracle/oracle/codemp/game/g_public.h	oracle/oracle/codemp/game/g_syscalls.c; oracle/oracle/codemp/game/g_local.h; oracle/oracle/codemp/server/sv_game.cpp	src/boundary/mp/game/syscalls/BOTLIB_EA_GET_INPUT.rs	single-file assignment; preserve Raven comments; add args/output source locations
src/boundary/mp/game/syscalls/BOTLIB_EA_JUMP.rs	MP game	call	module_to_engine	syscall	BOTLIB_EA_JUMP	validate_existing_args_output	oracle/oracle/codemp/game/g_public.h	oracle/oracle/codemp/game/g_syscalls.c; oracle/oracle/codemp/game/g_local.h; oracle/oracle/codemp/server/sv_game.cpp	src/boundary/mp/game/syscalls/BOTLIB_EA_JUMP.rs	single-file assignment; preserve Raven comments; add args/output source locations
src/boundary/mp/game/syscalls/BOTLIB_EA_MOVE.rs	MP game	call	module_to_engine	syscall	BOTLIB_EA_MOVE	validate_existing_args_output	oracle/oracle/codemp/game/g_public.h	oracle/oracle/codemp/game/g_syscalls.c; oracle/oracle/codemp/game/g_local.h; oracle/oracle/codemp/server/sv_game.cpp	src/boundary/mp/game/syscalls/BOTLIB_EA_MOVE.rs	single-file assignment; preserve Raven comments; add args/output source locations
src/boundary/mp/game/syscalls/BOTLIB_EA_MOVE_BACK.rs	MP game	call	module_to_engine	syscall	BOTLIB_EA_MOVE_BACK	validate_existing_args_output	oracle/oracle/codemp/game/g_public.h	oracle/oracle/codemp/game/g_syscalls.c; oracle/oracle/codemp/game/g_local.h; oracle/oracle/codemp/server/sv_game.cpp	src/boundary/mp/game/syscalls/BOTLIB_EA_MOVE_BACK.rs	single-file assignment; preserve Raven comments; add args/output source locations
src/boundary/mp/game/syscalls/BOTLIB_EA_MOVE_DOWN.rs	MP game	call	module_to_engine	syscall	BOTLIB_EA_MOVE_DOWN	validate_existing_args_output	oracle/oracle/codemp/game/g_public.h	oracle/oracle/codemp/game/g_syscalls.c; oracle/oracle/codemp/game/g_local.h; oracle/oracle/codemp/server/sv_game.cpp	src/boundary/mp/game/syscalls/BOTLIB_EA_MOVE_DOWN.rs	single-file assignment; preserve Raven comments; add args/output source locations
src/boundary/mp/game/syscalls/BOTLIB_EA_MOVE_FORWARD.rs	MP game	call	module_to_engine	syscall	BOTLIB_EA_MOVE_FORWARD	validate_existing_args_output	oracle/oracle/codemp/game/g_public.h	oracle/oracle/codemp/game/g_syscalls.c; oracle/oracle/codemp/game/g_local.h; oracle/oracle/codemp/server/sv_game.cpp	src/boundary/mp/game/syscalls/BOTLIB_EA_MOVE_FORWARD.rs	single-file assignment; preserve Raven comments; add args/output source locations
src/boundary/mp/game/syscalls/BOTLIB_EA_MOVE_LEFT.rs	MP game	call	module_to_engine	syscall	BOTLIB_EA_MOVE_LEFT	validate_existing_args_output	oracle/oracle/codemp/game/g_public.h	oracle/oracle/codemp/game/g_syscalls.c; oracle/oracle/codemp/game/g_local.h; oracle/oracle/codemp/server/sv_game.cpp	src/boundary/mp/game/syscalls/BOTLIB_EA_MOVE_LEFT.rs	single-file assignment; preserve Raven comments; add args/output source locations
src/boundary/mp/game/syscalls/BOTLIB_EA_MOVE_RIGHT.rs	MP game	call	module_to_engine	syscall	BOTLIB_EA_MOVE_RIGHT	validate_existing_args_output	oracle/oracle/codemp/game/g_public.h	oracle/oracle/codemp/game/g_syscalls.c; oracle/oracle/codemp/game/g_local.h; oracle/oracle/codemp/server/sv_game.cpp	src/boundary/mp/game/syscalls/BOTLIB_EA_MOVE_RIGHT.rs	single-file assignment; preserve Raven comments; add args/output source locations
src/boundary/mp/game/syscalls/BOTLIB_EA_MOVE_UP.rs	MP game	call	module_to_engine	syscall	BOTLIB_EA_MOVE_UP	validate_existing_args_output	oracle/oracle/codemp/game/g_public.h	oracle/oracle/codemp/game/g_syscalls.c; oracle/oracle/codemp/game/g_local.h; oracle/oracle/codemp/server/sv_game.cpp	src/boundary/mp/game/syscalls/BOTLIB_EA_MOVE_UP.rs	single-file assignment; preserve Raven comments; add args/output source locations
src/boundary/mp/game/syscalls/BOTLIB_EA_RESET_INPUT.rs	MP game	call	module_to_engine	syscall	BOTLIB_EA_RESET_INPUT	validate_existing_args_output	oracle/oracle/codemp/game/g_public.h	oracle/oracle/codemp/game/g_syscalls.c; oracle/oracle/codemp/game/g_local.h; oracle/oracle/codemp/server/sv_game.cpp	src/boundary/mp/game/syscalls/BOTLIB_EA_RESET_INPUT.rs	single-file assignment; preserve Raven comments; add args/output source locations
src/boundary/mp/game/syscalls/BOTLIB_EA_RESPAWN.rs	MP game	call	module_to_engine	syscall	BOTLIB_EA_RESPAWN	validate_existing_args_output	oracle/oracle/codemp/game/g_public.h	oracle/oracle/codemp/game/g_syscalls.c; oracle/oracle/codemp/game/g_local.h; oracle/oracle/codemp/server/sv_game.cpp	src/boundary/mp/game/syscalls/BOTLIB_EA_RESPAWN.rs	single-file assignment; preserve Raven comments; add args/output source locations
src/boundary/mp/game/syscalls/BOTLIB_EA_SAY.rs	MP game	call	module_to_engine	syscall	BOTLIB_EA_SAY	validate_existing_args_output	oracle/oracle/codemp/game/g_public.h	oracle/oracle/codemp/game/g_syscalls.c; oracle/oracle/codemp/game/g_local.h; oracle/oracle/codemp/server/sv_game.cpp	src/boundary/mp/game/syscalls/BOTLIB_EA_SAY.rs	single-file assignment; preserve Raven comments; add args/output source locations
src/boundary/mp/game/syscalls/BOTLIB_EA_SAY_TEAM.rs	MP game	call	module_to_engine	syscall	BOTLIB_EA_SAY_TEAM	validate_existing_args_output	oracle/oracle/codemp/game/g_public.h	oracle/oracle/codemp/game/g_syscalls.c; oracle/oracle/codemp/game/g_local.h; oracle/oracle/codemp/server/sv_game.cpp	src/boundary/mp/game/syscalls/BOTLIB_EA_SAY_TEAM.rs	single-file assignment; preserve Raven comments; add args/output source locations
src/boundary/mp/game/syscalls/BOTLIB_EA_SELECT_WEAPON.rs	MP game	call	module_to_engine	syscall	BOTLIB_EA_SELECT_WEAPON	validate_existing_args_output	oracle/oracle/codemp/game/g_public.h	oracle/oracle/codemp/game/g_syscalls.c; oracle/oracle/codemp/game/g_local.h; oracle/oracle/codemp/server/sv_game.cpp	src/boundary/mp/game/syscalls/BOTLIB_EA_SELECT_WEAPON.rs	single-file assignment; preserve Raven comments; add args/output source locations
src/boundary/mp/game/syscalls/BOTLIB_EA_TALK.rs	MP game	call	module_to_engine	syscall	BOTLIB_EA_TALK	validate_existing_args_output	oracle/oracle/codemp/game/g_public.h	oracle/oracle/codemp/game/g_syscalls.c; oracle/oracle/codemp/game/g_local.h; oracle/oracle/codemp/server/sv_game.cpp	src/boundary/mp/game/syscalls/BOTLIB_EA_TALK.rs	single-file assignment; preserve Raven comments; add args/output source locations
src/boundary/mp/game/syscalls/BOTLIB_EA_USE.rs	MP game	call	module_to_engine	syscall	BOTLIB_EA_USE	validate_existing_args_output	oracle/oracle/codemp/game/g_public.h	oracle/oracle/codemp/game/g_syscalls.c; oracle/oracle/codemp/game/g_local.h; oracle/oracle/codemp/server/sv_game.cpp	src/boundary/mp/game/syscalls/BOTLIB_EA_USE.rs	single-file assignment; preserve Raven comments; add args/output source locations
src/boundary/mp/game/syscalls/BOTLIB_EA_VIEW.rs	MP game	call	module_to_engine	syscall	BOTLIB_EA_VIEW	validate_existing_args_output	oracle/oracle/codemp/game/g_public.h	oracle/oracle/codemp/game/g_syscalls.c; oracle/oracle/codemp/game/g_local.h; oracle/oracle/codemp/server/sv_game.cpp	src/boundary/mp/game/syscalls/BOTLIB_EA_VIEW.rs	single-file assignment; preserve Raven comments; add args/output source locations
src/boundary/mp/game/syscalls/BOTLIB_GET_CONSOLE_MESSAGE.rs	MP game	call	module_to_engine	syscall	BOTLIB_GET_CONSOLE_MESSAGE	validate_existing_args_output	oracle/oracle/codemp/game/g_public.h	oracle/oracle/codemp/game/g_syscalls.c; oracle/oracle/codemp/game/g_local.h; oracle/oracle/codemp/server/sv_game.cpp	src/boundary/mp/game/syscalls/BOTLIB_GET_CONSOLE_MESSAGE.rs	single-file assignment; preserve Raven comments; add args/output source locations
src/boundary/mp/game/syscalls/BOTLIB_GET_SNAPSHOT_ENTITY.rs	MP game	call	module_to_engine	syscall	BOTLIB_GET_SNAPSHOT_ENTITY	validate_existing_args_output	oracle/oracle/codemp/game/g_public.h	oracle/oracle/codemp/game/g_syscalls.c; oracle/oracle/codemp/game/g_local.h; oracle/oracle/codemp/server/sv_game.cpp	src/boundary/mp/game/syscalls/BOTLIB_GET_SNAPSHOT_ENTITY.rs	single-file assignment; preserve Raven comments; add args/output source locations
src/boundary/mp/game/syscalls/BOTLIB_LIBVAR_GET.rs	MP game	call	module_to_engine	syscall	BOTLIB_LIBVAR_GET	validate_existing_args_output	oracle/oracle/codemp/game/g_public.h	oracle/oracle/codemp/game/g_syscalls.c; oracle/oracle/codemp/game/g_local.h; oracle/oracle/codemp/server/sv_game.cpp	src/boundary/mp/game/syscalls/BOTLIB_LIBVAR_GET.rs	single-file assignment; preserve Raven comments; add args/output source locations
src/boundary/mp/game/syscalls/BOTLIB_LIBVAR_SET.rs	MP game	call	module_to_engine	syscall	BOTLIB_LIBVAR_SET	validate_existing_args_output	oracle/oracle/codemp/game/g_public.h	oracle/oracle/codemp/game/g_syscalls.c; oracle/oracle/codemp/game/g_local.h; oracle/oracle/codemp/server/sv_game.cpp	src/boundary/mp/game/syscalls/BOTLIB_LIBVAR_SET.rs	single-file assignment; preserve Raven comments; add args/output source locations
src/boundary/mp/game/syscalls/BOTLIB_LOAD_MAP.rs	MP game	call	module_to_engine	syscall	BOTLIB_LOAD_MAP	validate_existing_args_output	oracle/oracle/codemp/game/g_public.h	oracle/oracle/codemp/game/g_syscalls.c; oracle/oracle/codemp/game/g_local.h; oracle/oracle/codemp/server/sv_game.cpp	src/boundary/mp/game/syscalls/BOTLIB_LOAD_MAP.rs	single-file assignment; preserve Raven comments; add args/output source locations
src/boundary/mp/game/syscalls/BOTLIB_PC_ADD_GLOBAL_DEFINE.rs	MP game	call	module_to_engine	syscall	BOTLIB_PC_ADD_GLOBAL_DEFINE	validate_existing_args_output	oracle/oracle/codemp/game/g_public.h	oracle/oracle/codemp/game/g_syscalls.c; oracle/oracle/codemp/game/g_local.h; oracle/oracle/codemp/server/sv_game.cpp	src/boundary/mp/game/syscalls/BOTLIB_PC_ADD_GLOBAL_DEFINE.rs	single-file assignment; preserve Raven comments; add args/output source locations
src/boundary/mp/game/syscalls/BOTLIB_PC_FREE_SOURCE.rs	MP game	call	module_to_engine	syscall	BOTLIB_PC_FREE_SOURCE	validate_existing_args_output	oracle/oracle/codemp/game/g_public.h	oracle/oracle/codemp/game/g_syscalls.c; oracle/oracle/codemp/game/g_local.h; oracle/oracle/codemp/server/sv_game.cpp	src/boundary/mp/game/syscalls/BOTLIB_PC_FREE_SOURCE.rs	single-file assignment; preserve Raven comments; add args/output source locations
src/boundary/mp/game/syscalls/BOTLIB_PC_LOAD_SOURCE.rs	MP game	call	module_to_engine	syscall	BOTLIB_PC_LOAD_SOURCE	validate_existing_args_output	oracle/oracle/codemp/game/g_public.h	oracle/oracle/codemp/game/g_syscalls.c; oracle/oracle/codemp/game/g_local.h; oracle/oracle/codemp/server/sv_game.cpp	src/boundary/mp/game/syscalls/BOTLIB_PC_LOAD_SOURCE.rs	single-file assignment; preserve Raven comments; add args/output source locations
src/boundary/mp/game/syscalls/BOTLIB_PC_READ_TOKEN.rs	MP game	call	module_to_engine	syscall	BOTLIB_PC_READ_TOKEN	validate_existing_args_output	oracle/oracle/codemp/game/g_public.h	oracle/oracle/codemp/game/g_syscalls.c; oracle/oracle/codemp/game/g_local.h; oracle/oracle/codemp/server/sv_game.cpp	src/boundary/mp/game/syscalls/BOTLIB_PC_READ_TOKEN.rs	single-file assignment; preserve Raven comments; add args/output source locations
src/boundary/mp/game/syscalls/BOTLIB_PC_SOURCE_FILE_AND_LINE.rs	MP game	call	module_to_engine	syscall	BOTLIB_PC_SOURCE_FILE_AND_LINE	validate_existing_args_output	oracle/oracle/codemp/game/g_public.h	oracle/oracle/codemp/game/g_syscalls.c; oracle/oracle/codemp/game/g_local.h; oracle/oracle/codemp/server/sv_game.cpp	src/boundary/mp/game/syscalls/BOTLIB_PC_SOURCE_FILE_AND_LINE.rs	single-file assignment; preserve Raven comments; add args/output source locations
src/boundary/mp/game/syscalls/BOTLIB_SETUP.rs	MP game	call	module_to_engine	syscall	BOTLIB_SETUP	validate_existing_args_output	oracle/oracle/codemp/game/g_public.h	oracle/oracle/codemp/game/g_syscalls.c; oracle/oracle/codemp/game/g_local.h; oracle/oracle/codemp/server/sv_game.cpp	src/boundary/mp/game/syscalls/BOTLIB_SETUP.rs	single-file assignment; preserve Raven comments; add args/output source locations
src/boundary/mp/game/syscalls/BOTLIB_SHUTDOWN.rs	MP game	call	module_to_engine	syscall	BOTLIB_SHUTDOWN	validate_existing_args_output	oracle/oracle/codemp/game/g_public.h	oracle/oracle/codemp/game/g_syscalls.c; oracle/oracle/codemp/game/g_local.h; oracle/oracle/codemp/server/sv_game.cpp	src/boundary/mp/game/syscalls/BOTLIB_SHUTDOWN.rs	single-file assignment; preserve Raven comments; add args/output source locations
src/boundary/mp/game/syscalls/BOTLIB_START_FRAME.rs	MP game	call	module_to_engine	syscall	BOTLIB_START_FRAME	validate_existing_args_output	oracle/oracle/codemp/game/g_public.h	oracle/oracle/codemp/game/g_syscalls.c; oracle/oracle/codemp/game/g_local.h; oracle/oracle/codemp/server/sv_game.cpp	src/boundary/mp/game/syscalls/BOTLIB_START_FRAME.rs	single-file assignment; preserve Raven comments; add args/output source locations
src/boundary/mp/game/syscalls/BOTLIB_TEST.rs	MP game	call	module_to_engine	syscall	BOTLIB_TEST	validate_existing_args_output	oracle/oracle/codemp/game/g_public.h	oracle/oracle/codemp/game/g_syscalls.c; oracle/oracle/codemp/game/g_local.h; oracle/oracle/codemp/server/sv_game.cpp	src/boundary/mp/game/syscalls/BOTLIB_TEST.rs	single-file assignment; preserve Raven comments; add args/output source locations
src/boundary/mp/game/syscalls/BOTLIB_UPDATENTITY.rs	MP game	call	module_to_engine	syscall	BOTLIB_UPDATENTITY	validate_existing_args_output	oracle/oracle/codemp/game/g_public.h	oracle/oracle/codemp/game/g_syscalls.c; oracle/oracle/codemp/game/g_local.h; oracle/oracle/codemp/server/sv_game.cpp	src/boundary/mp/game/syscalls/BOTLIB_UPDATENTITY.rs	single-file assignment; preserve Raven comments; add args/output source locations
src/boundary/mp/game/syscalls/BOTLIB_USER_COMMAND.rs	MP game	call	module_to_engine	syscall	BOTLIB_USER_COMMAND	validate_existing_args_output	oracle/oracle/codemp/game/g_public.h	oracle/oracle/codemp/game/g_syscalls.c; oracle/oracle/codemp/game/g_local.h; oracle/oracle/codemp/server/sv_game.cpp	src/boundary/mp/game/syscalls/BOTLIB_USER_COMMAND.rs	single-file assignment; preserve Raven comments; add args/output source locations
src/boundary/mp/game/syscalls/G_ACOS.rs	MP game	call	module_to_engine	syscall	G_ACOS	validate_existing_args_output	oracle/oracle/codemp/game/g_public.h	oracle/oracle/codemp/game/g_syscalls.c; oracle/oracle/codemp/game/g_local.h; oracle/oracle/codemp/server/sv_game.cpp	src/boundary/mp/game/syscalls/G_ACOS.rs	single-file assignment; preserve Raven comments; add args/output source locations
src/boundary/mp/game/syscalls/G_ADJUST_AREA_PORTAL_STATE.rs	MP game	call	module_to_engine	syscall	G_ADJUST_AREA_PORTAL_STATE	validate_existing_args_output	oracle/oracle/codemp/game/g_public.h	oracle/oracle/codemp/game/g_syscalls.c; oracle/oracle/codemp/game/g_local.h; oracle/oracle/codemp/server/sv_game.cpp	src/boundary/mp/game/syscalls/G_ADJUST_AREA_PORTAL_STATE.rs	single-file assignment; preserve Raven comments; add args/output source locations
src/boundary/mp/game/syscalls/G_ANGLEVECTORS.rs	MP game	call	module_to_engine	syscall	G_ANGLEVECTORS	validate_existing_args_output	oracle/oracle/codemp/game/g_public.h	oracle/oracle/codemp/game/g_syscalls.c; oracle/oracle/codemp/game/g_local.h; oracle/oracle/codemp/server/sv_game.cpp	src/boundary/mp/game/syscalls/G_ANGLEVECTORS.rs	single-file assignment; preserve Raven comments; add args/output source locations
src/boundary/mp/game/syscalls/G_AREAS_CONNECTED.rs	MP game	call	module_to_engine	syscall	G_AREAS_CONNECTED	validate_existing_args_output	oracle/oracle/codemp/game/g_public.h	oracle/oracle/codemp/game/g_syscalls.c; oracle/oracle/codemp/game/g_local.h; oracle/oracle/codemp/server/sv_game.cpp	src/boundary/mp/game/syscalls/G_AREAS_CONNECTED.rs	single-file assignment; preserve Raven comments; add args/output source locations
src/boundary/mp/game/syscalls/G_ARGC.rs	MP game	call	module_to_engine	syscall	G_ARGC	validate_existing_args_output	oracle/oracle/codemp/game/g_public.h	oracle/oracle/codemp/game/g_syscalls.c; oracle/oracle/codemp/game/g_local.h; oracle/oracle/codemp/server/sv_game.cpp	src/boundary/mp/game/syscalls/G_ARGC.rs	single-file assignment; preserve Raven comments; add args/output source locations
src/boundary/mp/game/syscalls/G_ARGV.rs	MP game	call	module_to_engine	syscall	G_ARGV	validate_existing_args_output	oracle/oracle/codemp/game/g_public.h	oracle/oracle/codemp/game/g_syscalls.c; oracle/oracle/codemp/game/g_local.h; oracle/oracle/codemp/server/sv_game.cpp	src/boundary/mp/game/syscalls/G_ARGV.rs	single-file assignment; preserve Raven comments; add args/output source locations
src/boundary/mp/game/syscalls/G_ASIN.rs	MP game	call	module_to_engine	syscall	G_ASIN	validate_existing_args_output	oracle/oracle/codemp/game/g_public.h	oracle/oracle/codemp/game/g_syscalls.c; oracle/oracle/codemp/game/g_local.h; oracle/oracle/codemp/server/sv_game.cpp	src/boundary/mp/game/syscalls/G_ASIN.rs	single-file assignment; preserve Raven comments; add args/output source locations
src/boundary/mp/game/syscalls/G_ATAN2.rs	MP game	call	module_to_engine	syscall	G_ATAN2	validate_existing_args_output	oracle/oracle/codemp/game/g_public.h	oracle/oracle/codemp/game/g_syscalls.c; oracle/oracle/codemp/game/g_local.h; oracle/oracle/codemp/server/sv_game.cpp	src/boundary/mp/game/syscalls/G_ATAN2.rs	single-file assignment; preserve Raven comments; add args/output source locations
src/boundary/mp/game/syscalls/G_BOT_ALLOCATE_CLIENT.rs	MP game	call	module_to_engine	syscall	G_BOT_ALLOCATE_CLIENT	validate_existing_args_output	oracle/oracle/codemp/game/g_public.h	oracle/oracle/codemp/game/g_syscalls.c; oracle/oracle/codemp/game/g_local.h; oracle/oracle/codemp/server/sv_game.cpp	src/boundary/mp/game/syscalls/G_BOT_ALLOCATE_CLIENT.rs	single-file assignment; preserve Raven comments; add args/output source locations
src/boundary/mp/game/syscalls/G_BOT_CALCULATEPATHS.rs	MP game	call	module_to_engine	syscall	G_BOT_CALCULATEPATHS	validate_existing_args_output	oracle/oracle/codemp/game/g_public.h	oracle/oracle/codemp/game/g_syscalls.c; oracle/oracle/codemp/game/g_local.h; oracle/oracle/codemp/server/sv_game.cpp	src/boundary/mp/game/syscalls/G_BOT_CALCULATEPATHS.rs	single-file assignment; preserve Raven comments; add args/output source locations
src/boundary/mp/game/syscalls/G_BOT_FREE_CLIENT.rs	MP game	call	module_to_engine	syscall	G_BOT_FREE_CLIENT	validate_existing_args_output	oracle/oracle/codemp/game/g_public.h	oracle/oracle/codemp/game/g_syscalls.c; oracle/oracle/codemp/game/g_local.h; oracle/oracle/codemp/server/sv_game.cpp	src/boundary/mp/game/syscalls/G_BOT_FREE_CLIENT.rs	single-file assignment; preserve Raven comments; add args/output source locations
src/boundary/mp/game/syscalls/G_BOT_UPDATEWAYPOINTS.rs	MP game	call	module_to_engine	syscall	G_BOT_UPDATEWAYPOINTS	validate_existing_args_output	oracle/oracle/codemp/game/g_public.h	oracle/oracle/codemp/game/g_syscalls.c; oracle/oracle/codemp/game/g_local.h; oracle/oracle/codemp/server/sv_game.cpp	src/boundary/mp/game/syscalls/G_BOT_UPDATEWAYPOINTS.rs	single-file assignment; preserve Raven comments; add args/output source locations
src/boundary/mp/game/syscalls/G_CEIL.rs	MP game	call	module_to_engine	syscall	G_CEIL	validate_existing_args_output	oracle/oracle/codemp/game/g_public.h	oracle/oracle/codemp/game/g_syscalls.c; oracle/oracle/codemp/game/g_local.h; oracle/oracle/codemp/server/sv_game.cpp	src/boundary/mp/game/syscalls/G_CEIL.rs	single-file assignment; preserve Raven comments; add args/output source locations
src/boundary/mp/game/syscalls/G_CM_REGISTER_TERRAIN.rs	MP game	call	module_to_engine	syscall	G_CM_REGISTER_TERRAIN	validate_existing_args_output	oracle/oracle/codemp/game/g_public.h	oracle/oracle/codemp/game/g_syscalls.c; oracle/oracle/codemp/game/g_local.h; oracle/oracle/codemp/server/sv_game.cpp	src/boundary/mp/game/syscalls/G_CM_REGISTER_TERRAIN.rs	single-file assignment; preserve Raven comments; add args/output source locations
src/boundary/mp/game/syscalls/G_COS.rs	MP game	call	module_to_engine	syscall	G_COS	validate_existing_args_output	oracle/oracle/codemp/game/g_public.h	oracle/oracle/codemp/game/g_syscalls.c; oracle/oracle/codemp/game/g_local.h; oracle/oracle/codemp/server/sv_game.cpp	src/boundary/mp/game/syscalls/G_COS.rs	single-file assignment; preserve Raven comments; add args/output source locations
src/boundary/mp/game/syscalls/G_CVAR_REGISTER.rs	MP game	call	module_to_engine	syscall	G_CVAR_REGISTER	validate_existing_args_output	oracle/oracle/codemp/game/g_public.h	oracle/oracle/codemp/game/g_syscalls.c; oracle/oracle/codemp/game/g_local.h; oracle/oracle/codemp/server/sv_game.cpp	src/boundary/mp/game/syscalls/G_CVAR_REGISTER.rs	single-file assignment; preserve Raven comments; add args/output source locations
src/boundary/mp/game/syscalls/G_CVAR_SET.rs	MP game	call	module_to_engine	syscall	G_CVAR_SET	validate_existing_args_output	oracle/oracle/codemp/game/g_public.h	oracle/oracle/codemp/game/g_syscalls.c; oracle/oracle/codemp/game/g_local.h; oracle/oracle/codemp/server/sv_game.cpp	src/boundary/mp/game/syscalls/G_CVAR_SET.rs	single-file assignment; preserve Raven comments; add args/output source locations
src/boundary/mp/game/syscalls/G_CVAR_UPDATE.rs	MP game	call	module_to_engine	syscall	G_CVAR_UPDATE	validate_existing_args_output	oracle/oracle/codemp/game/g_public.h	oracle/oracle/codemp/game/g_syscalls.c; oracle/oracle/codemp/game/g_local.h; oracle/oracle/codemp/server/sv_game.cpp	src/boundary/mp/game/syscalls/G_CVAR_UPDATE.rs	single-file assignment; preserve Raven comments; add args/output source locations
src/boundary/mp/game/syscalls/G_CVAR_VARIABLE_INTEGER_VALUE.rs	MP game	call	module_to_engine	syscall	G_CVAR_VARIABLE_INTEGER_VALUE	validate_existing_args_output	oracle/oracle/codemp/game/g_public.h	oracle/oracle/codemp/game/g_syscalls.c; oracle/oracle/codemp/game/g_local.h; oracle/oracle/codemp/server/sv_game.cpp	src/boundary/mp/game/syscalls/G_CVAR_VARIABLE_INTEGER_VALUE.rs	single-file assignment; preserve Raven comments; add args/output source locations
src/boundary/mp/game/syscalls/G_CVAR_VARIABLE_STRING_BUFFER.rs	MP game	call	module_to_engine	syscall	G_CVAR_VARIABLE_STRING_BUFFER	validate_existing_args_output	oracle/oracle/codemp/game/g_public.h	oracle/oracle/codemp/game/g_syscalls.c; oracle/oracle/codemp/game/g_local.h; oracle/oracle/codemp/server/sv_game.cpp	src/boundary/mp/game/syscalls/G_CVAR_VARIABLE_STRING_BUFFER.rs	single-file assignment; preserve Raven comments; add args/output source locations
src/boundary/mp/game/syscalls/G_DEBUG_POLYGON_CREATE.rs	MP game	call	module_to_engine	syscall	G_DEBUG_POLYGON_CREATE	validate_existing_args_output	oracle/oracle/codemp/game/g_public.h	oracle/oracle/codemp/game/g_syscalls.c; oracle/oracle/codemp/game/g_local.h; oracle/oracle/codemp/server/sv_game.cpp	src/boundary/mp/game/syscalls/G_DEBUG_POLYGON_CREATE.rs	single-file assignment; preserve Raven comments; add args/output source locations
src/boundary/mp/game/syscalls/G_DEBUG_POLYGON_DELETE.rs	MP game	call	module_to_engine	syscall	G_DEBUG_POLYGON_DELETE	validate_existing_args_output	oracle/oracle/codemp/game/g_public.h	oracle/oracle/codemp/game/g_syscalls.c; oracle/oracle/codemp/game/g_local.h; oracle/oracle/codemp/server/sv_game.cpp	src/boundary/mp/game/syscalls/G_DEBUG_POLYGON_DELETE.rs	single-file assignment; preserve Raven comments; add args/output source locations
src/boundary/mp/game/syscalls/G_DROP_CLIENT.rs	MP game	call	module_to_engine	syscall	G_DROP_CLIENT	validate_existing_args_output	oracle/oracle/codemp/game/g_public.h	oracle/oracle/codemp/game/g_syscalls.c; oracle/oracle/codemp/game/g_local.h; oracle/oracle/codemp/server/sv_game.cpp	src/boundary/mp/game/syscalls/G_DROP_CLIENT.rs	single-file assignment; preserve Raven comments; add args/output source locations
src/boundary/mp/game/syscalls/G_ENTITIES_IN_BOX.rs	MP game	call	module_to_engine	syscall	G_ENTITIES_IN_BOX	validate_existing_args_output	oracle/oracle/codemp/game/g_public.h	oracle/oracle/codemp/game/g_syscalls.c; oracle/oracle/codemp/game/g_local.h; oracle/oracle/codemp/server/sv_game.cpp	src/boundary/mp/game/syscalls/G_ENTITIES_IN_BOX.rs	single-file assignment; preserve Raven comments; add args/output source locations
src/boundary/mp/game/syscalls/G_ENTITY_CONTACT.rs	MP game	call	module_to_engine	syscall	G_ENTITY_CONTACT	validate_existing_args_output	oracle/oracle/codemp/game/g_public.h	oracle/oracle/codemp/game/g_syscalls.c; oracle/oracle/codemp/game/g_local.h; oracle/oracle/codemp/server/sv_game.cpp	src/boundary/mp/game/syscalls/G_ENTITY_CONTACT.rs	single-file assignment; preserve Raven comments; add args/output source locations
src/boundary/mp/game/syscalls/G_ENTITY_CONTACTCAPSULE.rs	MP game	call	module_to_engine	syscall	G_ENTITY_CONTACTCAPSULE	validate_existing_args_output	oracle/oracle/codemp/game/g_public.h	oracle/oracle/codemp/game/g_syscalls.c; oracle/oracle/codemp/game/g_local.h; oracle/oracle/codemp/server/sv_game.cpp	src/boundary/mp/game/syscalls/G_ENTITY_CONTACTCAPSULE.rs	single-file assignment; preserve Raven comments; add args/output source locations
src/boundary/mp/game/syscalls/G_ERROR.rs	MP game	call	module_to_engine	syscall	G_ERROR	validate_existing_args_output	oracle/oracle/codemp/game/g_public.h	oracle/oracle/codemp/game/g_syscalls.c; oracle/oracle/codemp/game/g_local.h; oracle/oracle/codemp/server/sv_game.cpp	src/boundary/mp/game/syscalls/G_ERROR.rs	single-file assignment; preserve Raven comments; add args/output source locations
src/boundary/mp/game/syscalls/G_FLOOR.rs	MP game	call	module_to_engine	syscall	G_FLOOR	validate_existing_args_output	oracle/oracle/codemp/game/g_public.h	oracle/oracle/codemp/game/g_syscalls.c; oracle/oracle/codemp/game/g_local.h; oracle/oracle/codemp/server/sv_game.cpp	src/boundary/mp/game/syscalls/G_FLOOR.rs	single-file assignment; preserve Raven comments; add args/output source locations
src/boundary/mp/game/syscalls/G_FS_FCLOSE_FILE.rs	MP game	call	module_to_engine	syscall	G_FS_FCLOSE_FILE	validate_existing_args_output	oracle/oracle/codemp/game/g_public.h	oracle/oracle/codemp/game/g_syscalls.c; oracle/oracle/codemp/game/g_local.h; oracle/oracle/codemp/server/sv_game.cpp	src/boundary/mp/game/syscalls/G_FS_FCLOSE_FILE.rs	single-file assignment; preserve Raven comments; add args/output source locations
src/boundary/mp/game/syscalls/G_FS_FOPEN_FILE.rs	MP game	call	module_to_engine	syscall	G_FS_FOPEN_FILE	validate_existing_args_output	oracle/oracle/codemp/game/g_public.h	oracle/oracle/codemp/game/g_syscalls.c; oracle/oracle/codemp/game/g_local.h; oracle/oracle/codemp/server/sv_game.cpp	src/boundary/mp/game/syscalls/G_FS_FOPEN_FILE.rs	single-file assignment; preserve Raven comments; add args/output source locations
src/boundary/mp/game/syscalls/G_FS_GETFILELIST.rs	MP game	call	module_to_engine	syscall	G_FS_GETFILELIST	validate_existing_args_output	oracle/oracle/codemp/game/g_public.h	oracle/oracle/codemp/game/g_syscalls.c; oracle/oracle/codemp/game/g_local.h; oracle/oracle/codemp/server/sv_game.cpp	src/boundary/mp/game/syscalls/G_FS_GETFILELIST.rs	single-file assignment; preserve Raven comments; add args/output source locations
src/boundary/mp/game/syscalls/G_FS_READ.rs	MP game	call	module_to_engine	syscall	G_FS_READ	validate_existing_args_output	oracle/oracle/codemp/game/g_public.h	oracle/oracle/codemp/game/g_syscalls.c; oracle/oracle/codemp/game/g_local.h; oracle/oracle/codemp/server/sv_game.cpp	src/boundary/mp/game/syscalls/G_FS_READ.rs	single-file assignment; preserve Raven comments; add args/output source locations
src/boundary/mp/game/syscalls/G_FS_WRITE.rs	MP game	call	module_to_engine	syscall	G_FS_WRITE	validate_existing_args_output	oracle/oracle/codemp/game/g_public.h	oracle/oracle/codemp/game/g_syscalls.c; oracle/oracle/codemp/game/g_local.h; oracle/oracle/codemp/server/sv_game.cpp	src/boundary/mp/game/syscalls/G_FS_WRITE.rs	single-file assignment; preserve Raven comments; add args/output source locations
src/boundary/mp/game/syscalls/G_G2TRACE.rs	MP game	call	module_to_engine	syscall	G_G2TRACE	validate_existing_args_output	oracle/oracle/codemp/game/g_public.h	oracle/oracle/codemp/game/g_syscalls.c; oracle/oracle/codemp/game/g_local.h; oracle/oracle/codemp/server/sv_game.cpp	src/boundary/mp/game/syscalls/G_G2TRACE.rs	single-file assignment; preserve Raven comments; add args/output source locations
src/boundary/mp/game/syscalls/G_G2_ABSURDSMOOTHING.rs	MP game	call	module_to_engine	syscall	G_G2_ABSURDSMOOTHING	validate_existing_args_output	oracle/oracle/codemp/game/g_public.h	oracle/oracle/codemp/game/g_syscalls.c; oracle/oracle/codemp/game/g_local.h; oracle/oracle/codemp/server/sv_game.cpp	src/boundary/mp/game/syscalls/G_G2_ABSURDSMOOTHING.rs	single-file assignment; preserve Raven comments; add args/output source locations
src/boundary/mp/game/syscalls/G_G2_ADDBOLT.rs	MP game	call	module_to_engine	syscall	G_G2_ADDBOLT	validate_existing_args_output	oracle/oracle/codemp/game/g_public.h	oracle/oracle/codemp/game/g_syscalls.c; oracle/oracle/codemp/game/g_local.h; oracle/oracle/codemp/server/sv_game.cpp	src/boundary/mp/game/syscalls/G_G2_ADDBOLT.rs	single-file assignment; preserve Raven comments; add args/output source locations
src/boundary/mp/game/syscalls/G_G2_ANGLEOVERRIDE.rs	MP game	call	module_to_engine	syscall	G_G2_ANGLEOVERRIDE	validate_existing_args_output	oracle/oracle/codemp/game/g_public.h	oracle/oracle/codemp/game/g_syscalls.c; oracle/oracle/codemp/game/g_local.h; oracle/oracle/codemp/server/sv_game.cpp	src/boundary/mp/game/syscalls/G_G2_ANGLEOVERRIDE.rs	single-file assignment; preserve Raven comments; add args/output source locations
src/boundary/mp/game/syscalls/G_G2_ANIMATEG2MODELS.rs	MP game	call	module_to_engine	syscall	G_G2_ANIMATEG2MODELS	validate_existing_args_output	oracle/oracle/codemp/game/g_public.h	oracle/oracle/codemp/game/g_syscalls.c; oracle/oracle/codemp/game/g_local.h; oracle/oracle/codemp/server/sv_game.cpp	src/boundary/mp/game/syscalls/G_G2_ANIMATEG2MODELS.rs	single-file assignment; preserve Raven comments; add args/output source locations
src/boundary/mp/game/syscalls/G_G2_ATTACHINSTANCETOENTNUM.rs	MP game	call	module_to_engine	syscall	G_G2_ATTACHINSTANCETOENTNUM	validate_existing_args_output	oracle/oracle/codemp/game/g_public.h	oracle/oracle/codemp/game/g_syscalls.c; oracle/oracle/codemp/game/g_local.h; oracle/oracle/codemp/server/sv_game.cpp	src/boundary/mp/game/syscalls/G_G2_ATTACHINSTANCETOENTNUM.rs	single-file assignment; preserve Raven comments; add args/output source locations
src/boundary/mp/game/syscalls/G_G2_CLEANENTATTACHMENTS.rs	MP game	call	module_to_engine	syscall	G_G2_CLEANENTATTACHMENTS	validate_existing_args_output	oracle/oracle/codemp/game/g_public.h	oracle/oracle/codemp/game/g_syscalls.c; oracle/oracle/codemp/game/g_local.h; oracle/oracle/codemp/server/sv_game.cpp	src/boundary/mp/game/syscalls/G_G2_CLEANENTATTACHMENTS.rs	single-file assignment; preserve Raven comments; add args/output source locations
src/boundary/mp/game/syscalls/G_G2_CLEANMODELS.rs	MP game	call	module_to_engine	syscall	G_G2_CLEANMODELS	validate_existing_args_output	oracle/oracle/codemp/game/g_public.h	oracle/oracle/codemp/game/g_syscalls.c; oracle/oracle/codemp/game/g_local.h; oracle/oracle/codemp/server/sv_game.cpp	src/boundary/mp/game/syscalls/G_G2_CLEANMODELS.rs	single-file assignment; preserve Raven comments; add args/output source locations
src/boundary/mp/game/syscalls/G_G2_CLEARATTACHEDINSTANCE.rs	MP game	call	module_to_engine	syscall	G_G2_CLEARATTACHEDINSTANCE	validate_existing_args_output	oracle/oracle/codemp/game/g_public.h	oracle/oracle/codemp/game/g_syscalls.c; oracle/oracle/codemp/game/g_local.h; oracle/oracle/codemp/server/sv_game.cpp	src/boundary/mp/game/syscalls/G_G2_CLEARATTACHEDINSTANCE.rs	single-file assignment; preserve Raven comments; add args/output source locations
src/boundary/mp/game/syscalls/G_G2_COLLISIONDETECT.rs	MP game	call	module_to_engine	syscall	G_G2_COLLISIONDETECT	validate_existing_args_output	oracle/oracle/codemp/game/g_public.h	oracle/oracle/codemp/game/g_syscalls.c; oracle/oracle/codemp/game/g_local.h; oracle/oracle/codemp/server/sv_game.cpp	src/boundary/mp/game/syscalls/G_G2_COLLISIONDETECT.rs	single-file assignment; preserve Raven comments; add args/output source locations
src/boundary/mp/game/syscalls/G_G2_COLLISIONDETECTCACHE.rs	MP game	call	module_to_engine	syscall	G_G2_COLLISIONDETECTCACHE	validate_existing_args_output	oracle/oracle/codemp/game/g_public.h	oracle/oracle/codemp/game/g_syscalls.c; oracle/oracle/codemp/game/g_local.h; oracle/oracle/codemp/server/sv_game.cpp	src/boundary/mp/game/syscalls/G_G2_COLLISIONDETECTCACHE.rs	single-file assignment; preserve Raven comments; add args/output source locations
src/boundary/mp/game/syscalls/G_G2_COPYGHOUL2INSTANCE.rs	MP game	call	module_to_engine	syscall	G_G2_COPYGHOUL2INSTANCE	validate_existing_args_output	oracle/oracle/codemp/game/g_public.h	oracle/oracle/codemp/game/g_syscalls.c; oracle/oracle/codemp/game/g_local.h; oracle/oracle/codemp/server/sv_game.cpp	src/boundary/mp/game/syscalls/G_G2_COPYGHOUL2INSTANCE.rs	single-file assignment; preserve Raven comments; add args/output source locations
src/boundary/mp/game/syscalls/G_G2_COPYSPECIFICGHOUL2MODEL.rs	MP game	call	module_to_engine	syscall	G_G2_COPYSPECIFICGHOUL2MODEL	validate_existing_args_output	oracle/oracle/codemp/game/g_public.h	oracle/oracle/codemp/game/g_syscalls.c; oracle/oracle/codemp/game/g_local.h; oracle/oracle/codemp/server/sv_game.cpp	src/boundary/mp/game/syscalls/G_G2_COPYSPECIFICGHOUL2MODEL.rs	single-file assignment; preserve Raven comments; add args/output source locations
src/boundary/mp/game/syscalls/G_G2_DOESBONEEXIST.rs	MP game	call	module_to_engine	syscall	G_G2_DOESBONEEXIST	validate_existing_args_output	oracle/oracle/codemp/game/g_public.h	oracle/oracle/codemp/game/g_syscalls.c; oracle/oracle/codemp/game/g_local.h; oracle/oracle/codemp/server/sv_game.cpp	src/boundary/mp/game/syscalls/G_G2_DOESBONEEXIST.rs	single-file assignment; preserve Raven comments; add args/output source locations
src/boundary/mp/game/syscalls/G_G2_DUPLICATEGHOUL2INSTANCE.rs	MP game	call	module_to_engine	syscall	G_G2_DUPLICATEGHOUL2INSTANCE	validate_existing_args_output	oracle/oracle/codemp/game/g_public.h	oracle/oracle/codemp/game/g_syscalls.c; oracle/oracle/codemp/game/g_local.h; oracle/oracle/codemp/server/sv_game.cpp	src/boundary/mp/game/syscalls/G_G2_DUPLICATEGHOUL2INSTANCE.rs	single-file assignment; preserve Raven comments; add args/output source locations
src/boundary/mp/game/syscalls/G_G2_GETBOLT.rs	MP game	call	module_to_engine	syscall	G_G2_GETBOLT	validate_existing_args_output	oracle/oracle/codemp/game/g_public.h	oracle/oracle/codemp/game/g_syscalls.c; oracle/oracle/codemp/game/g_local.h; oracle/oracle/codemp/server/sv_game.cpp	src/boundary/mp/game/syscalls/G_G2_GETBOLT.rs	single-file assignment; preserve Raven comments; add args/output source locations
src/boundary/mp/game/syscalls/G_G2_GETBOLT_NOREC.rs	MP game	call	module_to_engine	syscall	G_G2_GETBOLT_NOREC	validate_existing_args_output	oracle/oracle/codemp/game/g_public.h	oracle/oracle/codemp/game/g_syscalls.c; oracle/oracle/codemp/game/g_local.h; oracle/oracle/codemp/server/sv_game.cpp	src/boundary/mp/game/syscalls/G_G2_GETBOLT_NOREC.rs	single-file assignment; preserve Raven comments; add args/output source locations
src/boundary/mp/game/syscalls/G_G2_GETBOLT_NOREC_NOROT.rs	MP game	call	module_to_engine	syscall	G_G2_GETBOLT_NOREC_NOROT	validate_existing_args_output	oracle/oracle/codemp/game/g_public.h	oracle/oracle/codemp/game/g_syscalls.c; oracle/oracle/codemp/game/g_local.h; oracle/oracle/codemp/server/sv_game.cpp	src/boundary/mp/game/syscalls/G_G2_GETBOLT_NOREC_NOROT.rs	single-file assignment; preserve Raven comments; add args/output source locations
src/boundary/mp/game/syscalls/G_G2_GETBONEANIM.rs	MP game	call	module_to_engine	syscall	G_G2_GETBONEANIM	validate_existing_args_output	oracle/oracle/codemp/game/g_public.h	oracle/oracle/codemp/game/g_syscalls.c; oracle/oracle/codemp/game/g_local.h; oracle/oracle/codemp/server/sv_game.cpp	src/boundary/mp/game/syscalls/G_G2_GETBONEANIM.rs	single-file assignment; preserve Raven comments; add args/output source locations
src/boundary/mp/game/syscalls/G_G2_GETGLANAME.rs	MP game	call	module_to_engine	syscall	G_G2_GETGLANAME	validate_existing_args_output	oracle/oracle/codemp/game/g_public.h	oracle/oracle/codemp/game/g_syscalls.c; oracle/oracle/codemp/game/g_local.h; oracle/oracle/codemp/server/sv_game.cpp	src/boundary/mp/game/syscalls/G_G2_GETGLANAME.rs	single-file assignment; preserve Raven comments; add args/output source locations
src/boundary/mp/game/syscalls/G_G2_GETRAGBONEPOS.rs	MP game	call	module_to_engine	syscall	G_G2_GETRAGBONEPOS	validate_existing_args_output	oracle/oracle/codemp/game/g_public.h	oracle/oracle/codemp/game/g_syscalls.c; oracle/oracle/codemp/game/g_local.h; oracle/oracle/codemp/server/sv_game.cpp	src/boundary/mp/game/syscalls/G_G2_GETRAGBONEPOS.rs	single-file assignment; preserve Raven comments; add args/output source locations
src/boundary/mp/game/syscalls/G_G2_GETSURFACENAME.rs	MP game	call	module_to_engine	syscall	G_G2_GETSURFACENAME	validate_existing_args_output	oracle/oracle/codemp/game/g_public.h	oracle/oracle/codemp/game/g_syscalls.c; oracle/oracle/codemp/game/g_local.h; oracle/oracle/codemp/server/sv_game.cpp	src/boundary/mp/game/syscalls/G_G2_GETSURFACENAME.rs	single-file assignment; preserve Raven comments; add args/output source locations
src/boundary/mp/game/syscalls/G_G2_GETSURFACERENDERSTATUS.rs	MP game	call	module_to_engine	syscall	G_G2_GETSURFACERENDERSTATUS	validate_existing_args_output	oracle/oracle/codemp/game/g_public.h	oracle/oracle/codemp/game/g_syscalls.c; oracle/oracle/codemp/game/g_local.h; oracle/oracle/codemp/server/sv_game.cpp	src/boundary/mp/game/syscalls/G_G2_GETSURFACERENDERSTATUS.rs	single-file assignment; preserve Raven comments; add args/output source locations
src/boundary/mp/game/syscalls/G_G2_HASGHOUL2MODELONINDEX.rs	MP game	call	module_to_engine	syscall	G_G2_HASGHOUL2MODELONINDEX	validate_existing_args_output	oracle/oracle/codemp/game/g_public.h	oracle/oracle/codemp/game/g_syscalls.c; oracle/oracle/codemp/game/g_local.h; oracle/oracle/codemp/server/sv_game.cpp	src/boundary/mp/game/syscalls/G_G2_HASGHOUL2MODELONINDEX.rs	single-file assignment; preserve Raven comments; add args/output source locations
src/boundary/mp/game/syscalls/G_G2_HAVEWEGHOULMODELS.rs	MP game	call	module_to_engine	syscall	G_G2_HAVEWEGHOULMODELS	validate_existing_args_output	oracle/oracle/codemp/game/g_public.h	oracle/oracle/codemp/game/g_syscalls.c; oracle/oracle/codemp/game/g_local.h; oracle/oracle/codemp/server/sv_game.cpp	src/boundary/mp/game/syscalls/G_G2_HAVEWEGHOULMODELS.rs	single-file assignment; preserve Raven comments; add args/output source locations
src/boundary/mp/game/syscalls/G_G2_IKMOVE.rs	MP game	call	module_to_engine	syscall	G_G2_IKMOVE	validate_existing_args_output	oracle/oracle/codemp/game/g_public.h	oracle/oracle/codemp/game/g_syscalls.c; oracle/oracle/codemp/game/g_local.h; oracle/oracle/codemp/server/sv_game.cpp	src/boundary/mp/game/syscalls/G_G2_IKMOVE.rs	single-file assignment; preserve Raven comments; add args/output source locations
src/boundary/mp/game/syscalls/G_G2_INITGHOUL2MODEL.rs	MP game	call	module_to_engine	syscall	G_G2_INITGHOUL2MODEL	validate_existing_args_output	oracle/oracle/codemp/game/g_public.h	oracle/oracle/codemp/game/g_syscalls.c; oracle/oracle/codemp/game/g_local.h; oracle/oracle/codemp/server/sv_game.cpp	src/boundary/mp/game/syscalls/G_G2_INITGHOUL2MODEL.rs	single-file assignment; preserve Raven comments; add args/output source locations
src/boundary/mp/game/syscalls/G_G2_LISTBONES.rs	MP game	call	module_to_engine	syscall	G_G2_LISTBONES	validate_existing_args_output	oracle/oracle/codemp/game/g_public.h	oracle/oracle/codemp/game/g_syscalls.c; oracle/oracle/codemp/game/g_local.h; oracle/oracle/codemp/server/sv_game.cpp	src/boundary/mp/game/syscalls/G_G2_LISTBONES.rs	single-file assignment; preserve Raven comments; add args/output source locations
src/boundary/mp/game/syscalls/G_G2_LISTSURFACES.rs	MP game	call	module_to_engine	syscall	G_G2_LISTSURFACES	validate_existing_args_output	oracle/oracle/codemp/game/g_public.h	oracle/oracle/codemp/game/g_syscalls.c; oracle/oracle/codemp/game/g_local.h; oracle/oracle/codemp/server/sv_game.cpp	src/boundary/mp/game/syscalls/G_G2_LISTSURFACES.rs	single-file assignment; preserve Raven comments; add args/output source locations
src/boundary/mp/game/syscalls/G_G2_OVERRIDESERVER.rs	MP game	call	module_to_engine	syscall	G_G2_OVERRIDESERVER	validate_existing_args_output	oracle/oracle/codemp/game/g_public.h	oracle/oracle/codemp/game/g_syscalls.c; oracle/oracle/codemp/game/g_local.h; oracle/oracle/codemp/server/sv_game.cpp	src/boundary/mp/game/syscalls/G_G2_OVERRIDESERVER.rs	single-file assignment; preserve Raven comments; add args/output source locations
src/boundary/mp/game/syscalls/G_G2_PLAYANIM.rs	MP game	call	module_to_engine	syscall	G_G2_PLAYANIM	validate_existing_args_output	oracle/oracle/codemp/game/g_public.h	oracle/oracle/codemp/game/g_syscalls.c; oracle/oracle/codemp/game/g_local.h; oracle/oracle/codemp/server/sv_game.cpp	src/boundary/mp/game/syscalls/G_G2_PLAYANIM.rs	single-file assignment; preserve Raven comments; add args/output source locations
src/boundary/mp/game/syscalls/G_G2_RAGEFFECTORGOAL.rs	MP game	call	module_to_engine	syscall	G_G2_RAGEFFECTORGOAL	validate_existing_args_output	oracle/oracle/codemp/game/g_public.h	oracle/oracle/codemp/game/g_syscalls.c; oracle/oracle/codemp/game/g_local.h; oracle/oracle/codemp/server/sv_game.cpp	src/boundary/mp/game/syscalls/G_G2_RAGEFFECTORGOAL.rs	single-file assignment; preserve Raven comments; add args/output source locations
src/boundary/mp/game/syscalls/G_G2_RAGEFFECTORKICK.rs	MP game	call	module_to_engine	syscall	G_G2_RAGEFFECTORKICK	validate_existing_args_output	oracle/oracle/codemp/game/g_public.h	oracle/oracle/codemp/game/g_syscalls.c; oracle/oracle/codemp/game/g_local.h; oracle/oracle/codemp/server/sv_game.cpp	src/boundary/mp/game/syscalls/G_G2_RAGEFFECTORKICK.rs	single-file assignment; preserve Raven comments; add args/output source locations
src/boundary/mp/game/syscalls/G_G2_RAGFORCESOLVE.rs	MP game	call	module_to_engine	syscall	G_G2_RAGFORCESOLVE	validate_existing_args_output	oracle/oracle/codemp/game/g_public.h	oracle/oracle/codemp/game/g_syscalls.c; oracle/oracle/codemp/game/g_local.h; oracle/oracle/codemp/server/sv_game.cpp	src/boundary/mp/game/syscalls/G_G2_RAGFORCESOLVE.rs	single-file assignment; preserve Raven comments; add args/output source locations
src/boundary/mp/game/syscalls/G_G2_RAGPCJCONSTRAINT.rs	MP game	call	module_to_engine	syscall	G_G2_RAGPCJCONSTRAINT	validate_existing_args_output	oracle/oracle/codemp/game/g_public.h	oracle/oracle/codemp/game/g_syscalls.c; oracle/oracle/codemp/game/g_local.h; oracle/oracle/codemp/server/sv_game.cpp	src/boundary/mp/game/syscalls/G_G2_RAGPCJCONSTRAINT.rs	single-file assignment; preserve Raven comments; add args/output source locations
src/boundary/mp/game/syscalls/G_G2_RAGPCJGRADIENTSPEED.rs	MP game	call	module_to_engine	syscall	G_G2_RAGPCJGRADIENTSPEED	validate_existing_args_output	oracle/oracle/codemp/game/g_public.h	oracle/oracle/codemp/game/g_syscalls.c; oracle/oracle/codemp/game/g_local.h; oracle/oracle/codemp/server/sv_game.cpp	src/boundary/mp/game/syscalls/G_G2_RAGPCJGRADIENTSPEED.rs	single-file assignment; preserve Raven comments; add args/output source locations
src/boundary/mp/game/syscalls/G_G2_REMOVEBONE.rs	MP game	call	module_to_engine	syscall	G_G2_REMOVEBONE	validate_existing_args_output	oracle/oracle/codemp/game/g_public.h	oracle/oracle/codemp/game/g_syscalls.c; oracle/oracle/codemp/game/g_local.h; oracle/oracle/codemp/server/sv_game.cpp	src/boundary/mp/game/syscalls/G_G2_REMOVEBONE.rs	single-file assignment; preserve Raven comments; add args/output source locations
src/boundary/mp/game/syscalls/G_G2_REMOVEGHOUL2MODEL.rs	MP game	call	module_to_engine	syscall	G_G2_REMOVEGHOUL2MODEL	validate_existing_args_output	oracle/oracle/codemp/game/g_public.h	oracle/oracle/codemp/game/g_syscalls.c; oracle/oracle/codemp/game/g_local.h; oracle/oracle/codemp/server/sv_game.cpp	src/boundary/mp/game/syscalls/G_G2_REMOVEGHOUL2MODEL.rs	single-file assignment; preserve Raven comments; add args/output source locations
src/boundary/mp/game/syscalls/G_G2_REMOVEGHOUL2MODELS.rs	MP game	call	module_to_engine	syscall	G_G2_REMOVEGHOUL2MODELS	validate_existing_args_output	oracle/oracle/codemp/game/g_public.h	oracle/oracle/codemp/game/g_syscalls.c; oracle/oracle/codemp/game/g_local.h; oracle/oracle/codemp/server/sv_game.cpp	src/boundary/mp/game/syscalls/G_G2_REMOVEGHOUL2MODELS.rs	single-file assignment; preserve Raven comments; add args/output source locations
src/boundary/mp/game/syscalls/G_G2_SETBOLTINFO.rs	MP game	call	module_to_engine	syscall	G_G2_SETBOLTINFO	validate_existing_args_output	oracle/oracle/codemp/game/g_public.h	oracle/oracle/codemp/game/g_syscalls.c; oracle/oracle/codemp/game/g_local.h; oracle/oracle/codemp/server/sv_game.cpp	src/boundary/mp/game/syscalls/G_G2_SETBOLTINFO.rs	single-file assignment; preserve Raven comments; add args/output source locations
src/boundary/mp/game/syscalls/G_G2_SETBONEIKSTATE.rs	MP game	call	module_to_engine	syscall	G_G2_SETBONEIKSTATE	validate_existing_args_output	oracle/oracle/codemp/game/g_public.h	oracle/oracle/codemp/game/g_syscalls.c; oracle/oracle/codemp/game/g_local.h; oracle/oracle/codemp/server/sv_game.cpp	src/boundary/mp/game/syscalls/G_G2_SETBONEIKSTATE.rs	single-file assignment; preserve Raven comments; add args/output source locations
src/boundary/mp/game/syscalls/G_G2_SETMODELS.rs	MP game	call	module_to_engine	syscall	G_G2_SETMODELS	validate_existing_args_output	oracle/oracle/codemp/game/g_public.h	oracle/oracle/codemp/game/g_syscalls.c; oracle/oracle/codemp/game/g_local.h; oracle/oracle/codemp/server/sv_game.cpp	src/boundary/mp/game/syscalls/G_G2_SETMODELS.rs	single-file assignment; preserve Raven comments; add args/output source locations
src/boundary/mp/game/syscalls/G_G2_SETNEWORIGIN.rs	MP game	call	module_to_engine	syscall	G_G2_SETNEWORIGIN	validate_existing_args_output	oracle/oracle/codemp/game/g_public.h	oracle/oracle/codemp/game/g_syscalls.c; oracle/oracle/codemp/game/g_local.h; oracle/oracle/codemp/server/sv_game.cpp	src/boundary/mp/game/syscalls/G_G2_SETNEWORIGIN.rs	single-file assignment; preserve Raven comments; add args/output source locations
src/boundary/mp/game/syscalls/G_G2_SETRAGDOLL.rs	MP game	call	module_to_engine	syscall	G_G2_SETRAGDOLL	validate_existing_args_output	oracle/oracle/codemp/game/g_public.h	oracle/oracle/codemp/game/g_syscalls.c; oracle/oracle/codemp/game/g_local.h; oracle/oracle/codemp/server/sv_game.cpp	src/boundary/mp/game/syscalls/G_G2_SETRAGDOLL.rs	single-file assignment; preserve Raven comments; add args/output source locations
src/boundary/mp/game/syscalls/G_G2_SETROOTSURFACE.rs	MP game	call	module_to_engine	syscall	G_G2_SETROOTSURFACE	validate_existing_args_output	oracle/oracle/codemp/game/g_public.h	oracle/oracle/codemp/game/g_syscalls.c; oracle/oracle/codemp/game/g_local.h; oracle/oracle/codemp/server/sv_game.cpp	src/boundary/mp/game/syscalls/G_G2_SETROOTSURFACE.rs	single-file assignment; preserve Raven comments; add args/output source locations
src/boundary/mp/game/syscalls/G_G2_SETSKIN.rs	MP game	call	module_to_engine	syscall	G_G2_SETSKIN	validate_existing_args_output	oracle/oracle/codemp/game/g_public.h	oracle/oracle/codemp/game/g_syscalls.c; oracle/oracle/codemp/game/g_local.h; oracle/oracle/codemp/server/sv_game.cpp	src/boundary/mp/game/syscalls/G_G2_SETSKIN.rs	single-file assignment; preserve Raven comments; add args/output source locations
src/boundary/mp/game/syscalls/G_G2_SETSURFACEONOFF.rs	MP game	call	module_to_engine	syscall	G_G2_SETSURFACEONOFF	validate_existing_args_output	oracle/oracle/codemp/game/g_public.h	oracle/oracle/codemp/game/g_syscalls.c; oracle/oracle/codemp/game/g_local.h; oracle/oracle/codemp/server/sv_game.cpp	src/boundary/mp/game/syscalls/G_G2_SETSURFACEONOFF.rs	single-file assignment; preserve Raven comments; add args/output source locations
src/boundary/mp/game/syscalls/G_G2_SIZE.rs	MP game	call	module_to_engine	syscall	G_G2_SIZE	validate_existing_args_output	oracle/oracle/codemp/game/g_public.h	oracle/oracle/codemp/game/g_syscalls.c; oracle/oracle/codemp/game/g_local.h; oracle/oracle/codemp/server/sv_game.cpp	src/boundary/mp/game/syscalls/G_G2_SIZE.rs	single-file assignment; preserve Raven comments; add args/output source locations
src/boundary/mp/game/syscalls/G_GET_CONFIGSTRING.rs	MP game	call	module_to_engine	syscall	G_GET_CONFIGSTRING	validate_existing_args_output	oracle/oracle/codemp/game/g_public.h	oracle/oracle/codemp/game/g_syscalls.c; oracle/oracle/codemp/game/g_local.h; oracle/oracle/codemp/server/sv_game.cpp	src/boundary/mp/game/syscalls/G_GET_CONFIGSTRING.rs	single-file assignment; preserve Raven comments; add args/output source locations
src/boundary/mp/game/syscalls/G_GET_ENTITY_TOKEN.rs	MP game	call	module_to_engine	syscall	G_GET_ENTITY_TOKEN	validate_existing_args_output	oracle/oracle/codemp/game/g_public.h	oracle/oracle/codemp/game/g_syscalls.c; oracle/oracle/codemp/game/g_local.h; oracle/oracle/codemp/server/sv_game.cpp	src/boundary/mp/game/syscalls/G_GET_ENTITY_TOKEN.rs	single-file assignment; preserve Raven comments; add args/output source locations
src/boundary/mp/game/syscalls/G_GET_SERVERINFO.rs	MP game	call	module_to_engine	syscall	G_GET_SERVERINFO	validate_existing_args_output	oracle/oracle/codemp/game/g_public.h	oracle/oracle/codemp/game/g_syscalls.c; oracle/oracle/codemp/game/g_local.h; oracle/oracle/codemp/server/sv_game.cpp	src/boundary/mp/game/syscalls/G_GET_SERVERINFO.rs	single-file assignment; preserve Raven comments; add args/output source locations
src/boundary/mp/game/syscalls/G_GET_USERCMD.rs	MP game	call	module_to_engine	syscall	G_GET_USERCMD	validate_existing_args_output	oracle/oracle/codemp/game/g_public.h	oracle/oracle/codemp/game/g_syscalls.c; oracle/oracle/codemp/game/g_local.h; oracle/oracle/codemp/server/sv_game.cpp	src/boundary/mp/game/syscalls/G_GET_USERCMD.rs	single-file assignment; preserve Raven comments; add args/output source locations
src/boundary/mp/game/syscalls/G_GET_USERINFO.rs	MP game	call	module_to_engine	syscall	G_GET_USERINFO	validate_existing_args_output	oracle/oracle/codemp/game/g_public.h	oracle/oracle/codemp/game/g_syscalls.c; oracle/oracle/codemp/game/g_local.h; oracle/oracle/codemp/server/sv_game.cpp	src/boundary/mp/game/syscalls/G_GET_USERINFO.rs	single-file assignment; preserve Raven comments; add args/output source locations
src/boundary/mp/game/syscalls/G_ICARUS_ASSOCIATEENT.rs	MP game	call	module_to_engine	syscall	G_ICARUS_ASSOCIATEENT	validate_existing_args_output	oracle/oracle/codemp/game/g_public.h	oracle/oracle/codemp/game/g_syscalls.c; oracle/oracle/codemp/game/g_local.h; oracle/oracle/codemp/server/sv_game.cpp	src/boundary/mp/game/syscalls/G_ICARUS_ASSOCIATEENT.rs	single-file assignment; preserve Raven comments; add args/output source locations
src/boundary/mp/game/syscalls/G_ICARUS_FREEENT.rs	MP game	call	module_to_engine	syscall	G_ICARUS_FREEENT	validate_existing_args_output	oracle/oracle/codemp/game/g_public.h	oracle/oracle/codemp/game/g_syscalls.c; oracle/oracle/codemp/game/g_local.h; oracle/oracle/codemp/server/sv_game.cpp	src/boundary/mp/game/syscalls/G_ICARUS_FREEENT.rs	single-file assignment; preserve Raven comments; add args/output source locations
src/boundary/mp/game/syscalls/G_ICARUS_GETFLOATVARIABLE.rs	MP game	call	module_to_engine	syscall	G_ICARUS_GETFLOATVARIABLE	validate_existing_args_output	oracle/oracle/codemp/game/g_public.h	oracle/oracle/codemp/game/g_syscalls.c; oracle/oracle/codemp/game/g_local.h; oracle/oracle/codemp/server/sv_game.cpp	src/boundary/mp/game/syscalls/G_ICARUS_GETFLOATVARIABLE.rs	single-file assignment; preserve Raven comments; add args/output source locations
src/boundary/mp/game/syscalls/G_ICARUS_GETSTRINGVARIABLE.rs	MP game	call	module_to_engine	syscall	G_ICARUS_GETSTRINGVARIABLE	validate_existing_args_output	oracle/oracle/codemp/game/g_public.h	oracle/oracle/codemp/game/g_syscalls.c; oracle/oracle/codemp/game/g_local.h; oracle/oracle/codemp/server/sv_game.cpp	src/boundary/mp/game/syscalls/G_ICARUS_GETSTRINGVARIABLE.rs	single-file assignment; preserve Raven comments; add args/output source locations
src/boundary/mp/game/syscalls/G_ICARUS_GETVECTORVARIABLE.rs	MP game	call	module_to_engine	syscall	G_ICARUS_GETVECTORVARIABLE	validate_existing_args_output	oracle/oracle/codemp/game/g_public.h	oracle/oracle/codemp/game/g_syscalls.c; oracle/oracle/codemp/game/g_local.h; oracle/oracle/codemp/server/sv_game.cpp	src/boundary/mp/game/syscalls/G_ICARUS_GETVECTORVARIABLE.rs	single-file assignment; preserve Raven comments; add args/output source locations
src/boundary/mp/game/syscalls/G_ICARUS_INIT.rs	MP game	call	module_to_engine	syscall	G_ICARUS_INIT	validate_existing_args_output	oracle/oracle/codemp/game/g_public.h	oracle/oracle/codemp/game/g_syscalls.c; oracle/oracle/codemp/game/g_local.h; oracle/oracle/codemp/server/sv_game.cpp	src/boundary/mp/game/syscalls/G_ICARUS_INIT.rs	single-file assignment; preserve Raven comments; add args/output source locations
src/boundary/mp/game/syscalls/G_ICARUS_INITENT.rs	MP game	call	module_to_engine	syscall	G_ICARUS_INITENT	validate_existing_args_output	oracle/oracle/codemp/game/g_public.h	oracle/oracle/codemp/game/g_syscalls.c; oracle/oracle/codemp/game/g_local.h; oracle/oracle/codemp/server/sv_game.cpp	src/boundary/mp/game/syscalls/G_ICARUS_INITENT.rs	single-file assignment; preserve Raven comments; add args/output source locations
src/boundary/mp/game/syscalls/G_ICARUS_ISINITIALIZED.rs	MP game	call	module_to_engine	syscall	G_ICARUS_ISINITIALIZED	validate_existing_args_output	oracle/oracle/codemp/game/g_public.h	oracle/oracle/codemp/game/g_syscalls.c; oracle/oracle/codemp/game/g_local.h; oracle/oracle/codemp/server/sv_game.cpp	src/boundary/mp/game/syscalls/G_ICARUS_ISINITIALIZED.rs	single-file assignment; preserve Raven comments; add args/output source locations
src/boundary/mp/game/syscalls/G_ICARUS_ISRUNNING.rs	MP game	call	module_to_engine	syscall	G_ICARUS_ISRUNNING	validate_existing_args_output	oracle/oracle/codemp/game/g_public.h	oracle/oracle/codemp/game/g_syscalls.c; oracle/oracle/codemp/game/g_local.h; oracle/oracle/codemp/server/sv_game.cpp	src/boundary/mp/game/syscalls/G_ICARUS_ISRUNNING.rs	single-file assignment; preserve Raven comments; add args/output source locations
src/boundary/mp/game/syscalls/G_ICARUS_MAINTAINTASKMANAGER.rs	MP game	call	module_to_engine	syscall	G_ICARUS_MAINTAINTASKMANAGER	validate_existing_args_output	oracle/oracle/codemp/game/g_public.h	oracle/oracle/codemp/game/g_syscalls.c; oracle/oracle/codemp/game/g_local.h; oracle/oracle/codemp/server/sv_game.cpp	src/boundary/mp/game/syscalls/G_ICARUS_MAINTAINTASKMANAGER.rs	single-file assignment; preserve Raven comments; add args/output source locations
src/boundary/mp/game/syscalls/G_ICARUS_REGISTERSCRIPT.rs	MP game	call	module_to_engine	syscall	G_ICARUS_REGISTERSCRIPT	validate_existing_args_output	oracle/oracle/codemp/game/g_public.h	oracle/oracle/codemp/game/g_syscalls.c; oracle/oracle/codemp/game/g_local.h; oracle/oracle/codemp/server/sv_game.cpp	src/boundary/mp/game/syscalls/G_ICARUS_REGISTERSCRIPT.rs	single-file assignment; preserve Raven comments; add args/output source locations
src/boundary/mp/game/syscalls/G_ICARUS_RUNSCRIPT.rs	MP game	call	module_to_engine	syscall	G_ICARUS_RUNSCRIPT	validate_existing_args_output	oracle/oracle/codemp/game/g_public.h	oracle/oracle/codemp/game/g_syscalls.c; oracle/oracle/codemp/game/g_local.h; oracle/oracle/codemp/server/sv_game.cpp	src/boundary/mp/game/syscalls/G_ICARUS_RUNSCRIPT.rs	single-file assignment; preserve Raven comments; add args/output source locations
src/boundary/mp/game/syscalls/G_ICARUS_SETVAR.rs	MP game	call	module_to_engine	syscall	G_ICARUS_SETVAR	validate_existing_args_output	oracle/oracle/codemp/game/g_public.h	oracle/oracle/codemp/game/g_syscalls.c; oracle/oracle/codemp/game/g_local.h; oracle/oracle/codemp/server/sv_game.cpp	src/boundary/mp/game/syscalls/G_ICARUS_SETVAR.rs	single-file assignment; preserve Raven comments; add args/output source locations
src/boundary/mp/game/syscalls/G_ICARUS_SHUTDOWN.rs	MP game	call	module_to_engine	syscall	G_ICARUS_SHUTDOWN	validate_existing_args_output	oracle/oracle/codemp/game/g_public.h	oracle/oracle/codemp/game/g_syscalls.c; oracle/oracle/codemp/game/g_local.h; oracle/oracle/codemp/server/sv_game.cpp	src/boundary/mp/game/syscalls/G_ICARUS_SHUTDOWN.rs	single-file assignment; preserve Raven comments; add args/output source locations
src/boundary/mp/game/syscalls/G_ICARUS_TASKIDCOMPLETE.rs	MP game	call	module_to_engine	syscall	G_ICARUS_TASKIDCOMPLETE	validate_existing_args_output	oracle/oracle/codemp/game/g_public.h	oracle/oracle/codemp/game/g_syscalls.c; oracle/oracle/codemp/game/g_local.h; oracle/oracle/codemp/server/sv_game.cpp	src/boundary/mp/game/syscalls/G_ICARUS_TASKIDCOMPLETE.rs	single-file assignment; preserve Raven comments; add args/output source locations
src/boundary/mp/game/syscalls/G_ICARUS_TASKIDPENDING.rs	MP game	call	module_to_engine	syscall	G_ICARUS_TASKIDPENDING	validate_existing_args_output	oracle/oracle/codemp/game/g_public.h	oracle/oracle/codemp/game/g_syscalls.c; oracle/oracle/codemp/game/g_local.h; oracle/oracle/codemp/server/sv_game.cpp	src/boundary/mp/game/syscalls/G_ICARUS_TASKIDPENDING.rs	single-file assignment; preserve Raven comments; add args/output source locations
src/boundary/mp/game/syscalls/G_ICARUS_TASKIDSET.rs	MP game	call	module_to_engine	syscall	G_ICARUS_TASKIDSET	validate_existing_args_output	oracle/oracle/codemp/game/g_public.h	oracle/oracle/codemp/game/g_syscalls.c; oracle/oracle/codemp/game/g_local.h; oracle/oracle/codemp/server/sv_game.cpp	src/boundary/mp/game/syscalls/G_ICARUS_TASKIDSET.rs	single-file assignment; preserve Raven comments; add args/output source locations
src/boundary/mp/game/syscalls/G_ICARUS_VALIDENT.rs	MP game	call	module_to_engine	syscall	G_ICARUS_VALIDENT	validate_existing_args_output	oracle/oracle/codemp/game/g_public.h	oracle/oracle/codemp/game/g_syscalls.c; oracle/oracle/codemp/game/g_local.h; oracle/oracle/codemp/server/sv_game.cpp	src/boundary/mp/game/syscalls/G_ICARUS_VALIDENT.rs	single-file assignment; preserve Raven comments; add args/output source locations
src/boundary/mp/game/syscalls/G_ICARUS_VARIABLEDECLARED.rs	MP game	call	module_to_engine	syscall	G_ICARUS_VARIABLEDECLARED	validate_existing_args_output	oracle/oracle/codemp/game/g_public.h	oracle/oracle/codemp/game/g_syscalls.c; oracle/oracle/codemp/game/g_local.h; oracle/oracle/codemp/server/sv_game.cpp	src/boundary/mp/game/syscalls/G_ICARUS_VARIABLEDECLARED.rs	single-file assignment; preserve Raven comments; add args/output source locations
src/boundary/mp/game/syscalls/G_IN_PVS.rs	MP game	call	module_to_engine	syscall	G_IN_PVS	validate_existing_args_output	oracle/oracle/codemp/game/g_public.h	oracle/oracle/codemp/game/g_syscalls.c; oracle/oracle/codemp/game/g_local.h; oracle/oracle/codemp/server/sv_game.cpp	src/boundary/mp/game/syscalls/G_IN_PVS.rs	single-file assignment; preserve Raven comments; add args/output source locations
src/boundary/mp/game/syscalls/G_IN_PVS_IGNORE_PORTALS.rs	MP game	call	module_to_engine	syscall	G_IN_PVS_IGNORE_PORTALS	validate_existing_args_output	oracle/oracle/codemp/game/g_public.h	oracle/oracle/codemp/game/g_syscalls.c; oracle/oracle/codemp/game/g_local.h; oracle/oracle/codemp/server/sv_game.cpp	src/boundary/mp/game/syscalls/G_IN_PVS_IGNORE_PORTALS.rs	single-file assignment; preserve Raven comments; add args/output source locations
src/boundary/mp/game/syscalls/G_LINKENTITY.rs	MP game	call	module_to_engine	syscall	G_LINKENTITY	validate_existing_args_output	oracle/oracle/codemp/game/g_public.h	oracle/oracle/codemp/game/g_syscalls.c; oracle/oracle/codemp/game/g_local.h; oracle/oracle/codemp/server/sv_game.cpp	src/boundary/mp/game/syscalls/G_LINKENTITY.rs	single-file assignment; preserve Raven comments; add args/output source locations
src/boundary/mp/game/syscalls/G_LOCATE_GAME_DATA.rs	MP game	call	module_to_engine	syscall	G_LOCATE_GAME_DATA	validate_existing_args_output	oracle/oracle/codemp/game/g_public.h	oracle/oracle/codemp/game/g_syscalls.c; oracle/oracle/codemp/game/g_local.h; oracle/oracle/codemp/server/sv_game.cpp	src/boundary/mp/game/syscalls/G_LOCATE_GAME_DATA.rs	single-file assignment; preserve Raven comments; add args/output source locations
src/boundary/mp/game/syscalls/G_MATRIXMULTIPLY.rs	MP game	call	module_to_engine	syscall	G_MATRIXMULTIPLY	validate_existing_args_output	oracle/oracle/codemp/game/g_public.h	oracle/oracle/codemp/game/g_syscalls.c; oracle/oracle/codemp/game/g_local.h; oracle/oracle/codemp/server/sv_game.cpp	src/boundary/mp/game/syscalls/G_MATRIXMULTIPLY.rs	single-file assignment; preserve Raven comments; add args/output source locations
src/boundary/mp/game/syscalls/G_MEMCPY.rs	MP game	call	module_to_engine	syscall	G_MEMCPY	validate_existing_args_output	oracle/oracle/codemp/game/g_public.h	oracle/oracle/codemp/game/g_syscalls.c; oracle/oracle/codemp/game/g_local.h; oracle/oracle/codemp/server/sv_game.cpp	src/boundary/mp/game/syscalls/G_MEMCPY.rs	single-file assignment; preserve Raven comments; add args/output source locations
src/boundary/mp/game/syscalls/G_MEMSET.rs	MP game	call	module_to_engine	syscall	G_MEMSET	validate_existing_args_output	oracle/oracle/codemp/game/g_public.h	oracle/oracle/codemp/game/g_syscalls.c; oracle/oracle/codemp/game/g_local.h; oracle/oracle/codemp/server/sv_game.cpp	src/boundary/mp/game/syscalls/G_MEMSET.rs	single-file assignment; preserve Raven comments; add args/output source locations
src/boundary/mp/game/syscalls/G_MILLISECONDS.rs	MP game	call	module_to_engine	syscall	G_MILLISECONDS	validate_existing_args_output	oracle/oracle/codemp/game/g_public.h	oracle/oracle/codemp/game/g_syscalls.c; oracle/oracle/codemp/game/g_local.h; oracle/oracle/codemp/server/sv_game.cpp	src/boundary/mp/game/syscalls/G_MILLISECONDS.rs	single-file assignment; preserve Raven comments; add args/output source locations
src/boundary/mp/game/syscalls/G_NAV_ADDFAILEDEDGE.rs	MP game	call	module_to_engine	syscall	G_NAV_ADDFAILEDEDGE	validate_existing_args_output	oracle/oracle/codemp/game/g_public.h	oracle/oracle/codemp/game/g_syscalls.c; oracle/oracle/codemp/game/g_local.h; oracle/oracle/codemp/server/sv_game.cpp	src/boundary/mp/game/syscalls/G_NAV_ADDFAILEDEDGE.rs	single-file assignment; preserve Raven comments; add args/output source locations
src/boundary/mp/game/syscalls/G_NAV_ADDFAILEDNODE.rs	MP game	call	module_to_engine	syscall	G_NAV_ADDFAILEDNODE	validate_existing_args_output	oracle/oracle/codemp/game/g_public.h	oracle/oracle/codemp/game/g_syscalls.c; oracle/oracle/codemp/game/g_local.h; oracle/oracle/codemp/server/sv_game.cpp	src/boundary/mp/game/syscalls/G_NAV_ADDFAILEDNODE.rs	single-file assignment; preserve Raven comments; add args/output source locations
src/boundary/mp/game/syscalls/G_NAV_ADDRAWPOINT.rs	MP game	call	module_to_engine	syscall	G_NAV_ADDRAWPOINT	validate_existing_args_output	oracle/oracle/codemp/game/g_public.h	oracle/oracle/codemp/game/g_syscalls.c; oracle/oracle/codemp/game/g_local.h; oracle/oracle/codemp/server/sv_game.cpp	src/boundary/mp/game/syscalls/G_NAV_ADDRAWPOINT.rs	single-file assignment; preserve Raven comments; add args/output source locations
src/boundary/mp/game/syscalls/G_NAV_CALCULATEPATHS.rs	MP game	call	module_to_engine	syscall	G_NAV_CALCULATEPATHS	validate_existing_args_output	oracle/oracle/codemp/game/g_public.h	oracle/oracle/codemp/game/g_syscalls.c; oracle/oracle/codemp/game/g_local.h; oracle/oracle/codemp/server/sv_game.cpp	src/boundary/mp/game/syscalls/G_NAV_CALCULATEPATHS.rs	single-file assignment; preserve Raven comments; add args/output source locations
src/boundary/mp/game/syscalls/G_NAV_CHECKALLFAILEDEDGES.rs	MP game	call	module_to_engine	syscall	G_NAV_CHECKALLFAILEDEDGES	validate_existing_args_output	oracle/oracle/codemp/game/g_public.h	oracle/oracle/codemp/game/g_syscalls.c; oracle/oracle/codemp/game/g_local.h; oracle/oracle/codemp/server/sv_game.cpp	src/boundary/mp/game/syscalls/G_NAV_CHECKALLFAILEDEDGES.rs	single-file assignment; preserve Raven comments; add args/output source locations
src/boundary/mp/game/syscalls/G_NAV_CHECKBLOCKEDEDGES.rs	MP game	call	module_to_engine	syscall	G_NAV_CHECKBLOCKEDEDGES	validate_existing_args_output	oracle/oracle/codemp/game/g_public.h	oracle/oracle/codemp/game/g_syscalls.c; oracle/oracle/codemp/game/g_local.h; oracle/oracle/codemp/server/sv_game.cpp	src/boundary/mp/game/syscalls/G_NAV_CHECKBLOCKEDEDGES.rs	single-file assignment; preserve Raven comments; add args/output source locations
src/boundary/mp/game/syscalls/G_NAV_CHECKEDNODE.rs	MP game	call	module_to_engine	syscall	G_NAV_CHECKEDNODE	validate_existing_args_output	oracle/oracle/codemp/game/g_public.h	oracle/oracle/codemp/game/g_syscalls.c; oracle/oracle/codemp/game/g_local.h; oracle/oracle/codemp/server/sv_game.cpp	src/boundary/mp/game/syscalls/G_NAV_CHECKEDNODE.rs	single-file assignment; preserve Raven comments; add args/output source locations
src/boundary/mp/game/syscalls/G_NAV_CHECKFAILEDEDGE.rs	MP game	call	module_to_engine	syscall	G_NAV_CHECKFAILEDEDGE	validate_existing_args_output	oracle/oracle/codemp/game/g_public.h	oracle/oracle/codemp/game/g_syscalls.c; oracle/oracle/codemp/game/g_local.h; oracle/oracle/codemp/server/sv_game.cpp	src/boundary/mp/game/syscalls/G_NAV_CHECKFAILEDEDGE.rs	single-file assignment; preserve Raven comments; add args/output source locations
src/boundary/mp/game/syscalls/G_NAV_CHECKFAILEDNODES.rs	MP game	call	module_to_engine	syscall	G_NAV_CHECKFAILEDNODES	validate_existing_args_output	oracle/oracle/codemp/game/g_public.h	oracle/oracle/codemp/game/g_syscalls.c; oracle/oracle/codemp/game/g_local.h; oracle/oracle/codemp/server/sv_game.cpp	src/boundary/mp/game/syscalls/G_NAV_CHECKFAILEDNODES.rs	single-file assignment; preserve Raven comments; add args/output source locations
src/boundary/mp/game/syscalls/G_NAV_CLEARALLFAILEDEDGES.rs	MP game	call	module_to_engine	syscall	G_NAV_CLEARALLFAILEDEDGES	validate_existing_args_output	oracle/oracle/codemp/game/g_public.h	oracle/oracle/codemp/game/g_syscalls.c; oracle/oracle/codemp/game/g_local.h; oracle/oracle/codemp/server/sv_game.cpp	src/boundary/mp/game/syscalls/G_NAV_CLEARALLFAILEDEDGES.rs	single-file assignment; preserve Raven comments; add args/output source locations
src/boundary/mp/game/syscalls/G_NAV_CLEARCHECKEDNODES.rs	MP game	call	module_to_engine	syscall	G_NAV_CLEARCHECKEDNODES	validate_existing_args_output	oracle/oracle/codemp/game/g_public.h	oracle/oracle/codemp/game/g_syscalls.c; oracle/oracle/codemp/game/g_local.h; oracle/oracle/codemp/server/sv_game.cpp	src/boundary/mp/game/syscalls/G_NAV_CLEARCHECKEDNODES.rs	single-file assignment; preserve Raven comments; add args/output source locations
src/boundary/mp/game/syscalls/G_NAV_CLEARFAILEDEDGE.rs	MP game	call	module_to_engine	syscall	G_NAV_CLEARFAILEDEDGE	validate_existing_args_output	oracle/oracle/codemp/game/g_public.h	oracle/oracle/codemp/game/g_syscalls.c; oracle/oracle/codemp/game/g_local.h; oracle/oracle/codemp/server/sv_game.cpp	src/boundary/mp/game/syscalls/G_NAV_CLEARFAILEDEDGE.rs	single-file assignment; preserve Raven comments; add args/output source locations
src/boundary/mp/game/syscalls/G_NAV_CONNECTED.rs	MP game	call	module_to_engine	syscall	G_NAV_CONNECTED	validate_existing_args_output	oracle/oracle/codemp/game/g_public.h	oracle/oracle/codemp/game/g_syscalls.c; oracle/oracle/codemp/game/g_local.h; oracle/oracle/codemp/server/sv_game.cpp	src/boundary/mp/game/syscalls/G_NAV_CONNECTED.rs	single-file assignment; preserve Raven comments; add args/output source locations
src/boundary/mp/game/syscalls/G_NAV_EDGEFAILED.rs	MP game	call	module_to_engine	syscall	G_NAV_EDGEFAILED	validate_existing_args_output	oracle/oracle/codemp/game/g_public.h	oracle/oracle/codemp/game/g_syscalls.c; oracle/oracle/codemp/game/g_local.h; oracle/oracle/codemp/server/sv_game.cpp	src/boundary/mp/game/syscalls/G_NAV_EDGEFAILED.rs	single-file assignment; preserve Raven comments; add args/output source locations
src/boundary/mp/game/syscalls/G_NAV_FLAGALLNODES.rs	MP game	call	module_to_engine	syscall	G_NAV_FLAGALLNODES	validate_existing_args_output	oracle/oracle/codemp/game/g_public.h	oracle/oracle/codemp/game/g_syscalls.c; oracle/oracle/codemp/game/g_local.h; oracle/oracle/codemp/server/sv_game.cpp	src/boundary/mp/game/syscalls/G_NAV_FLAGALLNODES.rs	single-file assignment; preserve Raven comments; add args/output source locations
src/boundary/mp/game/syscalls/G_NAV_FREE.rs	MP game	call	module_to_engine	syscall	G_NAV_FREE	validate_existing_args_output	oracle/oracle/codemp/game/g_public.h	oracle/oracle/codemp/game/g_syscalls.c; oracle/oracle/codemp/game/g_local.h; oracle/oracle/codemp/server/sv_game.cpp	src/boundary/mp/game/syscalls/G_NAV_FREE.rs	single-file assignment; preserve Raven comments; add args/output source locations
src/boundary/mp/game/syscalls/G_NAV_GETBESTNODE.rs	MP game	call	module_to_engine	syscall	G_NAV_GETBESTNODE	validate_existing_args_output	oracle/oracle/codemp/game/g_public.h	oracle/oracle/codemp/game/g_syscalls.c; oracle/oracle/codemp/game/g_local.h; oracle/oracle/codemp/server/sv_game.cpp	src/boundary/mp/game/syscalls/G_NAV_GETBESTNODE.rs	single-file assignment; preserve Raven comments; add args/output source locations
src/boundary/mp/game/syscalls/G_NAV_GETBESTNODEALT2.rs	MP game	call	module_to_engine	syscall	G_NAV_GETBESTNODEALT2	validate_existing_args_output	oracle/oracle/codemp/game/g_public.h	oracle/oracle/codemp/game/g_syscalls.c; oracle/oracle/codemp/game/g_local.h; oracle/oracle/codemp/server/sv_game.cpp	src/boundary/mp/game/syscalls/G_NAV_GETBESTNODEALT2.rs	single-file assignment; preserve Raven comments; add args/output source locations
src/boundary/mp/game/syscalls/G_NAV_GETBESTNODEALTROUTE.rs	MP game	call	module_to_engine	syscall	G_NAV_GETBESTNODEALTROUTE	validate_existing_args_output	oracle/oracle/codemp/game/g_public.h	oracle/oracle/codemp/game/g_syscalls.c; oracle/oracle/codemp/game/g_local.h; oracle/oracle/codemp/server/sv_game.cpp	src/boundary/mp/game/syscalls/G_NAV_GETBESTNODEALTROUTE.rs	single-file assignment; preserve Raven comments; add args/output source locations
src/boundary/mp/game/syscalls/G_NAV_GETBESTPATHBETWEENENTS.rs	MP game	call	module_to_engine	syscall	G_NAV_GETBESTPATHBETWEENENTS	validate_existing_args_output	oracle/oracle/codemp/game/g_public.h	oracle/oracle/codemp/game/g_syscalls.c; oracle/oracle/codemp/game/g_local.h; oracle/oracle/codemp/server/sv_game.cpp	src/boundary/mp/game/syscalls/G_NAV_GETBESTPATHBETWEENENTS.rs	single-file assignment; preserve Raven comments; add args/output source locations
src/boundary/mp/game/syscalls/G_NAV_GETEDGECOST.rs	MP game	call	module_to_engine	syscall	G_NAV_GETEDGECOST	validate_existing_args_output	oracle/oracle/codemp/game/g_public.h	oracle/oracle/codemp/game/g_syscalls.c; oracle/oracle/codemp/game/g_local.h; oracle/oracle/codemp/server/sv_game.cpp	src/boundary/mp/game/syscalls/G_NAV_GETEDGECOST.rs	single-file assignment; preserve Raven comments; add args/output source locations
src/boundary/mp/game/syscalls/G_NAV_GETNEARESTNODE.rs	MP game	call	module_to_engine	syscall	G_NAV_GETNEARESTNODE	validate_existing_args_output	oracle/oracle/codemp/game/g_public.h	oracle/oracle/codemp/game/g_syscalls.c; oracle/oracle/codemp/game/g_local.h; oracle/oracle/codemp/server/sv_game.cpp	src/boundary/mp/game/syscalls/G_NAV_GETNEARESTNODE.rs	single-file assignment; preserve Raven comments; add args/output source locations
src/boundary/mp/game/syscalls/G_NAV_GETNODEEDGE.rs	MP game	call	module_to_engine	syscall	G_NAV_GETNODEEDGE	validate_existing_args_output	oracle/oracle/codemp/game/g_public.h	oracle/oracle/codemp/game/g_syscalls.c; oracle/oracle/codemp/game/g_local.h; oracle/oracle/codemp/server/sv_game.cpp	src/boundary/mp/game/syscalls/G_NAV_GETNODEEDGE.rs	single-file assignment; preserve Raven comments; add args/output source locations
src/boundary/mp/game/syscalls/G_NAV_GETNODENUMEDGES.rs	MP game	call	module_to_engine	syscall	G_NAV_GETNODENUMEDGES	validate_existing_args_output	oracle/oracle/codemp/game/g_public.h	oracle/oracle/codemp/game/g_syscalls.c; oracle/oracle/codemp/game/g_local.h; oracle/oracle/codemp/server/sv_game.cpp	src/boundary/mp/game/syscalls/G_NAV_GETNODENUMEDGES.rs	single-file assignment; preserve Raven comments; add args/output source locations
src/boundary/mp/game/syscalls/G_NAV_GETNODEPOSITION.rs	MP game	call	module_to_engine	syscall	G_NAV_GETNODEPOSITION	validate_existing_args_output	oracle/oracle/codemp/game/g_public.h	oracle/oracle/codemp/game/g_syscalls.c; oracle/oracle/codemp/game/g_local.h; oracle/oracle/codemp/server/sv_game.cpp	src/boundary/mp/game/syscalls/G_NAV_GETNODEPOSITION.rs	single-file assignment; preserve Raven comments; add args/output source locations
src/boundary/mp/game/syscalls/G_NAV_GETNODERADIUS.rs	MP game	call	module_to_engine	syscall	G_NAV_GETNODERADIUS	validate_existing_args_output	oracle/oracle/codemp/game/g_public.h	oracle/oracle/codemp/game/g_syscalls.c; oracle/oracle/codemp/game/g_local.h; oracle/oracle/codemp/server/sv_game.cpp	src/boundary/mp/game/syscalls/G_NAV_GETNODERADIUS.rs	single-file assignment; preserve Raven comments; add args/output source locations
src/boundary/mp/game/syscalls/G_NAV_GETNUMNODES.rs	MP game	call	module_to_engine	syscall	G_NAV_GETNUMNODES	validate_existing_args_output	oracle/oracle/codemp/game/g_public.h	oracle/oracle/codemp/game/g_syscalls.c; oracle/oracle/codemp/game/g_local.h; oracle/oracle/codemp/server/sv_game.cpp	src/boundary/mp/game/syscalls/G_NAV_GETNUMNODES.rs	single-file assignment; preserve Raven comments; add args/output source locations
src/boundary/mp/game/syscalls/G_NAV_GETPATHCOST.rs	MP game	call	module_to_engine	syscall	G_NAV_GETPATHCOST	validate_existing_args_output	oracle/oracle/codemp/game/g_public.h	oracle/oracle/codemp/game/g_syscalls.c; oracle/oracle/codemp/game/g_local.h; oracle/oracle/codemp/server/sv_game.cpp	src/boundary/mp/game/syscalls/G_NAV_GETPATHCOST.rs	single-file assignment; preserve Raven comments; add args/output source locations
src/boundary/mp/game/syscalls/G_NAV_GETPATHSCALCULATED.rs	MP game	call	module_to_engine	syscall	G_NAV_GETPATHSCALCULATED	validate_existing_args_output	oracle/oracle/codemp/game/g_public.h	oracle/oracle/codemp/game/g_syscalls.c; oracle/oracle/codemp/game/g_local.h; oracle/oracle/codemp/server/sv_game.cpp	src/boundary/mp/game/syscalls/G_NAV_GETPATHSCALCULATED.rs	single-file assignment; preserve Raven comments; add args/output source locations
src/boundary/mp/game/syscalls/G_NAV_GETPROJECTEDNODE.rs	MP game	call	module_to_engine	syscall	G_NAV_GETPROJECTEDNODE	validate_existing_args_output	oracle/oracle/codemp/game/g_public.h	oracle/oracle/codemp/game/g_syscalls.c; oracle/oracle/codemp/game/g_local.h; oracle/oracle/codemp/server/sv_game.cpp	src/boundary/mp/game/syscalls/G_NAV_GETPROJECTEDNODE.rs	single-file assignment; preserve Raven comments; add args/output source locations
src/boundary/mp/game/syscalls/G_NAV_HARDCONNECT.rs	MP game	call	module_to_engine	syscall	G_NAV_HARDCONNECT	validate_existing_args_output	oracle/oracle/codemp/game/g_public.h	oracle/oracle/codemp/game/g_syscalls.c; oracle/oracle/codemp/game/g_local.h; oracle/oracle/codemp/server/sv_game.cpp	src/boundary/mp/game/syscalls/G_NAV_HARDCONNECT.rs	single-file assignment; preserve Raven comments; add args/output source locations
src/boundary/mp/game/syscalls/G_NAV_INIT.rs	MP game	call	module_to_engine	syscall	G_NAV_INIT	validate_existing_args_output	oracle/oracle/codemp/game/g_public.h	oracle/oracle/codemp/game/g_syscalls.c; oracle/oracle/codemp/game/g_local.h; oracle/oracle/codemp/server/sv_game.cpp	src/boundary/mp/game/syscalls/G_NAV_INIT.rs	single-file assignment; preserve Raven comments; add args/output source locations
src/boundary/mp/game/syscalls/G_NAV_LOAD.rs	MP game	call	module_to_engine	syscall	G_NAV_LOAD	validate_existing_args_output	oracle/oracle/codemp/game/g_public.h	oracle/oracle/codemp/game/g_syscalls.c; oracle/oracle/codemp/game/g_local.h; oracle/oracle/codemp/server/sv_game.cpp	src/boundary/mp/game/syscalls/G_NAV_LOAD.rs	single-file assignment; preserve Raven comments; add args/output source locations
src/boundary/mp/game/syscalls/G_NAV_NODEFAILED.rs	MP game	call	module_to_engine	syscall	G_NAV_NODEFAILED	validate_existing_args_output	oracle/oracle/codemp/game/g_public.h	oracle/oracle/codemp/game/g_syscalls.c; oracle/oracle/codemp/game/g_local.h; oracle/oracle/codemp/server/sv_game.cpp	src/boundary/mp/game/syscalls/G_NAV_NODEFAILED.rs	single-file assignment; preserve Raven comments; add args/output source locations
src/boundary/mp/game/syscalls/G_NAV_NODESARENEIGHBORS.rs	MP game	call	module_to_engine	syscall	G_NAV_NODESARENEIGHBORS	validate_existing_args_output	oracle/oracle/codemp/game/g_public.h	oracle/oracle/codemp/game/g_syscalls.c; oracle/oracle/codemp/game/g_local.h; oracle/oracle/codemp/server/sv_game.cpp	src/boundary/mp/game/syscalls/G_NAV_NODESARENEIGHBORS.rs	single-file assignment; preserve Raven comments; add args/output source locations
src/boundary/mp/game/syscalls/G_NAV_ROUTEBLOCKED.rs	MP game	call	module_to_engine	syscall	G_NAV_ROUTEBLOCKED	validate_existing_args_output	oracle/oracle/codemp/game/g_public.h	oracle/oracle/codemp/game/g_syscalls.c; oracle/oracle/codemp/game/g_local.h; oracle/oracle/codemp/server/sv_game.cpp	src/boundary/mp/game/syscalls/G_NAV_ROUTEBLOCKED.rs	single-file assignment; preserve Raven comments; add args/output source locations
src/boundary/mp/game/syscalls/G_NAV_SAVE.rs	MP game	call	module_to_engine	syscall	G_NAV_SAVE	validate_existing_args_output	oracle/oracle/codemp/game/g_public.h	oracle/oracle/codemp/game/g_syscalls.c; oracle/oracle/codemp/game/g_local.h; oracle/oracle/codemp/server/sv_game.cpp	src/boundary/mp/game/syscalls/G_NAV_SAVE.rs	single-file assignment; preserve Raven comments; add args/output source locations
src/boundary/mp/game/syscalls/G_NAV_SETCHECKEDNODE.rs	MP game	call	module_to_engine	syscall	G_NAV_SETCHECKEDNODE	validate_existing_args_output	oracle/oracle/codemp/game/g_public.h	oracle/oracle/codemp/game/g_syscalls.c; oracle/oracle/codemp/game/g_local.h; oracle/oracle/codemp/server/sv_game.cpp	src/boundary/mp/game/syscalls/G_NAV_SETCHECKEDNODE.rs	single-file assignment; preserve Raven comments; add args/output source locations
src/boundary/mp/game/syscalls/G_NAV_SETPATHSCALCULATED.rs	MP game	call	module_to_engine	syscall	G_NAV_SETPATHSCALCULATED	validate_existing_args_output	oracle/oracle/codemp/game/g_public.h	oracle/oracle/codemp/game/g_syscalls.c; oracle/oracle/codemp/game/g_local.h; oracle/oracle/codemp/server/sv_game.cpp	src/boundary/mp/game/syscalls/G_NAV_SETPATHSCALCULATED.rs	single-file assignment; preserve Raven comments; add args/output source locations
src/boundary/mp/game/syscalls/G_NAV_SHOWEDGES.rs	MP game	call	module_to_engine	syscall	G_NAV_SHOWEDGES	validate_existing_args_output	oracle/oracle/codemp/game/g_public.h	oracle/oracle/codemp/game/g_syscalls.c; oracle/oracle/codemp/game/g_local.h; oracle/oracle/codemp/server/sv_game.cpp	src/boundary/mp/game/syscalls/G_NAV_SHOWEDGES.rs	single-file assignment; preserve Raven comments; add args/output source locations
src/boundary/mp/game/syscalls/G_NAV_SHOWNODES.rs	MP game	call	module_to_engine	syscall	G_NAV_SHOWNODES	validate_existing_args_output	oracle/oracle/codemp/game/g_public.h	oracle/oracle/codemp/game/g_syscalls.c; oracle/oracle/codemp/game/g_local.h; oracle/oracle/codemp/server/sv_game.cpp	src/boundary/mp/game/syscalls/G_NAV_SHOWNODES.rs	single-file assignment; preserve Raven comments; add args/output source locations
src/boundary/mp/game/syscalls/G_NAV_SHOWPATH.rs	MP game	call	module_to_engine	syscall	G_NAV_SHOWPATH	validate_existing_args_output	oracle/oracle/codemp/game/g_public.h	oracle/oracle/codemp/game/g_syscalls.c; oracle/oracle/codemp/game/g_local.h; oracle/oracle/codemp/server/sv_game.cpp	src/boundary/mp/game/syscalls/G_NAV_SHOWPATH.rs	single-file assignment; preserve Raven comments; add args/output source locations
src/boundary/mp/game/syscalls/G_PERPENDICULARVECTOR.rs	MP game	call	module_to_engine	syscall	G_PERPENDICULARVECTOR	validate_existing_args_output	oracle/oracle/codemp/game/g_public.h	oracle/oracle/codemp/game/g_syscalls.c; oracle/oracle/codemp/game/g_local.h; oracle/oracle/codemp/server/sv_game.cpp	src/boundary/mp/game/syscalls/G_PERPENDICULARVECTOR.rs	single-file assignment; preserve Raven comments; add args/output source locations
src/boundary/mp/game/syscalls/G_POINT_CONTENTS.rs	MP game	call	module_to_engine	syscall	G_POINT_CONTENTS	validate_existing_args_output	oracle/oracle/codemp/game/g_public.h	oracle/oracle/codemp/game/g_syscalls.c; oracle/oracle/codemp/game/g_local.h; oracle/oracle/codemp/server/sv_game.cpp	src/boundary/mp/game/syscalls/G_POINT_CONTENTS.rs	single-file assignment; preserve Raven comments; add args/output source locations
src/boundary/mp/game/syscalls/G_PRECISIONTIMER_END.rs	MP game	call	module_to_engine	syscall	G_PRECISIONTIMER_END	validate_existing_args_output	oracle/oracle/codemp/game/g_public.h	oracle/oracle/codemp/game/g_syscalls.c; oracle/oracle/codemp/game/g_local.h; oracle/oracle/codemp/server/sv_game.cpp	src/boundary/mp/game/syscalls/G_PRECISIONTIMER_END.rs	single-file assignment; preserve Raven comments; add args/output source locations
src/boundary/mp/game/syscalls/G_PRECISIONTIMER_START.rs	MP game	call	module_to_engine	syscall	G_PRECISIONTIMER_START	validate_existing_args_output	oracle/oracle/codemp/game/g_public.h	oracle/oracle/codemp/game/g_syscalls.c; oracle/oracle/codemp/game/g_local.h; oracle/oracle/codemp/server/sv_game.cpp	src/boundary/mp/game/syscalls/G_PRECISIONTIMER_START.rs	single-file assignment; preserve Raven comments; add args/output source locations
src/boundary/mp/game/syscalls/G_PRINT.rs	MP game	call	module_to_engine	syscall	G_PRINT	validate_existing_args_output	oracle/oracle/codemp/game/g_public.h	oracle/oracle/codemp/game/g_syscalls.c; oracle/oracle/codemp/game/g_local.h; oracle/oracle/codemp/server/sv_game.cpp	src/boundary/mp/game/syscalls/G_PRINT.rs	single-file assignment; preserve Raven comments; add args/output source locations
src/boundary/mp/game/syscalls/G_REAL_TIME.rs	MP game	call	module_to_engine	syscall	G_REAL_TIME	validate_existing_args_output	oracle/oracle/codemp/game/g_public.h	oracle/oracle/codemp/game/g_syscalls.c; oracle/oracle/codemp/game/g_local.h; oracle/oracle/codemp/server/sv_game.cpp	src/boundary/mp/game/syscalls/G_REAL_TIME.rs	single-file assignment; preserve Raven comments; add args/output source locations
src/boundary/mp/game/syscalls/G_RMG_INIT.rs	MP game	call	module_to_engine	syscall	G_RMG_INIT	validate_existing_args_output	oracle/oracle/codemp/game/g_public.h	oracle/oracle/codemp/game/g_syscalls.c; oracle/oracle/codemp/game/g_local.h; oracle/oracle/codemp/server/sv_game.cpp	src/boundary/mp/game/syscalls/G_RMG_INIT.rs	single-file assignment; preserve Raven comments; add args/output source locations
src/boundary/mp/game/syscalls/G_ROFF_CACHE.rs	MP game	call	module_to_engine	syscall	G_ROFF_CACHE	validate_existing_args_output	oracle/oracle/codemp/game/g_public.h	oracle/oracle/codemp/game/g_syscalls.c; oracle/oracle/codemp/game/g_local.h; oracle/oracle/codemp/server/sv_game.cpp	src/boundary/mp/game/syscalls/G_ROFF_CACHE.rs	single-file assignment; preserve Raven comments; add args/output source locations
src/boundary/mp/game/syscalls/G_ROFF_CLEAN.rs	MP game	call	module_to_engine	syscall	G_ROFF_CLEAN	validate_existing_args_output	oracle/oracle/codemp/game/g_public.h	oracle/oracle/codemp/game/g_syscalls.c; oracle/oracle/codemp/game/g_local.h; oracle/oracle/codemp/server/sv_game.cpp	src/boundary/mp/game/syscalls/G_ROFF_CLEAN.rs	single-file assignment; preserve Raven comments; add args/output source locations
src/boundary/mp/game/syscalls/G_ROFF_PLAY.rs	MP game	call	module_to_engine	syscall	G_ROFF_PLAY	validate_existing_args_output	oracle/oracle/codemp/game/g_public.h	oracle/oracle/codemp/game/g_syscalls.c; oracle/oracle/codemp/game/g_local.h; oracle/oracle/codemp/server/sv_game.cpp	src/boundary/mp/game/syscalls/G_ROFF_PLAY.rs	single-file assignment; preserve Raven comments; add args/output source locations
src/boundary/mp/game/syscalls/G_ROFF_PURGE_ENT.rs	MP game	call	module_to_engine	syscall	G_ROFF_PURGE_ENT	validate_existing_args_output	oracle/oracle/codemp/game/g_public.h	oracle/oracle/codemp/game/g_syscalls.c; oracle/oracle/codemp/game/g_local.h; oracle/oracle/codemp/server/sv_game.cpp	src/boundary/mp/game/syscalls/G_ROFF_PURGE_ENT.rs	single-file assignment; preserve Raven comments; add args/output source locations
src/boundary/mp/game/syscalls/G_ROFF_UPDATE_ENTITIES.rs	MP game	call	module_to_engine	syscall	G_ROFF_UPDATE_ENTITIES	validate_existing_args_output	oracle/oracle/codemp/game/g_public.h	oracle/oracle/codemp/game/g_syscalls.c; oracle/oracle/codemp/game/g_local.h; oracle/oracle/codemp/server/sv_game.cpp	src/boundary/mp/game/syscalls/G_ROFF_UPDATE_ENTITIES.rs	single-file assignment; preserve Raven comments; add args/output source locations
src/boundary/mp/game/syscalls/G_R_REGISTERSKIN.rs	MP game	call	module_to_engine	syscall	G_R_REGISTERSKIN	validate_existing_args_output	oracle/oracle/codemp/game/g_public.h	oracle/oracle/codemp/game/g_syscalls.c; oracle/oracle/codemp/game/g_local.h; oracle/oracle/codemp/server/sv_game.cpp	src/boundary/mp/game/syscalls/G_R_REGISTERSKIN.rs	single-file assignment; preserve Raven comments; add args/output source locations
src/boundary/mp/game/syscalls/G_SEND_CONSOLE_COMMAND.rs	MP game	call	module_to_engine	syscall	G_SEND_CONSOLE_COMMAND	validate_existing_args_output	oracle/oracle/codemp/game/g_public.h	oracle/oracle/codemp/game/g_syscalls.c; oracle/oracle/codemp/game/g_local.h; oracle/oracle/codemp/server/sv_game.cpp	src/boundary/mp/game/syscalls/G_SEND_CONSOLE_COMMAND.rs	single-file assignment; preserve Raven comments; add args/output source locations
src/boundary/mp/game/syscalls/G_SEND_SERVER_COMMAND.rs	MP game	call	module_to_engine	syscall	G_SEND_SERVER_COMMAND	validate_existing_args_output	oracle/oracle/codemp/game/g_public.h	oracle/oracle/codemp/game/g_syscalls.c; oracle/oracle/codemp/game/g_local.h; oracle/oracle/codemp/server/sv_game.cpp	src/boundary/mp/game/syscalls/G_SEND_SERVER_COMMAND.rs	single-file assignment; preserve Raven comments; add args/output source locations
src/boundary/mp/game/syscalls/G_SET_ACTIVE_SUBBSP.rs	MP game	call	module_to_engine	syscall	G_SET_ACTIVE_SUBBSP	validate_existing_args_output	oracle/oracle/codemp/game/g_public.h	oracle/oracle/codemp/game/g_syscalls.c; oracle/oracle/codemp/game/g_local.h; oracle/oracle/codemp/server/sv_game.cpp	src/boundary/mp/game/syscalls/G_SET_ACTIVE_SUBBSP.rs	single-file assignment; preserve Raven comments; add args/output source locations
src/boundary/mp/game/syscalls/G_SET_BRUSH_MODEL.rs	MP game	call	module_to_engine	syscall	G_SET_BRUSH_MODEL	validate_existing_args_output	oracle/oracle/codemp/game/g_public.h	oracle/oracle/codemp/game/g_syscalls.c; oracle/oracle/codemp/game/g_local.h; oracle/oracle/codemp/server/sv_game.cpp	src/boundary/mp/game/syscalls/G_SET_BRUSH_MODEL.rs	single-file assignment; preserve Raven comments; add args/output source locations
src/boundary/mp/game/syscalls/G_SET_CONFIGSTRING.rs	MP game	call	module_to_engine	syscall	G_SET_CONFIGSTRING	validate_existing_args_output	oracle/oracle/codemp/game/g_public.h	oracle/oracle/codemp/game/g_syscalls.c; oracle/oracle/codemp/game/g_local.h; oracle/oracle/codemp/server/sv_game.cpp	src/boundary/mp/game/syscalls/G_SET_CONFIGSTRING.rs	single-file assignment; preserve Raven comments; add args/output source locations
src/boundary/mp/game/syscalls/G_SET_SERVER_CULL.rs	MP game	call	module_to_engine	syscall	G_SET_SERVER_CULL	validate_existing_args_output	oracle/oracle/codemp/game/g_public.h	oracle/oracle/codemp/game/g_syscalls.c; oracle/oracle/codemp/game/g_local.h; oracle/oracle/codemp/server/sv_game.cpp	src/boundary/mp/game/syscalls/G_SET_SERVER_CULL.rs	single-file assignment; preserve Raven comments; add args/output source locations
src/boundary/mp/game/syscalls/G_SET_SHARED_BUFFER.rs	MP game	call	module_to_engine	syscall	G_SET_SHARED_BUFFER	validate_existing_args_output	oracle/oracle/codemp/game/g_public.h	oracle/oracle/codemp/game/g_syscalls.c; oracle/oracle/codemp/game/g_local.h; oracle/oracle/codemp/server/sv_game.cpp	src/boundary/mp/game/syscalls/G_SET_SHARED_BUFFER.rs	single-file assignment; preserve Raven comments; add args/output source locations
src/boundary/mp/game/syscalls/G_SET_USERINFO.rs	MP game	call	module_to_engine	syscall	G_SET_USERINFO	validate_existing_args_output	oracle/oracle/codemp/game/g_public.h	oracle/oracle/codemp/game/g_syscalls.c; oracle/oracle/codemp/game/g_local.h; oracle/oracle/codemp/server/sv_game.cpp	src/boundary/mp/game/syscalls/G_SET_USERINFO.rs	single-file assignment; preserve Raven comments; add args/output source locations
src/boundary/mp/game/syscalls/G_SIEGEPERSGET.rs	MP game	call	module_to_engine	syscall	G_SIEGEPERSGET	validate_existing_args_output	oracle/oracle/codemp/game/g_public.h	oracle/oracle/codemp/game/g_syscalls.c; oracle/oracle/codemp/game/g_local.h; oracle/oracle/codemp/server/sv_game.cpp	src/boundary/mp/game/syscalls/G_SIEGEPERSGET.rs	single-file assignment; preserve Raven comments; add args/output source locations
src/boundary/mp/game/syscalls/G_SIEGEPERSSET.rs	MP game	call	module_to_engine	syscall	G_SIEGEPERSSET	validate_existing_args_output	oracle/oracle/codemp/game/g_public.h	oracle/oracle/codemp/game/g_syscalls.c; oracle/oracle/codemp/game/g_local.h; oracle/oracle/codemp/server/sv_game.cpp	src/boundary/mp/game/syscalls/G_SIEGEPERSSET.rs	single-file assignment; preserve Raven comments; add args/output source locations
src/boundary/mp/game/syscalls/G_SIN.rs	MP game	call	module_to_engine	syscall	G_SIN	validate_existing_args_output	oracle/oracle/codemp/game/g_public.h	oracle/oracle/codemp/game/g_syscalls.c; oracle/oracle/codemp/game/g_local.h; oracle/oracle/codemp/server/sv_game.cpp	src/boundary/mp/game/syscalls/G_SIN.rs	single-file assignment; preserve Raven comments; add args/output source locations
src/boundary/mp/game/syscalls/G_SNAPVECTOR.rs	MP game	call	module_to_engine	syscall	G_SNAPVECTOR	validate_existing_args_output	oracle/oracle/codemp/game/g_public.h	oracle/oracle/codemp/game/g_syscalls.c; oracle/oracle/codemp/game/g_local.h; oracle/oracle/codemp/server/sv_game.cpp	src/boundary/mp/game/syscalls/G_SNAPVECTOR.rs	single-file assignment; preserve Raven comments; add args/output source locations
src/boundary/mp/game/syscalls/G_SQRT.rs	MP game	call	module_to_engine	syscall	G_SQRT	validate_existing_args_output	oracle/oracle/codemp/game/g_public.h	oracle/oracle/codemp/game/g_syscalls.c; oracle/oracle/codemp/game/g_local.h; oracle/oracle/codemp/server/sv_game.cpp	src/boundary/mp/game/syscalls/G_SQRT.rs	single-file assignment; preserve Raven comments; add args/output source locations
src/boundary/mp/game/syscalls/G_STRNCPY.rs	MP game	call	module_to_engine	syscall	G_STRNCPY	validate_existing_args_output	oracle/oracle/codemp/game/g_public.h	oracle/oracle/codemp/game/g_syscalls.c; oracle/oracle/codemp/game/g_local.h; oracle/oracle/codemp/server/sv_game.cpp	src/boundary/mp/game/syscalls/G_STRNCPY.rs	single-file assignment; preserve Raven comments; add args/output source locations
src/boundary/mp/game/syscalls/G_TESTPRINTFLOAT.rs	MP game	call	module_to_engine	syscall	G_TESTPRINTFLOAT	validate_existing_args_output	oracle/oracle/codemp/game/g_public.h	oracle/oracle/codemp/game/g_syscalls.c; oracle/oracle/codemp/game/g_local.h; oracle/oracle/codemp/server/sv_game.cpp	src/boundary/mp/game/syscalls/G_TESTPRINTFLOAT.rs	single-file assignment; preserve Raven comments; add args/output source locations
src/boundary/mp/game/syscalls/G_TESTPRINTINT.rs	MP game	call	module_to_engine	syscall	G_TESTPRINTINT	validate_existing_args_output	oracle/oracle/codemp/game/g_public.h	oracle/oracle/codemp/game/g_syscalls.c; oracle/oracle/codemp/game/g_local.h; oracle/oracle/codemp/server/sv_game.cpp	src/boundary/mp/game/syscalls/G_TESTPRINTINT.rs	single-file assignment; preserve Raven comments; add args/output source locations
src/boundary/mp/game/syscalls/G_TRACE.rs	MP game	call	module_to_engine	syscall	G_TRACE	validate_existing_args_output	oracle/oracle/codemp/game/g_public.h	oracle/oracle/codemp/game/g_syscalls.c; oracle/oracle/codemp/game/g_local.h; oracle/oracle/codemp/server/sv_game.cpp	src/boundary/mp/game/syscalls/G_TRACE.rs	single-file assignment; preserve Raven comments; add args/output source locations
src/boundary/mp/game/syscalls/G_TRACECAPSULE.rs	MP game	call	module_to_engine	syscall	G_TRACECAPSULE	validate_existing_args_output	oracle/oracle/codemp/game/g_public.h	oracle/oracle/codemp/game/g_syscalls.c; oracle/oracle/codemp/game/g_local.h; oracle/oracle/codemp/server/sv_game.cpp	src/boundary/mp/game/syscalls/G_TRACECAPSULE.rs	single-file assignment; preserve Raven comments; add args/output source locations
src/boundary/mp/game/syscalls/G_TRUEFREE.rs	MP game	call	module_to_engine	syscall	G_TRUEFREE	validate_existing_args_output	oracle/oracle/codemp/game/g_public.h	oracle/oracle/codemp/game/g_syscalls.c; oracle/oracle/codemp/game/g_local.h; oracle/oracle/codemp/server/sv_game.cpp	src/boundary/mp/game/syscalls/G_TRUEFREE.rs	single-file assignment; preserve Raven comments; add args/output source locations
src/boundary/mp/game/syscalls/G_TRUEMALLOC.rs	MP game	call	module_to_engine	syscall	G_TRUEMALLOC	validate_existing_args_output	oracle/oracle/codemp/game/g_public.h	oracle/oracle/codemp/game/g_syscalls.c; oracle/oracle/codemp/game/g_local.h; oracle/oracle/codemp/server/sv_game.cpp	src/boundary/mp/game/syscalls/G_TRUEMALLOC.rs	single-file assignment; preserve Raven comments; add args/output source locations
src/boundary/mp/game/syscalls/G_UNLINKENTITY.rs	MP game	call	module_to_engine	syscall	G_UNLINKENTITY	validate_existing_args_output	oracle/oracle/codemp/game/g_public.h	oracle/oracle/codemp/game/g_syscalls.c; oracle/oracle/codemp/game/g_local.h; oracle/oracle/codemp/server/sv_game.cpp	src/boundary/mp/game/syscalls/G_UNLINKENTITY.rs	single-file assignment; preserve Raven comments; add args/output source locations
src/boundary/mp/game/syscalls/SP_GETSTRINGTEXTSTRING.rs	MP game	call	module_to_engine	syscall	SP_GETSTRINGTEXTSTRING	validate_existing_args_output	oracle/oracle/codemp/game/g_public.h	oracle/oracle/codemp/game/g_syscalls.c; oracle/oracle/codemp/game/g_local.h; oracle/oracle/codemp/server/sv_game.cpp	src/boundary/mp/game/syscalls/SP_GETSTRINGTEXTSTRING.rs	single-file assignment; preserve Raven comments; add args/output source locations
src/boundary/mp/game/vmcalls/BOTAI_START_FRAME.rs	MP game	call	engine_to_module	vmMain	BOTAI_START_FRAME	validate_existing_args_output	oracle/oracle/codemp/game/g_public.h	oracle/oracle/codemp/game/g_main.c; oracle/oracle/codemp/server/*.cpp; oracle/oracle/codemp/icarus/*.cpp; oracle/oracle/codemp/qcommon/RoffSystem.cpp	src/boundary/mp/game/vmcalls/BOTAI_START_FRAME.rs	single-file assignment; preserve Raven comments; add args/output source locations
src/boundary/mp/game/vmcalls/GAME_CLIENT_BEGIN.rs	MP game	call	engine_to_module	vmMain	GAME_CLIENT_BEGIN	validate_existing_args_output	oracle/oracle/codemp/game/g_public.h	oracle/oracle/codemp/game/g_main.c; oracle/oracle/codemp/server/*.cpp; oracle/oracle/codemp/icarus/*.cpp; oracle/oracle/codemp/qcommon/RoffSystem.cpp	src/boundary/mp/game/vmcalls/GAME_CLIENT_BEGIN.rs	single-file assignment; preserve Raven comments; add args/output source locations
src/boundary/mp/game/vmcalls/GAME_CLIENT_COMMAND.rs	MP game	call	engine_to_module	vmMain	GAME_CLIENT_COMMAND	validate_existing_args_output	oracle/oracle/codemp/game/g_public.h	oracle/oracle/codemp/game/g_main.c; oracle/oracle/codemp/server/*.cpp; oracle/oracle/codemp/icarus/*.cpp; oracle/oracle/codemp/qcommon/RoffSystem.cpp	src/boundary/mp/game/vmcalls/GAME_CLIENT_COMMAND.rs	single-file assignment; preserve Raven comments; add args/output source locations
src/boundary/mp/game/vmcalls/GAME_CLIENT_CONNECT.rs	MP game	call	engine_to_module	vmMain	GAME_CLIENT_CONNECT	port_args_output	oracle/oracle/codemp/game/g_public.h	oracle/oracle/codemp/game/g_main.c; oracle/oracle/codemp/server/*.cpp; oracle/oracle/codemp/icarus/*.cpp; oracle/oracle/codemp/qcommon/RoffSystem.cpp	src/boundary/mp/game/vmcalls/GAME_CLIENT_CONNECT.rs	single-file assignment; preserve Raven comments; add args/output source locations
src/boundary/mp/game/vmcalls/GAME_CLIENT_DISCONNECT.rs	MP game	call	engine_to_module	vmMain	GAME_CLIENT_DISCONNECT	validate_existing_args_output	oracle/oracle/codemp/game/g_public.h	oracle/oracle/codemp/game/g_main.c; oracle/oracle/codemp/server/*.cpp; oracle/oracle/codemp/icarus/*.cpp; oracle/oracle/codemp/qcommon/RoffSystem.cpp	src/boundary/mp/game/vmcalls/GAME_CLIENT_DISCONNECT.rs	single-file assignment; preserve Raven comments; add args/output source locations
src/boundary/mp/game/vmcalls/GAME_CLIENT_THINK.rs	MP game	call	engine_to_module	vmMain	GAME_CLIENT_THINK	validate_existing_args_output	oracle/oracle/codemp/game/g_public.h	oracle/oracle/codemp/game/g_main.c; oracle/oracle/codemp/server/*.cpp; oracle/oracle/codemp/icarus/*.cpp; oracle/oracle/codemp/qcommon/RoffSystem.cpp	src/boundary/mp/game/vmcalls/GAME_CLIENT_THINK.rs	single-file assignment; preserve Raven comments; add args/output source locations
src/boundary/mp/game/vmcalls/GAME_CLIENT_USERINFO_CHANGED.rs	MP game	call	engine_to_module	vmMain	GAME_CLIENT_USERINFO_CHANGED	validate_existing_args_output	oracle/oracle/codemp/game/g_public.h	oracle/oracle/codemp/game/g_main.c; oracle/oracle/codemp/server/*.cpp; oracle/oracle/codemp/icarus/*.cpp; oracle/oracle/codemp/qcommon/RoffSystem.cpp	src/boundary/mp/game/vmcalls/GAME_CLIENT_USERINFO_CHANGED.rs	single-file assignment; preserve Raven comments; add args/output source locations
src/boundary/mp/game/vmcalls/GAME_CONSOLE_COMMAND.rs	MP game	call	engine_to_module	vmMain	GAME_CONSOLE_COMMAND	validate_existing_args_output	oracle/oracle/codemp/game/g_public.h	oracle/oracle/codemp/game/g_main.c; oracle/oracle/codemp/server/*.cpp; oracle/oracle/codemp/icarus/*.cpp; oracle/oracle/codemp/qcommon/RoffSystem.cpp	src/boundary/mp/game/vmcalls/GAME_CONSOLE_COMMAND.rs	single-file assignment; preserve Raven comments; add args/output source locations
src/boundary/mp/game/vmcalls/GAME_GETITEMINDEXBYTAG.rs	MP game	call	engine_to_module	vmMain	GAME_GETITEMINDEXBYTAG	port_args_output	oracle/oracle/codemp/game/g_public.h	oracle/oracle/codemp/game/g_main.c; oracle/oracle/codemp/server/*.cpp; oracle/oracle/codemp/icarus/*.cpp; oracle/oracle/codemp/qcommon/RoffSystem.cpp	src/boundary/mp/game/vmcalls/GAME_GETITEMINDEXBYTAG.rs	single-file assignment; preserve Raven comments; add args/output source locations
src/boundary/mp/game/vmcalls/GAME_ICARUS_GETFLOAT.rs	MP game	call	engine_to_module	vmMain	GAME_ICARUS_GETFLOAT	port_args_output	oracle/oracle/codemp/game/g_public.h	oracle/oracle/codemp/game/g_main.c; oracle/oracle/codemp/server/*.cpp; oracle/oracle/codemp/icarus/*.cpp; oracle/oracle/codemp/qcommon/RoffSystem.cpp	src/boundary/mp/game/vmcalls/GAME_ICARUS_GETFLOAT.rs	single-file assignment; preserve Raven comments; add args/output source locations
src/boundary/mp/game/vmcalls/GAME_ICARUS_GETSETIDFORSTRING.rs	MP game	call	engine_to_module	vmMain	GAME_ICARUS_GETSETIDFORSTRING	port_args_output	oracle/oracle/codemp/game/g_public.h	oracle/oracle/codemp/game/g_main.c; oracle/oracle/codemp/server/*.cpp; oracle/oracle/codemp/icarus/*.cpp; oracle/oracle/codemp/qcommon/RoffSystem.cpp	src/boundary/mp/game/vmcalls/GAME_ICARUS_GETSETIDFORSTRING.rs	single-file assignment; preserve Raven comments; add args/output source locations
src/boundary/mp/game/vmcalls/GAME_ICARUS_GETSTRING.rs	MP game	call	engine_to_module	vmMain	GAME_ICARUS_GETSTRING	port_args_output	oracle/oracle/codemp/game/g_public.h	oracle/oracle/codemp/game/g_main.c; oracle/oracle/codemp/server/*.cpp; oracle/oracle/codemp/icarus/*.cpp; oracle/oracle/codemp/qcommon/RoffSystem.cpp	src/boundary/mp/game/vmcalls/GAME_ICARUS_GETSTRING.rs	single-file assignment; preserve Raven comments; add args/output source locations
src/boundary/mp/game/vmcalls/GAME_ICARUS_GETTAG.rs	MP game	call	engine_to_module	vmMain	GAME_ICARUS_GETTAG	port_args_output	oracle/oracle/codemp/game/g_public.h	oracle/oracle/codemp/game/g_main.c; oracle/oracle/codemp/server/*.cpp; oracle/oracle/codemp/icarus/*.cpp; oracle/oracle/codemp/qcommon/RoffSystem.cpp	src/boundary/mp/game/vmcalls/GAME_ICARUS_GETTAG.rs	single-file assignment; preserve Raven comments; add args/output source locations
src/boundary/mp/game/vmcalls/GAME_ICARUS_GETVECTOR.rs	MP game	call	engine_to_module	vmMain	GAME_ICARUS_GETVECTOR	port_args_output	oracle/oracle/codemp/game/g_public.h	oracle/oracle/codemp/game/g_main.c; oracle/oracle/codemp/server/*.cpp; oracle/oracle/codemp/icarus/*.cpp; oracle/oracle/codemp/qcommon/RoffSystem.cpp	src/boundary/mp/game/vmcalls/GAME_ICARUS_GETVECTOR.rs	single-file assignment; preserve Raven comments; add args/output source locations
src/boundary/mp/game/vmcalls/GAME_ICARUS_KILL.rs	MP game	call	engine_to_module	vmMain	GAME_ICARUS_KILL	port_args_output	oracle/oracle/codemp/game/g_public.h	oracle/oracle/codemp/game/g_main.c; oracle/oracle/codemp/server/*.cpp; oracle/oracle/codemp/icarus/*.cpp; oracle/oracle/codemp/qcommon/RoffSystem.cpp	src/boundary/mp/game/vmcalls/GAME_ICARUS_KILL.rs	single-file assignment; preserve Raven comments; add args/output source locations
src/boundary/mp/game/vmcalls/GAME_ICARUS_LERP2ANGLES.rs	MP game	call	engine_to_module	vmMain	GAME_ICARUS_LERP2ANGLES	port_args_output	oracle/oracle/codemp/game/g_public.h	oracle/oracle/codemp/game/g_main.c; oracle/oracle/codemp/server/*.cpp; oracle/oracle/codemp/icarus/*.cpp; oracle/oracle/codemp/qcommon/RoffSystem.cpp	src/boundary/mp/game/vmcalls/GAME_ICARUS_LERP2ANGLES.rs	single-file assignment; preserve Raven comments; add args/output source locations
src/boundary/mp/game/vmcalls/GAME_ICARUS_LERP2END.rs	MP game	call	engine_to_module	vmMain	GAME_ICARUS_LERP2END	port_args_output	oracle/oracle/codemp/game/g_public.h	oracle/oracle/codemp/game/g_main.c; oracle/oracle/codemp/server/*.cpp; oracle/oracle/codemp/icarus/*.cpp; oracle/oracle/codemp/qcommon/RoffSystem.cpp	src/boundary/mp/game/vmcalls/GAME_ICARUS_LERP2END.rs	single-file assignment; preserve Raven comments; add args/output source locations
src/boundary/mp/game/vmcalls/GAME_ICARUS_LERP2ORIGIN.rs	MP game	call	engine_to_module	vmMain	GAME_ICARUS_LERP2ORIGIN	port_args_output	oracle/oracle/codemp/game/g_public.h	oracle/oracle/codemp/game/g_main.c; oracle/oracle/codemp/server/*.cpp; oracle/oracle/codemp/icarus/*.cpp; oracle/oracle/codemp/qcommon/RoffSystem.cpp	src/boundary/mp/game/vmcalls/GAME_ICARUS_LERP2ORIGIN.rs	single-file assignment; preserve Raven comments; add args/output source locations
src/boundary/mp/game/vmcalls/GAME_ICARUS_LERP2POS.rs	MP game	call	engine_to_module	vmMain	GAME_ICARUS_LERP2POS	port_args_output	oracle/oracle/codemp/game/g_public.h	oracle/oracle/codemp/game/g_main.c; oracle/oracle/codemp/server/*.cpp; oracle/oracle/codemp/icarus/*.cpp; oracle/oracle/codemp/qcommon/RoffSystem.cpp	src/boundary/mp/game/vmcalls/GAME_ICARUS_LERP2POS.rs	single-file assignment; preserve Raven comments; add args/output source locations
src/boundary/mp/game/vmcalls/GAME_ICARUS_LERP2START.rs	MP game	call	engine_to_module	vmMain	GAME_ICARUS_LERP2START	port_args_output	oracle/oracle/codemp/game/g_public.h	oracle/oracle/codemp/game/g_main.c; oracle/oracle/codemp/server/*.cpp; oracle/oracle/codemp/icarus/*.cpp; oracle/oracle/codemp/qcommon/RoffSystem.cpp	src/boundary/mp/game/vmcalls/GAME_ICARUS_LERP2START.rs	single-file assignment; preserve Raven comments; add args/output source locations
src/boundary/mp/game/vmcalls/GAME_ICARUS_PLAY.rs	MP game	call	engine_to_module	vmMain	GAME_ICARUS_PLAY	port_args_output	oracle/oracle/codemp/game/g_public.h	oracle/oracle/codemp/game/g_main.c; oracle/oracle/codemp/server/*.cpp; oracle/oracle/codemp/icarus/*.cpp; oracle/oracle/codemp/qcommon/RoffSystem.cpp	src/boundary/mp/game/vmcalls/GAME_ICARUS_PLAY.rs	single-file assignment; preserve Raven comments; add args/output source locations
src/boundary/mp/game/vmcalls/GAME_ICARUS_PLAYSOUND.rs	MP game	call	engine_to_module	vmMain	GAME_ICARUS_PLAYSOUND	port_args_output	oracle/oracle/codemp/game/g_public.h	oracle/oracle/codemp/game/g_main.c; oracle/oracle/codemp/server/*.cpp; oracle/oracle/codemp/icarus/*.cpp; oracle/oracle/codemp/qcommon/RoffSystem.cpp	src/boundary/mp/game/vmcalls/GAME_ICARUS_PLAYSOUND.rs	single-file assignment; preserve Raven comments; add args/output source locations
src/boundary/mp/game/vmcalls/GAME_ICARUS_REMOVE.rs	MP game	call	engine_to_module	vmMain	GAME_ICARUS_REMOVE	port_args_output	oracle/oracle/codemp/game/g_public.h	oracle/oracle/codemp/game/g_main.c; oracle/oracle/codemp/server/*.cpp; oracle/oracle/codemp/icarus/*.cpp; oracle/oracle/codemp/qcommon/RoffSystem.cpp	src/boundary/mp/game/vmcalls/GAME_ICARUS_REMOVE.rs	single-file assignment; preserve Raven comments; add args/output source locations
src/boundary/mp/game/vmcalls/GAME_ICARUS_SET.rs	MP game	call	engine_to_module	vmMain	GAME_ICARUS_SET	port_args_output	oracle/oracle/codemp/game/g_public.h	oracle/oracle/codemp/game/g_main.c; oracle/oracle/codemp/server/*.cpp; oracle/oracle/codemp/icarus/*.cpp; oracle/oracle/codemp/qcommon/RoffSystem.cpp	src/boundary/mp/game/vmcalls/GAME_ICARUS_SET.rs	single-file assignment; preserve Raven comments; add args/output source locations
src/boundary/mp/game/vmcalls/GAME_ICARUS_SOUNDINDEX.rs	MP game	call	engine_to_module	vmMain	GAME_ICARUS_SOUNDINDEX	port_args_output	oracle/oracle/codemp/game/g_public.h	oracle/oracle/codemp/game/g_main.c; oracle/oracle/codemp/server/*.cpp; oracle/oracle/codemp/icarus/*.cpp; oracle/oracle/codemp/qcommon/RoffSystem.cpp	src/boundary/mp/game/vmcalls/GAME_ICARUS_SOUNDINDEX.rs	single-file assignment; preserve Raven comments; add args/output source locations
src/boundary/mp/game/vmcalls/GAME_ICARUS_USE.rs	MP game	call	engine_to_module	vmMain	GAME_ICARUS_USE	port_args_output	oracle/oracle/codemp/game/g_public.h	oracle/oracle/codemp/game/g_main.c; oracle/oracle/codemp/server/*.cpp; oracle/oracle/codemp/icarus/*.cpp; oracle/oracle/codemp/qcommon/RoffSystem.cpp	src/boundary/mp/game/vmcalls/GAME_ICARUS_USE.rs	single-file assignment; preserve Raven comments; add args/output source locations
src/boundary/mp/game/vmcalls/GAME_INIT.rs	MP game	call	engine_to_module	vmMain	GAME_INIT	port_args_output	oracle/oracle/codemp/game/g_public.h	oracle/oracle/codemp/game/g_main.c; oracle/oracle/codemp/server/*.cpp; oracle/oracle/codemp/icarus/*.cpp; oracle/oracle/codemp/qcommon/RoffSystem.cpp	src/boundary/mp/game/vmcalls/GAME_INIT.rs	single-file assignment; preserve Raven comments; add args/output source locations
src/boundary/mp/game/vmcalls/GAME_NAV_CHECKNODEFAILEDFORENT.rs	MP game	call	engine_to_module	vmMain	GAME_NAV_CHECKNODEFAILEDFORENT	port_args_output	oracle/oracle/codemp/game/g_public.h	oracle/oracle/codemp/game/g_main.c; oracle/oracle/codemp/server/*.cpp; oracle/oracle/codemp/icarus/*.cpp; oracle/oracle/codemp/qcommon/RoffSystem.cpp	src/boundary/mp/game/vmcalls/GAME_NAV_CHECKNODEFAILEDFORENT.rs	single-file assignment; preserve Raven comments; add args/output source locations
src/boundary/mp/game/vmcalls/GAME_NAV_CLEARLOS.rs	MP game	call	engine_to_module	vmMain	GAME_NAV_CLEARLOS	port_args_output	oracle/oracle/codemp/game/g_public.h	oracle/oracle/codemp/game/g_main.c; oracle/oracle/codemp/server/*.cpp; oracle/oracle/codemp/icarus/*.cpp; oracle/oracle/codemp/qcommon/RoffSystem.cpp	src/boundary/mp/game/vmcalls/GAME_NAV_CLEARLOS.rs	single-file assignment; preserve Raven comments; add args/output source locations
src/boundary/mp/game/vmcalls/GAME_NAV_CLEARPATHBETWEENPOINTS.rs	MP game	call	engine_to_module	vmMain	GAME_NAV_CLEARPATHBETWEENPOINTS	port_args_output	oracle/oracle/codemp/game/g_public.h	oracle/oracle/codemp/game/g_main.c; oracle/oracle/codemp/server/*.cpp; oracle/oracle/codemp/icarus/*.cpp; oracle/oracle/codemp/qcommon/RoffSystem.cpp	src/boundary/mp/game/vmcalls/GAME_NAV_CLEARPATHBETWEENPOINTS.rs	single-file assignment; preserve Raven comments; add args/output source locations
src/boundary/mp/game/vmcalls/GAME_NAV_CLEARPATHTOPOINT.rs	MP game	call	engine_to_module	vmMain	GAME_NAV_CLEARPATHTOPOINT	port_args_output	oracle/oracle/codemp/game/g_public.h	oracle/oracle/codemp/game/g_main.c; oracle/oracle/codemp/server/*.cpp; oracle/oracle/codemp/icarus/*.cpp; oracle/oracle/codemp/qcommon/RoffSystem.cpp	src/boundary/mp/game/vmcalls/GAME_NAV_CLEARPATHTOPOINT.rs	single-file assignment; preserve Raven comments; add args/output source locations
src/boundary/mp/game/vmcalls/GAME_NAV_ENTISBREAKABLE.rs	MP game	call	engine_to_module	vmMain	GAME_NAV_ENTISBREAKABLE	validate_existing_args_output	oracle/oracle/codemp/game/g_public.h	oracle/oracle/codemp/game/g_main.c; oracle/oracle/codemp/server/*.cpp; oracle/oracle/codemp/icarus/*.cpp; oracle/oracle/codemp/qcommon/RoffSystem.cpp	src/boundary/mp/game/vmcalls/GAME_NAV_ENTISBREAKABLE.rs	single-file assignment; preserve Raven comments; add args/output source locations
src/boundary/mp/game/vmcalls/GAME_NAV_ENTISDOOR.rs	MP game	call	engine_to_module	vmMain	GAME_NAV_ENTISDOOR	validate_existing_args_output	oracle/oracle/codemp/game/g_public.h	oracle/oracle/codemp/game/g_main.c; oracle/oracle/codemp/server/*.cpp; oracle/oracle/codemp/icarus/*.cpp; oracle/oracle/codemp/qcommon/RoffSystem.cpp	src/boundary/mp/game/vmcalls/GAME_NAV_ENTISDOOR.rs	single-file assignment; preserve Raven comments; add args/output source locations
src/boundary/mp/game/vmcalls/GAME_NAV_ENTISREMOVABLEUSABLE.rs	MP game	call	engine_to_module	vmMain	GAME_NAV_ENTISREMOVABLEUSABLE	validate_existing_args_output	oracle/oracle/codemp/game/g_public.h	oracle/oracle/codemp/game/g_main.c; oracle/oracle/codemp/server/*.cpp; oracle/oracle/codemp/icarus/*.cpp; oracle/oracle/codemp/qcommon/RoffSystem.cpp	src/boundary/mp/game/vmcalls/GAME_NAV_ENTISREMOVABLEUSABLE.rs	single-file assignment; preserve Raven comments; add args/output source locations
src/boundary/mp/game/vmcalls/GAME_NAV_ENTISUNLOCKEDDOOR.rs	MP game	call	engine_to_module	vmMain	GAME_NAV_ENTISUNLOCKEDDOOR	validate_existing_args_output	oracle/oracle/codemp/game/g_public.h	oracle/oracle/codemp/game/g_main.c; oracle/oracle/codemp/server/*.cpp; oracle/oracle/codemp/icarus/*.cpp; oracle/oracle/codemp/qcommon/RoffSystem.cpp	src/boundary/mp/game/vmcalls/GAME_NAV_ENTISUNLOCKEDDOOR.rs	single-file assignment; preserve Raven comments; add args/output source locations
src/boundary/mp/game/vmcalls/GAME_NAV_FINDCOMBATPOINTWAYPOINTS.rs	MP game	call	engine_to_module	vmMain	GAME_NAV_FINDCOMBATPOINTWAYPOINTS	port_args_output	oracle/oracle/codemp/game/g_public.h	oracle/oracle/codemp/game/g_main.c; oracle/oracle/codemp/server/*.cpp; oracle/oracle/codemp/icarus/*.cpp; oracle/oracle/codemp/qcommon/RoffSystem.cpp	src/boundary/mp/game/vmcalls/GAME_NAV_FINDCOMBATPOINTWAYPOINTS.rs	single-file assignment; preserve Raven comments; add args/output source locations
src/boundary/mp/game/vmcalls/GAME_ROFF_NOTETRACK_CALLBACK.rs	MP game	call	engine_to_module	vmMain	GAME_ROFF_NOTETRACK_CALLBACK	port_args_output	oracle/oracle/codemp/game/g_public.h	oracle/oracle/codemp/game/g_main.c; oracle/oracle/codemp/server/*.cpp; oracle/oracle/codemp/icarus/*.cpp; oracle/oracle/codemp/qcommon/RoffSystem.cpp	src/boundary/mp/game/vmcalls/GAME_ROFF_NOTETRACK_CALLBACK.rs	single-file assignment; preserve Raven comments; add args/output source locations
src/boundary/mp/game/vmcalls/GAME_RUN_FRAME.rs	MP game	call	engine_to_module	vmMain	GAME_RUN_FRAME	validate_existing_args_output	oracle/oracle/codemp/game/g_public.h	oracle/oracle/codemp/game/g_main.c; oracle/oracle/codemp/server/*.cpp; oracle/oracle/codemp/icarus/*.cpp; oracle/oracle/codemp/qcommon/RoffSystem.cpp	src/boundary/mp/game/vmcalls/GAME_RUN_FRAME.rs	single-file assignment; preserve Raven comments; add args/output source locations
src/boundary/mp/game/vmcalls/GAME_SHUTDOWN.rs	MP game	call	engine_to_module	vmMain	GAME_SHUTDOWN	validate_existing_args_output	oracle/oracle/codemp/game/g_public.h	oracle/oracle/codemp/game/g_main.c; oracle/oracle/codemp/server/*.cpp; oracle/oracle/codemp/icarus/*.cpp; oracle/oracle/codemp/qcommon/RoffSystem.cpp	src/boundary/mp/game/vmcalls/GAME_SHUTDOWN.rs	single-file assignment; preserve Raven comments; add args/output source locations
src/boundary/mp/game/vmcalls/GAME_SPAWN_RMG_ENTITY.rs	MP game	call	engine_to_module	vmMain	GAME_SPAWN_RMG_ENTITY	port_args_output	oracle/oracle/codemp/game/g_public.h	oracle/oracle/codemp/game/g_main.c; oracle/oracle/codemp/server/*.cpp; oracle/oracle/codemp/icarus/*.cpp; oracle/oracle/codemp/qcommon/RoffSystem.cpp	src/boundary/mp/game/vmcalls/GAME_SPAWN_RMG_ENTITY.rs	single-file assignment; preserve Raven comments; add args/output source locations
src/boundary/mp/ui/exports.rs	MP UI	enum	engine_to_module	vmMain	*Export enum vocabulary*	validate_enum_values_and_comments	oracle/oracle/codemp/ui/ui_public.h	oracle/oracle/codemp/ui/ui_public.h	src/boundary/mp/ui/exports.rs	single-file assignment; preserve Raven comments; add args/output source locations
src/boundary/mp/ui/imports.rs	MP UI	enum	module_to_engine	syscall	*Import enum vocabulary*	validate_enum_values_and_comments	oracle/oracle/codemp/ui/ui_public.h	oracle/oracle/codemp/ui/ui_public.h	src/boundary/mp/ui/imports.rs	single-file assignment; preserve Raven comments; add args/output source locations
src/boundary/mp/ui/syscalls/UI_ACOS.rs	MP UI	call	module_to_engine	syscall	UI_ACOS	port_args_output	oracle/oracle/codemp/ui/ui_public.h	oracle/oracle/codemp/ui/ui_syscalls.c; oracle/oracle/codemp/ui/ui_local.h; oracle/oracle/codemp/ui/ui_shared.h; oracle/oracle/codemp/client/cl_ui.cpp	src/boundary/mp/ui/syscalls/UI_ACOS.rs	single-file assignment; preserve Raven comments; add args/output source locations
src/boundary/mp/ui/syscalls/UI_ANGLEVECTORS.rs	MP UI	call	module_to_engine	syscall	UI_ANGLEVECTORS	port_args_output	oracle/oracle/codemp/ui/ui_public.h	oracle/oracle/codemp/ui/ui_syscalls.c; oracle/oracle/codemp/ui/ui_local.h; oracle/oracle/codemp/ui/ui_shared.h; oracle/oracle/codemp/client/cl_ui.cpp	src/boundary/mp/ui/syscalls/UI_ANGLEVECTORS.rs	single-file assignment; preserve Raven comments; add args/output source locations
src/boundary/mp/ui/syscalls/UI_ANYLANGUAGE_READCHARFROMSTRING.rs	MP UI	call	module_to_engine	syscall	UI_ANYLANGUAGE_READCHARFROMSTRING	port_args_output	oracle/oracle/codemp/ui/ui_public.h	oracle/oracle/codemp/ui/ui_syscalls.c; oracle/oracle/codemp/ui/ui_local.h; oracle/oracle/codemp/ui/ui_shared.h; oracle/oracle/codemp/client/cl_ui.cpp	src/boundary/mp/ui/syscalls/UI_ANYLANGUAGE_READCHARFROMSTRING.rs	single-file assignment; preserve Raven comments; add args/output source locations
src/boundary/mp/ui/syscalls/UI_ARGC.rs	MP UI	call	module_to_engine	syscall	UI_ARGC	port_args_output	oracle/oracle/codemp/ui/ui_public.h	oracle/oracle/codemp/ui/ui_syscalls.c; oracle/oracle/codemp/ui/ui_local.h; oracle/oracle/codemp/ui/ui_shared.h; oracle/oracle/codemp/client/cl_ui.cpp	src/boundary/mp/ui/syscalls/UI_ARGC.rs	single-file assignment; preserve Raven comments; add args/output source locations
src/boundary/mp/ui/syscalls/UI_ARGV.rs	MP UI	call	module_to_engine	syscall	UI_ARGV	port_args_output	oracle/oracle/codemp/ui/ui_public.h	oracle/oracle/codemp/ui/ui_syscalls.c; oracle/oracle/codemp/ui/ui_local.h; oracle/oracle/codemp/ui/ui_shared.h; oracle/oracle/codemp/client/cl_ui.cpp	src/boundary/mp/ui/syscalls/UI_ARGV.rs	single-file assignment; preserve Raven comments; add args/output source locations
src/boundary/mp/ui/syscalls/UI_ASIN.rs	MP UI	call	module_to_engine	syscall	UI_ASIN	port_args_output	oracle/oracle/codemp/ui/ui_public.h	oracle/oracle/codemp/ui/ui_syscalls.c; oracle/oracle/codemp/ui/ui_local.h; oracle/oracle/codemp/ui/ui_shared.h; oracle/oracle/codemp/client/cl_ui.cpp	src/boundary/mp/ui/syscalls/UI_ASIN.rs	single-file assignment; preserve Raven comments; add args/output source locations
src/boundary/mp/ui/syscalls/UI_ATAN2.rs	MP UI	call	module_to_engine	syscall	UI_ATAN2	port_args_output	oracle/oracle/codemp/ui/ui_public.h	oracle/oracle/codemp/ui/ui_syscalls.c; oracle/oracle/codemp/ui/ui_local.h; oracle/oracle/codemp/ui/ui_shared.h; oracle/oracle/codemp/client/cl_ui.cpp	src/boundary/mp/ui/syscalls/UI_ATAN2.rs	single-file assignment; preserve Raven comments; add args/output source locations
src/boundary/mp/ui/syscalls/UI_CEIL.rs	MP UI	call	module_to_engine	syscall	UI_CEIL	port_args_output	oracle/oracle/codemp/ui/ui_public.h	oracle/oracle/codemp/ui/ui_syscalls.c; oracle/oracle/codemp/ui/ui_local.h; oracle/oracle/codemp/ui/ui_shared.h; oracle/oracle/codemp/client/cl_ui.cpp	src/boundary/mp/ui/syscalls/UI_CEIL.rs	single-file assignment; preserve Raven comments; add args/output source locations
src/boundary/mp/ui/syscalls/UI_CIN_DRAWCINEMATIC.rs	MP UI	call	module_to_engine	syscall	UI_CIN_DRAWCINEMATIC	port_args_output	oracle/oracle/codemp/ui/ui_public.h	oracle/oracle/codemp/ui/ui_syscalls.c; oracle/oracle/codemp/ui/ui_local.h; oracle/oracle/codemp/ui/ui_shared.h; oracle/oracle/codemp/client/cl_ui.cpp	src/boundary/mp/ui/syscalls/UI_CIN_DRAWCINEMATIC.rs	single-file assignment; preserve Raven comments; add args/output source locations
src/boundary/mp/ui/syscalls/UI_CIN_PLAYCINEMATIC.rs	MP UI	call	module_to_engine	syscall	UI_CIN_PLAYCINEMATIC	port_args_output	oracle/oracle/codemp/ui/ui_public.h	oracle/oracle/codemp/ui/ui_syscalls.c; oracle/oracle/codemp/ui/ui_local.h; oracle/oracle/codemp/ui/ui_shared.h; oracle/oracle/codemp/client/cl_ui.cpp	src/boundary/mp/ui/syscalls/UI_CIN_PLAYCINEMATIC.rs	single-file assignment; preserve Raven comments; add args/output source locations
src/boundary/mp/ui/syscalls/UI_CIN_RUNCINEMATIC.rs	MP UI	call	module_to_engine	syscall	UI_CIN_RUNCINEMATIC	port_args_output	oracle/oracle/codemp/ui/ui_public.h	oracle/oracle/codemp/ui/ui_syscalls.c; oracle/oracle/codemp/ui/ui_local.h; oracle/oracle/codemp/ui/ui_shared.h; oracle/oracle/codemp/client/cl_ui.cpp	src/boundary/mp/ui/syscalls/UI_CIN_RUNCINEMATIC.rs	single-file assignment; preserve Raven comments; add args/output source locations
src/boundary/mp/ui/syscalls/UI_CIN_SETEXTENTS.rs	MP UI	call	module_to_engine	syscall	UI_CIN_SETEXTENTS	port_args_output	oracle/oracle/codemp/ui/ui_public.h	oracle/oracle/codemp/ui/ui_syscalls.c; oracle/oracle/codemp/ui/ui_local.h; oracle/oracle/codemp/ui/ui_shared.h; oracle/oracle/codemp/client/cl_ui.cpp	src/boundary/mp/ui/syscalls/UI_CIN_SETEXTENTS.rs	single-file assignment; preserve Raven comments; add args/output source locations
src/boundary/mp/ui/syscalls/UI_CIN_STOPCINEMATIC.rs	MP UI	call	module_to_engine	syscall	UI_CIN_STOPCINEMATIC	port_args_output	oracle/oracle/codemp/ui/ui_public.h	oracle/oracle/codemp/ui/ui_syscalls.c; oracle/oracle/codemp/ui/ui_local.h; oracle/oracle/codemp/ui/ui_shared.h; oracle/oracle/codemp/client/cl_ui.cpp	src/boundary/mp/ui/syscalls/UI_CIN_STOPCINEMATIC.rs	single-file assignment; preserve Raven comments; add args/output source locations
src/boundary/mp/ui/syscalls/UI_CMD_EXECUTETEXT.rs	MP UI	call	module_to_engine	syscall	UI_CMD_EXECUTETEXT	port_args_output	oracle/oracle/codemp/ui/ui_public.h	oracle/oracle/codemp/ui/ui_syscalls.c; oracle/oracle/codemp/ui/ui_local.h; oracle/oracle/codemp/ui/ui_shared.h; oracle/oracle/codemp/client/cl_ui.cpp	src/boundary/mp/ui/syscalls/UI_CMD_EXECUTETEXT.rs	single-file assignment; preserve Raven comments; add args/output source locations
src/boundary/mp/ui/syscalls/UI_CM_LERPTAG.rs	MP UI	call	module_to_engine	syscall	UI_CM_LERPTAG	port_args_output	oracle/oracle/codemp/ui/ui_public.h	oracle/oracle/codemp/ui/ui_syscalls.c; oracle/oracle/codemp/ui/ui_local.h; oracle/oracle/codemp/ui/ui_shared.h; oracle/oracle/codemp/client/cl_ui.cpp	src/boundary/mp/ui/syscalls/UI_CM_LERPTAG.rs	single-file assignment; preserve Raven comments; add args/output source locations
src/boundary/mp/ui/syscalls/UI_CM_LOADMODEL.rs	MP UI	call	module_to_engine	syscall	UI_CM_LOADMODEL	port_args_output	oracle/oracle/codemp/ui/ui_public.h	oracle/oracle/codemp/ui/ui_syscalls.c; oracle/oracle/codemp/ui/ui_local.h; oracle/oracle/codemp/ui/ui_shared.h; oracle/oracle/codemp/client/cl_ui.cpp	src/boundary/mp/ui/syscalls/UI_CM_LOADMODEL.rs	single-file assignment; preserve Raven comments; add args/output source locations
src/boundary/mp/ui/syscalls/UI_COS.rs	MP UI	call	module_to_engine	syscall	UI_COS	port_args_output	oracle/oracle/codemp/ui/ui_public.h	oracle/oracle/codemp/ui/ui_syscalls.c; oracle/oracle/codemp/ui/ui_local.h; oracle/oracle/codemp/ui/ui_shared.h; oracle/oracle/codemp/client/cl_ui.cpp	src/boundary/mp/ui/syscalls/UI_COS.rs	single-file assignment; preserve Raven comments; add args/output source locations
src/boundary/mp/ui/syscalls/UI_CVAR_CREATE.rs	MP UI	call	module_to_engine	syscall	UI_CVAR_CREATE	port_args_output	oracle/oracle/codemp/ui/ui_public.h	oracle/oracle/codemp/ui/ui_syscalls.c; oracle/oracle/codemp/ui/ui_local.h; oracle/oracle/codemp/ui/ui_shared.h; oracle/oracle/codemp/client/cl_ui.cpp	src/boundary/mp/ui/syscalls/UI_CVAR_CREATE.rs	single-file assignment; preserve Raven comments; add args/output source locations
src/boundary/mp/ui/syscalls/UI_CVAR_INFOSTRINGBUFFER.rs	MP UI	call	module_to_engine	syscall	UI_CVAR_INFOSTRINGBUFFER	port_args_output	oracle/oracle/codemp/ui/ui_public.h	oracle/oracle/codemp/ui/ui_syscalls.c; oracle/oracle/codemp/ui/ui_local.h; oracle/oracle/codemp/ui/ui_shared.h; oracle/oracle/codemp/client/cl_ui.cpp	src/boundary/mp/ui/syscalls/UI_CVAR_INFOSTRINGBUFFER.rs	single-file assignment; preserve Raven comments; add args/output source locations
src/boundary/mp/ui/syscalls/UI_CVAR_REGISTER.rs	MP UI	call	module_to_engine	syscall	UI_CVAR_REGISTER	port_args_output	oracle/oracle/codemp/ui/ui_public.h	oracle/oracle/codemp/ui/ui_syscalls.c; oracle/oracle/codemp/ui/ui_local.h; oracle/oracle/codemp/ui/ui_shared.h; oracle/oracle/codemp/client/cl_ui.cpp	src/boundary/mp/ui/syscalls/UI_CVAR_REGISTER.rs	single-file assignment; preserve Raven comments; add args/output source locations
src/boundary/mp/ui/syscalls/UI_CVAR_RESET.rs	MP UI	call	module_to_engine	syscall	UI_CVAR_RESET	port_args_output	oracle/oracle/codemp/ui/ui_public.h	oracle/oracle/codemp/ui/ui_syscalls.c; oracle/oracle/codemp/ui/ui_local.h; oracle/oracle/codemp/ui/ui_shared.h; oracle/oracle/codemp/client/cl_ui.cpp	src/boundary/mp/ui/syscalls/UI_CVAR_RESET.rs	single-file assignment; preserve Raven comments; add args/output source locations
src/boundary/mp/ui/syscalls/UI_CVAR_SET.rs	MP UI	call	module_to_engine	syscall	UI_CVAR_SET	port_args_output	oracle/oracle/codemp/ui/ui_public.h	oracle/oracle/codemp/ui/ui_syscalls.c; oracle/oracle/codemp/ui/ui_local.h; oracle/oracle/codemp/ui/ui_shared.h; oracle/oracle/codemp/client/cl_ui.cpp	src/boundary/mp/ui/syscalls/UI_CVAR_SET.rs	single-file assignment; preserve Raven comments; add args/output source locations
src/boundary/mp/ui/syscalls/UI_CVAR_SETVALUE.rs	MP UI	call	module_to_engine	syscall	UI_CVAR_SETVALUE	port_args_output	oracle/oracle/codemp/ui/ui_public.h	oracle/oracle/codemp/ui/ui_syscalls.c; oracle/oracle/codemp/ui/ui_local.h; oracle/oracle/codemp/ui/ui_shared.h; oracle/oracle/codemp/client/cl_ui.cpp	src/boundary/mp/ui/syscalls/UI_CVAR_SETVALUE.rs	single-file assignment; preserve Raven comments; add args/output source locations
src/boundary/mp/ui/syscalls/UI_CVAR_UPDATE.rs	MP UI	call	module_to_engine	syscall	UI_CVAR_UPDATE	port_args_output	oracle/oracle/codemp/ui/ui_public.h	oracle/oracle/codemp/ui/ui_syscalls.c; oracle/oracle/codemp/ui/ui_local.h; oracle/oracle/codemp/ui/ui_shared.h; oracle/oracle/codemp/client/cl_ui.cpp	src/boundary/mp/ui/syscalls/UI_CVAR_UPDATE.rs	single-file assignment; preserve Raven comments; add args/output source locations
src/boundary/mp/ui/syscalls/UI_CVAR_VARIABLESTRINGBUFFER.rs	MP UI	call	module_to_engine	syscall	UI_CVAR_VARIABLESTRINGBUFFER	port_args_output	oracle/oracle/codemp/ui/ui_public.h	oracle/oracle/codemp/ui/ui_syscalls.c; oracle/oracle/codemp/ui/ui_local.h; oracle/oracle/codemp/ui/ui_shared.h; oracle/oracle/codemp/client/cl_ui.cpp	src/boundary/mp/ui/syscalls/UI_CVAR_VARIABLESTRINGBUFFER.rs	single-file assignment; preserve Raven comments; add args/output source locations
src/boundary/mp/ui/syscalls/UI_CVAR_VARIABLEVALUE.rs	MP UI	call	module_to_engine	syscall	UI_CVAR_VARIABLEVALUE	port_args_output	oracle/oracle/codemp/ui/ui_public.h	oracle/oracle/codemp/ui/ui_syscalls.c; oracle/oracle/codemp/ui/ui_local.h; oracle/oracle/codemp/ui/ui_shared.h; oracle/oracle/codemp/client/cl_ui.cpp	src/boundary/mp/ui/syscalls/UI_CVAR_VARIABLEVALUE.rs	single-file assignment; preserve Raven comments; add args/output source locations
src/boundary/mp/ui/syscalls/UI_ERROR.rs	MP UI	call	module_to_engine	syscall	UI_ERROR	port_args_output	oracle/oracle/codemp/ui/ui_public.h	oracle/oracle/codemp/ui/ui_syscalls.c; oracle/oracle/codemp/ui/ui_local.h; oracle/oracle/codemp/ui/ui_shared.h; oracle/oracle/codemp/client/cl_ui.cpp	src/boundary/mp/ui/syscalls/UI_ERROR.rs	single-file assignment; preserve Raven comments; add args/output source locations
src/boundary/mp/ui/syscalls/UI_FLOOR.rs	MP UI	call	module_to_engine	syscall	UI_FLOOR	port_args_output	oracle/oracle/codemp/ui/ui_public.h	oracle/oracle/codemp/ui/ui_syscalls.c; oracle/oracle/codemp/ui/ui_local.h; oracle/oracle/codemp/ui/ui_shared.h; oracle/oracle/codemp/client/cl_ui.cpp	src/boundary/mp/ui/syscalls/UI_FLOOR.rs	single-file assignment; preserve Raven comments; add args/output source locations
src/boundary/mp/ui/syscalls/UI_FS_FCLOSEFILE.rs	MP UI	call	module_to_engine	syscall	UI_FS_FCLOSEFILE	port_args_output	oracle/oracle/codemp/ui/ui_public.h	oracle/oracle/codemp/ui/ui_syscalls.c; oracle/oracle/codemp/ui/ui_local.h; oracle/oracle/codemp/ui/ui_shared.h; oracle/oracle/codemp/client/cl_ui.cpp	src/boundary/mp/ui/syscalls/UI_FS_FCLOSEFILE.rs	single-file assignment; preserve Raven comments; add args/output source locations
src/boundary/mp/ui/syscalls/UI_FS_FOPENFILE.rs	MP UI	call	module_to_engine	syscall	UI_FS_FOPENFILE	port_args_output	oracle/oracle/codemp/ui/ui_public.h	oracle/oracle/codemp/ui/ui_syscalls.c; oracle/oracle/codemp/ui/ui_local.h; oracle/oracle/codemp/ui/ui_shared.h; oracle/oracle/codemp/client/cl_ui.cpp	src/boundary/mp/ui/syscalls/UI_FS_FOPENFILE.rs	single-file assignment; preserve Raven comments; add args/output source locations
src/boundary/mp/ui/syscalls/UI_FS_GETFILELIST.rs	MP UI	call	module_to_engine	syscall	UI_FS_GETFILELIST	port_args_output	oracle/oracle/codemp/ui/ui_public.h	oracle/oracle/codemp/ui/ui_syscalls.c; oracle/oracle/codemp/ui/ui_local.h; oracle/oracle/codemp/ui/ui_shared.h; oracle/oracle/codemp/client/cl_ui.cpp	src/boundary/mp/ui/syscalls/UI_FS_GETFILELIST.rs	single-file assignment; preserve Raven comments; add args/output source locations
src/boundary/mp/ui/syscalls/UI_FS_READ.rs	MP UI	call	module_to_engine	syscall	UI_FS_READ	port_args_output	oracle/oracle/codemp/ui/ui_public.h	oracle/oracle/codemp/ui/ui_syscalls.c; oracle/oracle/codemp/ui/ui_local.h; oracle/oracle/codemp/ui/ui_shared.h; oracle/oracle/codemp/client/cl_ui.cpp	src/boundary/mp/ui/syscalls/UI_FS_READ.rs	single-file assignment; preserve Raven comments; add args/output source locations
src/boundary/mp/ui/syscalls/UI_FS_WRITE.rs	MP UI	call	module_to_engine	syscall	UI_FS_WRITE	port_args_output	oracle/oracle/codemp/ui/ui_public.h	oracle/oracle/codemp/ui/ui_syscalls.c; oracle/oracle/codemp/ui/ui_local.h; oracle/oracle/codemp/ui/ui_shared.h; oracle/oracle/codemp/client/cl_ui.cpp	src/boundary/mp/ui/syscalls/UI_FS_WRITE.rs	single-file assignment; preserve Raven comments; add args/output source locations
src/boundary/mp/ui/syscalls/UI_G2_ADDBOLT.rs	MP UI	call	module_to_engine	syscall	UI_G2_ADDBOLT	port_args_output	oracle/oracle/codemp/ui/ui_public.h	oracle/oracle/codemp/ui/ui_syscalls.c; oracle/oracle/codemp/ui/ui_local.h; oracle/oracle/codemp/ui/ui_shared.h; oracle/oracle/codemp/client/cl_ui.cpp	src/boundary/mp/ui/syscalls/UI_G2_ADDBOLT.rs	single-file assignment; preserve Raven comments; add args/output source locations
src/boundary/mp/ui/syscalls/UI_G2_ANGLEOVERRIDE.rs	MP UI	call	module_to_engine	syscall	UI_G2_ANGLEOVERRIDE	port_args_output	oracle/oracle/codemp/ui/ui_public.h	oracle/oracle/codemp/ui/ui_syscalls.c; oracle/oracle/codemp/ui/ui_local.h; oracle/oracle/codemp/ui/ui_shared.h; oracle/oracle/codemp/client/cl_ui.cpp	src/boundary/mp/ui/syscalls/UI_G2_ANGLEOVERRIDE.rs	single-file assignment; preserve Raven comments; add args/output source locations
src/boundary/mp/ui/syscalls/UI_G2_ANIMATEG2MODELS.rs	MP UI	call	module_to_engine	syscall	UI_G2_ANIMATEG2MODELS	port_args_output	oracle/oracle/codemp/ui/ui_public.h	oracle/oracle/codemp/ui/ui_syscalls.c; oracle/oracle/codemp/ui/ui_local.h; oracle/oracle/codemp/ui/ui_shared.h; oracle/oracle/codemp/client/cl_ui.cpp	src/boundary/mp/ui/syscalls/UI_G2_ANIMATEG2MODELS.rs	single-file assignment; preserve Raven comments; add args/output source locations
src/boundary/mp/ui/syscalls/UI_G2_ATTACHG2MODEL.rs	MP UI	call	module_to_engine	syscall	UI_G2_ATTACHG2MODEL	port_args_output	oracle/oracle/codemp/ui/ui_public.h	oracle/oracle/codemp/ui/ui_syscalls.c; oracle/oracle/codemp/ui/ui_local.h; oracle/oracle/codemp/ui/ui_shared.h; oracle/oracle/codemp/client/cl_ui.cpp	src/boundary/mp/ui/syscalls/UI_G2_ATTACHG2MODEL.rs	single-file assignment; preserve Raven comments; add args/output source locations
src/boundary/mp/ui/syscalls/UI_G2_CLEANMODELS.rs	MP UI	call	module_to_engine	syscall	UI_G2_CLEANMODELS	port_args_output	oracle/oracle/codemp/ui/ui_public.h	oracle/oracle/codemp/ui/ui_syscalls.c; oracle/oracle/codemp/ui/ui_local.h; oracle/oracle/codemp/ui/ui_shared.h; oracle/oracle/codemp/client/cl_ui.cpp	src/boundary/mp/ui/syscalls/UI_G2_CLEANMODELS.rs	single-file assignment; preserve Raven comments; add args/output source locations
src/boundary/mp/ui/syscalls/UI_G2_COLLISIONDETECT.rs	MP UI	call	module_to_engine	syscall	UI_G2_COLLISIONDETECT	port_args_output	oracle/oracle/codemp/ui/ui_public.h	oracle/oracle/codemp/ui/ui_syscalls.c; oracle/oracle/codemp/ui/ui_local.h; oracle/oracle/codemp/ui/ui_shared.h; oracle/oracle/codemp/client/cl_ui.cpp	src/boundary/mp/ui/syscalls/UI_G2_COLLISIONDETECT.rs	single-file assignment; preserve Raven comments; add args/output source locations
src/boundary/mp/ui/syscalls/UI_G2_COLLISIONDETECTCACHE.rs	MP UI	call	module_to_engine	syscall	UI_G2_COLLISIONDETECTCACHE	port_args_output	oracle/oracle/codemp/ui/ui_public.h	oracle/oracle/codemp/ui/ui_syscalls.c; oracle/oracle/codemp/ui/ui_local.h; oracle/oracle/codemp/ui/ui_shared.h; oracle/oracle/codemp/client/cl_ui.cpp	src/boundary/mp/ui/syscalls/UI_G2_COLLISIONDETECTCACHE.rs	single-file assignment; preserve Raven comments; add args/output source locations
src/boundary/mp/ui/syscalls/UI_G2_COPYGHOUL2INSTANCE.rs	MP UI	call	module_to_engine	syscall	UI_G2_COPYGHOUL2INSTANCE	port_args_output	oracle/oracle/codemp/ui/ui_public.h	oracle/oracle/codemp/ui/ui_syscalls.c; oracle/oracle/codemp/ui/ui_local.h; oracle/oracle/codemp/ui/ui_shared.h; oracle/oracle/codemp/client/cl_ui.cpp	src/boundary/mp/ui/syscalls/UI_G2_COPYGHOUL2INSTANCE.rs	single-file assignment; preserve Raven comments; add args/output source locations
src/boundary/mp/ui/syscalls/UI_G2_COPYSPECIFICGHOUL2MODEL.rs	MP UI	call	module_to_engine	syscall	UI_G2_COPYSPECIFICGHOUL2MODEL	port_args_output	oracle/oracle/codemp/ui/ui_public.h	oracle/oracle/codemp/ui/ui_syscalls.c; oracle/oracle/codemp/ui/ui_local.h; oracle/oracle/codemp/ui/ui_shared.h; oracle/oracle/codemp/client/cl_ui.cpp	src/boundary/mp/ui/syscalls/UI_G2_COPYSPECIFICGHOUL2MODEL.rs	single-file assignment; preserve Raven comments; add args/output source locations
src/boundary/mp/ui/syscalls/UI_G2_DUPLICATEGHOUL2INSTANCE.rs	MP UI	call	module_to_engine	syscall	UI_G2_DUPLICATEGHOUL2INSTANCE	port_args_output	oracle/oracle/codemp/ui/ui_public.h	oracle/oracle/codemp/ui/ui_syscalls.c; oracle/oracle/codemp/ui/ui_local.h; oracle/oracle/codemp/ui/ui_shared.h; oracle/oracle/codemp/client/cl_ui.cpp	src/boundary/mp/ui/syscalls/UI_G2_DUPLICATEGHOUL2INSTANCE.rs	single-file assignment; preserve Raven comments; add args/output source locations
src/boundary/mp/ui/syscalls/UI_G2_GETBOLT.rs	MP UI	call	module_to_engine	syscall	UI_G2_GETBOLT	port_args_output	oracle/oracle/codemp/ui/ui_public.h	oracle/oracle/codemp/ui/ui_syscalls.c; oracle/oracle/codemp/ui/ui_local.h; oracle/oracle/codemp/ui/ui_shared.h; oracle/oracle/codemp/client/cl_ui.cpp	src/boundary/mp/ui/syscalls/UI_G2_GETBOLT.rs	single-file assignment; preserve Raven comments; add args/output source locations
src/boundary/mp/ui/syscalls/UI_G2_GETBOLT_NOREC.rs	MP UI	call	module_to_engine	syscall	UI_G2_GETBOLT_NOREC	port_args_output	oracle/oracle/codemp/ui/ui_public.h	oracle/oracle/codemp/ui/ui_syscalls.c; oracle/oracle/codemp/ui/ui_local.h; oracle/oracle/codemp/ui/ui_shared.h; oracle/oracle/codemp/client/cl_ui.cpp	src/boundary/mp/ui/syscalls/UI_G2_GETBOLT_NOREC.rs	single-file assignment; preserve Raven comments; add args/output source locations
src/boundary/mp/ui/syscalls/UI_G2_GETBOLT_NOREC_NOROT.rs	MP UI	call	module_to_engine	syscall	UI_G2_GETBOLT_NOREC_NOROT	port_args_output	oracle/oracle/codemp/ui/ui_public.h	oracle/oracle/codemp/ui/ui_syscalls.c; oracle/oracle/codemp/ui/ui_local.h; oracle/oracle/codemp/ui/ui_shared.h; oracle/oracle/codemp/client/cl_ui.cpp	src/boundary/mp/ui/syscalls/UI_G2_GETBOLT_NOREC_NOROT.rs	single-file assignment; preserve Raven comments; add args/output source locations
src/boundary/mp/ui/syscalls/UI_G2_GETBONEANIM.rs	MP UI	call	module_to_engine	syscall	UI_G2_GETBONEANIM	port_args_output	oracle/oracle/codemp/ui/ui_public.h	oracle/oracle/codemp/ui/ui_syscalls.c; oracle/oracle/codemp/ui/ui_local.h; oracle/oracle/codemp/ui/ui_shared.h; oracle/oracle/codemp/client/cl_ui.cpp	src/boundary/mp/ui/syscalls/UI_G2_GETBONEANIM.rs	single-file assignment; preserve Raven comments; add args/output source locations
src/boundary/mp/ui/syscalls/UI_G2_GETBONEFRAME.rs	MP UI	call	module_to_engine	syscall	UI_G2_GETBONEFRAME	port_args_output	oracle/oracle/codemp/ui/ui_public.h	oracle/oracle/codemp/ui/ui_syscalls.c; oracle/oracle/codemp/ui/ui_local.h; oracle/oracle/codemp/ui/ui_shared.h; oracle/oracle/codemp/client/cl_ui.cpp	src/boundary/mp/ui/syscalls/UI_G2_GETBONEFRAME.rs	single-file assignment; preserve Raven comments; add args/output source locations
src/boundary/mp/ui/syscalls/UI_G2_GETGLANAME.rs	MP UI	call	module_to_engine	syscall	UI_G2_GETGLANAME	port_args_output	oracle/oracle/codemp/ui/ui_public.h	oracle/oracle/codemp/ui/ui_syscalls.c; oracle/oracle/codemp/ui/ui_local.h; oracle/oracle/codemp/ui/ui_shared.h; oracle/oracle/codemp/client/cl_ui.cpp	src/boundary/mp/ui/syscalls/UI_G2_GETGLANAME.rs	single-file assignment; preserve Raven comments; add args/output source locations
src/boundary/mp/ui/syscalls/UI_G2_GETSURFACENAME.rs	MP UI	call	module_to_engine	syscall	UI_G2_GETSURFACENAME	port_args_output	oracle/oracle/codemp/ui/ui_public.h	oracle/oracle/codemp/ui/ui_syscalls.c; oracle/oracle/codemp/ui/ui_local.h; oracle/oracle/codemp/ui/ui_shared.h; oracle/oracle/codemp/client/cl_ui.cpp	src/boundary/mp/ui/syscalls/UI_G2_GETSURFACENAME.rs	single-file assignment; preserve Raven comments; add args/output source locations
src/boundary/mp/ui/syscalls/UI_G2_GETTIME.rs	MP UI	call	module_to_engine	syscall	UI_G2_GETTIME	port_args_output	oracle/oracle/codemp/ui/ui_public.h	oracle/oracle/codemp/ui/ui_syscalls.c; oracle/oracle/codemp/ui/ui_local.h; oracle/oracle/codemp/ui/ui_shared.h; oracle/oracle/codemp/client/cl_ui.cpp	src/boundary/mp/ui/syscalls/UI_G2_GETTIME.rs	single-file assignment; preserve Raven comments; add args/output source locations
src/boundary/mp/ui/syscalls/UI_G2_HASGHOUL2MODELONINDEX.rs	MP UI	call	module_to_engine	syscall	UI_G2_HASGHOUL2MODELONINDEX	port_args_output	oracle/oracle/codemp/ui/ui_public.h	oracle/oracle/codemp/ui/ui_syscalls.c; oracle/oracle/codemp/ui/ui_local.h; oracle/oracle/codemp/ui/ui_shared.h; oracle/oracle/codemp/client/cl_ui.cpp	src/boundary/mp/ui/syscalls/UI_G2_HASGHOUL2MODELONINDEX.rs	single-file assignment; preserve Raven comments; add args/output source locations
src/boundary/mp/ui/syscalls/UI_G2_HAVEWEGHOULMODELS.rs	MP UI	call	module_to_engine	syscall	UI_G2_HAVEWEGHOULMODELS	port_args_output	oracle/oracle/codemp/ui/ui_public.h	oracle/oracle/codemp/ui/ui_syscalls.c; oracle/oracle/codemp/ui/ui_local.h; oracle/oracle/codemp/ui/ui_shared.h; oracle/oracle/codemp/client/cl_ui.cpp	src/boundary/mp/ui/syscalls/UI_G2_HAVEWEGHOULMODELS.rs	single-file assignment; preserve Raven comments; add args/output source locations
src/boundary/mp/ui/syscalls/UI_G2_IKMOVE.rs	MP UI	call	module_to_engine	syscall	UI_G2_IKMOVE	port_args_output	oracle/oracle/codemp/ui/ui_public.h	oracle/oracle/codemp/ui/ui_syscalls.c; oracle/oracle/codemp/ui/ui_local.h; oracle/oracle/codemp/ui/ui_shared.h; oracle/oracle/codemp/client/cl_ui.cpp	src/boundary/mp/ui/syscalls/UI_G2_IKMOVE.rs	single-file assignment; preserve Raven comments; add args/output source locations
src/boundary/mp/ui/syscalls/UI_G2_INITGHOUL2MODEL.rs	MP UI	call	module_to_engine	syscall	UI_G2_INITGHOUL2MODEL	port_args_output	oracle/oracle/codemp/ui/ui_public.h	oracle/oracle/codemp/ui/ui_syscalls.c; oracle/oracle/codemp/ui/ui_local.h; oracle/oracle/codemp/ui/ui_shared.h; oracle/oracle/codemp/client/cl_ui.cpp	src/boundary/mp/ui/syscalls/UI_G2_INITGHOUL2MODEL.rs	single-file assignment; preserve Raven comments; add args/output source locations
src/boundary/mp/ui/syscalls/UI_G2_LISTBONES.rs	MP UI	call	module_to_engine	syscall	UI_G2_LISTBONES	port_args_output	oracle/oracle/codemp/ui/ui_public.h	oracle/oracle/codemp/ui/ui_syscalls.c; oracle/oracle/codemp/ui/ui_local.h; oracle/oracle/codemp/ui/ui_shared.h; oracle/oracle/codemp/client/cl_ui.cpp	src/boundary/mp/ui/syscalls/UI_G2_LISTBONES.rs	single-file assignment; preserve Raven comments; add args/output source locations
src/boundary/mp/ui/syscalls/UI_G2_LISTSURFACES.rs	MP UI	call	module_to_engine	syscall	UI_G2_LISTSURFACES	port_args_output	oracle/oracle/codemp/ui/ui_public.h	oracle/oracle/codemp/ui/ui_syscalls.c; oracle/oracle/codemp/ui/ui_local.h; oracle/oracle/codemp/ui/ui_shared.h; oracle/oracle/codemp/client/cl_ui.cpp	src/boundary/mp/ui/syscalls/UI_G2_LISTSURFACES.rs	single-file assignment; preserve Raven comments; add args/output source locations
src/boundary/mp/ui/syscalls/UI_G2_PLAYANIM.rs	MP UI	call	module_to_engine	syscall	UI_G2_PLAYANIM	port_args_output	oracle/oracle/codemp/ui/ui_public.h	oracle/oracle/codemp/ui/ui_syscalls.c; oracle/oracle/codemp/ui/ui_local.h; oracle/oracle/codemp/ui/ui_shared.h; oracle/oracle/codemp/client/cl_ui.cpp	src/boundary/mp/ui/syscalls/UI_G2_PLAYANIM.rs	single-file assignment; preserve Raven comments; add args/output source locations
src/boundary/mp/ui/syscalls/UI_G2_REMOVEGHOUL2MODEL.rs	MP UI	call	module_to_engine	syscall	UI_G2_REMOVEGHOUL2MODEL	port_args_output	oracle/oracle/codemp/ui/ui_public.h	oracle/oracle/codemp/ui/ui_syscalls.c; oracle/oracle/codemp/ui/ui_local.h; oracle/oracle/codemp/ui/ui_shared.h; oracle/oracle/codemp/client/cl_ui.cpp	src/boundary/mp/ui/syscalls/UI_G2_REMOVEGHOUL2MODEL.rs	single-file assignment; preserve Raven comments; add args/output source locations
src/boundary/mp/ui/syscalls/UI_G2_SETBOLTON.rs	MP UI	call	module_to_engine	syscall	UI_G2_SETBOLTON	port_args_output	oracle/oracle/codemp/ui/ui_public.h	oracle/oracle/codemp/ui/ui_syscalls.c; oracle/oracle/codemp/ui/ui_local.h; oracle/oracle/codemp/ui/ui_shared.h; oracle/oracle/codemp/client/cl_ui.cpp	src/boundary/mp/ui/syscalls/UI_G2_SETBOLTON.rs	single-file assignment; preserve Raven comments; add args/output source locations
src/boundary/mp/ui/syscalls/UI_G2_SETBONEIKSTATE.rs	MP UI	call	module_to_engine	syscall	UI_G2_SETBONEIKSTATE	port_args_output	oracle/oracle/codemp/ui/ui_public.h	oracle/oracle/codemp/ui/ui_syscalls.c; oracle/oracle/codemp/ui/ui_local.h; oracle/oracle/codemp/ui/ui_shared.h; oracle/oracle/codemp/client/cl_ui.cpp	src/boundary/mp/ui/syscalls/UI_G2_SETBONEIKSTATE.rs	single-file assignment; preserve Raven comments; add args/output source locations
src/boundary/mp/ui/syscalls/UI_G2_SETMODELS.rs	MP UI	call	module_to_engine	syscall	UI_G2_SETMODELS	port_args_output	oracle/oracle/codemp/ui/ui_public.h	oracle/oracle/codemp/ui/ui_syscalls.c; oracle/oracle/codemp/ui/ui_local.h; oracle/oracle/codemp/ui/ui_shared.h; oracle/oracle/codemp/client/cl_ui.cpp	src/boundary/mp/ui/syscalls/UI_G2_SETMODELS.rs	single-file assignment; preserve Raven comments; add args/output source locations
src/boundary/mp/ui/syscalls/UI_G2_SETNEWORIGIN.rs	MP UI	call	module_to_engine	syscall	UI_G2_SETNEWORIGIN	port_args_output	oracle/oracle/codemp/ui/ui_public.h	oracle/oracle/codemp/ui/ui_syscalls.c; oracle/oracle/codemp/ui/ui_local.h; oracle/oracle/codemp/ui/ui_shared.h; oracle/oracle/codemp/client/cl_ui.cpp	src/boundary/mp/ui/syscalls/UI_G2_SETNEWORIGIN.rs	single-file assignment; preserve Raven comments; add args/output source locations
src/boundary/mp/ui/syscalls/UI_G2_SETRAGDOLL.rs	MP UI	call	module_to_engine	syscall	UI_G2_SETRAGDOLL	port_args_output	oracle/oracle/codemp/ui/ui_public.h	oracle/oracle/codemp/ui/ui_syscalls.c; oracle/oracle/codemp/ui/ui_local.h; oracle/oracle/codemp/ui/ui_shared.h; oracle/oracle/codemp/client/cl_ui.cpp	src/boundary/mp/ui/syscalls/UI_G2_SETRAGDOLL.rs	single-file assignment; preserve Raven comments; add args/output source locations
src/boundary/mp/ui/syscalls/UI_G2_SETROOTSURFACE.rs	MP UI	call	module_to_engine	syscall	UI_G2_SETROOTSURFACE	port_args_output	oracle/oracle/codemp/ui/ui_public.h	oracle/oracle/codemp/ui/ui_syscalls.c; oracle/oracle/codemp/ui/ui_local.h; oracle/oracle/codemp/ui/ui_shared.h; oracle/oracle/codemp/client/cl_ui.cpp	src/boundary/mp/ui/syscalls/UI_G2_SETROOTSURFACE.rs	single-file assignment; preserve Raven comments; add args/output source locations
src/boundary/mp/ui/syscalls/UI_G2_SETSKIN.rs	MP UI	call	module_to_engine	syscall	UI_G2_SETSKIN	port_args_output	oracle/oracle/codemp/ui/ui_public.h	oracle/oracle/codemp/ui/ui_syscalls.c; oracle/oracle/codemp/ui/ui_local.h; oracle/oracle/codemp/ui/ui_shared.h; oracle/oracle/codemp/client/cl_ui.cpp	src/boundary/mp/ui/syscalls/UI_G2_SETSKIN.rs	single-file assignment; preserve Raven comments; add args/output source locations
src/boundary/mp/ui/syscalls/UI_G2_SETSURFACEONOFF.rs	MP UI	call	module_to_engine	syscall	UI_G2_SETSURFACEONOFF	port_args_output	oracle/oracle/codemp/ui/ui_public.h	oracle/oracle/codemp/ui/ui_syscalls.c; oracle/oracle/codemp/ui/ui_local.h; oracle/oracle/codemp/ui/ui_shared.h; oracle/oracle/codemp/client/cl_ui.cpp	src/boundary/mp/ui/syscalls/UI_G2_SETSURFACEONOFF.rs	single-file assignment; preserve Raven comments; add args/output source locations
src/boundary/mp/ui/syscalls/UI_G2_SETTIME.rs	MP UI	call	module_to_engine	syscall	UI_G2_SETTIME	port_args_output	oracle/oracle/codemp/ui/ui_public.h	oracle/oracle/codemp/ui/ui_syscalls.c; oracle/oracle/codemp/ui/ui_local.h; oracle/oracle/codemp/ui/ui_shared.h; oracle/oracle/codemp/client/cl_ui.cpp	src/boundary/mp/ui/syscalls/UI_G2_SETTIME.rs	single-file assignment; preserve Raven comments; add args/output source locations
src/boundary/mp/ui/syscalls/UI_GETCLIENTSTATE.rs	MP UI	call	module_to_engine	syscall	UI_GETCLIENTSTATE	port_args_output	oracle/oracle/codemp/ui/ui_public.h	oracle/oracle/codemp/ui/ui_syscalls.c; oracle/oracle/codemp/ui/ui_local.h; oracle/oracle/codemp/ui/ui_shared.h; oracle/oracle/codemp/client/cl_ui.cpp	src/boundary/mp/ui/syscalls/UI_GETCLIENTSTATE.rs	single-file assignment; preserve Raven comments; add args/output source locations
src/boundary/mp/ui/syscalls/UI_GETCLIPBOARDDATA.rs	MP UI	call	module_to_engine	syscall	UI_GETCLIPBOARDDATA	port_args_output	oracle/oracle/codemp/ui/ui_public.h	oracle/oracle/codemp/ui/ui_syscalls.c; oracle/oracle/codemp/ui/ui_local.h; oracle/oracle/codemp/ui/ui_shared.h; oracle/oracle/codemp/client/cl_ui.cpp	src/boundary/mp/ui/syscalls/UI_GETCLIPBOARDDATA.rs	single-file assignment; preserve Raven comments; add args/output source locations
src/boundary/mp/ui/syscalls/UI_GETCONFIGSTRING.rs	MP UI	call	module_to_engine	syscall	UI_GETCONFIGSTRING	port_args_output	oracle/oracle/codemp/ui/ui_public.h	oracle/oracle/codemp/ui/ui_syscalls.c; oracle/oracle/codemp/ui/ui_local.h; oracle/oracle/codemp/ui/ui_shared.h; oracle/oracle/codemp/client/cl_ui.cpp	src/boundary/mp/ui/syscalls/UI_GETCONFIGSTRING.rs	single-file assignment; preserve Raven comments; add args/output source locations
src/boundary/mp/ui/syscalls/UI_GETGLCONFIG.rs	MP UI	call	module_to_engine	syscall	UI_GETGLCONFIG	port_args_output	oracle/oracle/codemp/ui/ui_public.h	oracle/oracle/codemp/ui/ui_syscalls.c; oracle/oracle/codemp/ui/ui_local.h; oracle/oracle/codemp/ui/ui_shared.h; oracle/oracle/codemp/client/cl_ui.cpp	src/boundary/mp/ui/syscalls/UI_GETGLCONFIG.rs	single-file assignment; preserve Raven comments; add args/output source locations
src/boundary/mp/ui/syscalls/UI_GET_CDKEY.rs	MP UI	call	module_to_engine	syscall	UI_GET_CDKEY	port_args_output	oracle/oracle/codemp/ui/ui_public.h	oracle/oracle/codemp/ui/ui_syscalls.c; oracle/oracle/codemp/ui/ui_local.h; oracle/oracle/codemp/ui/ui_shared.h; oracle/oracle/codemp/client/cl_ui.cpp	src/boundary/mp/ui/syscalls/UI_GET_CDKEY.rs	single-file assignment; preserve Raven comments; add args/output source locations
src/boundary/mp/ui/syscalls/UI_KEY_CLEARSTATES.rs	MP UI	call	module_to_engine	syscall	UI_KEY_CLEARSTATES	port_args_output	oracle/oracle/codemp/ui/ui_public.h	oracle/oracle/codemp/ui/ui_syscalls.c; oracle/oracle/codemp/ui/ui_local.h; oracle/oracle/codemp/ui/ui_shared.h; oracle/oracle/codemp/client/cl_ui.cpp	src/boundary/mp/ui/syscalls/UI_KEY_CLEARSTATES.rs	single-file assignment; preserve Raven comments; add args/output source locations
src/boundary/mp/ui/syscalls/UI_KEY_GETBINDINGBUF.rs	MP UI	call	module_to_engine	syscall	UI_KEY_GETBINDINGBUF	port_args_output	oracle/oracle/codemp/ui/ui_public.h	oracle/oracle/codemp/ui/ui_syscalls.c; oracle/oracle/codemp/ui/ui_local.h; oracle/oracle/codemp/ui/ui_shared.h; oracle/oracle/codemp/client/cl_ui.cpp	src/boundary/mp/ui/syscalls/UI_KEY_GETBINDINGBUF.rs	single-file assignment; preserve Raven comments; add args/output source locations
src/boundary/mp/ui/syscalls/UI_KEY_GETCATCHER.rs	MP UI	call	module_to_engine	syscall	UI_KEY_GETCATCHER	port_args_output	oracle/oracle/codemp/ui/ui_public.h	oracle/oracle/codemp/ui/ui_syscalls.c; oracle/oracle/codemp/ui/ui_local.h; oracle/oracle/codemp/ui/ui_shared.h; oracle/oracle/codemp/client/cl_ui.cpp	src/boundary/mp/ui/syscalls/UI_KEY_GETCATCHER.rs	single-file assignment; preserve Raven comments; add args/output source locations
src/boundary/mp/ui/syscalls/UI_KEY_GETOVERSTRIKEMODE.rs	MP UI	call	module_to_engine	syscall	UI_KEY_GETOVERSTRIKEMODE	port_args_output	oracle/oracle/codemp/ui/ui_public.h	oracle/oracle/codemp/ui/ui_syscalls.c; oracle/oracle/codemp/ui/ui_local.h; oracle/oracle/codemp/ui/ui_shared.h; oracle/oracle/codemp/client/cl_ui.cpp	src/boundary/mp/ui/syscalls/UI_KEY_GETOVERSTRIKEMODE.rs	single-file assignment; preserve Raven comments; add args/output source locations
src/boundary/mp/ui/syscalls/UI_KEY_ISDOWN.rs	MP UI	call	module_to_engine	syscall	UI_KEY_ISDOWN	port_args_output	oracle/oracle/codemp/ui/ui_public.h	oracle/oracle/codemp/ui/ui_syscalls.c; oracle/oracle/codemp/ui/ui_local.h; oracle/oracle/codemp/ui/ui_shared.h; oracle/oracle/codemp/client/cl_ui.cpp	src/boundary/mp/ui/syscalls/UI_KEY_ISDOWN.rs	single-file assignment; preserve Raven comments; add args/output source locations
src/boundary/mp/ui/syscalls/UI_KEY_KEYNUMTOSTRINGBUF.rs	MP UI	call	module_to_engine	syscall	UI_KEY_KEYNUMTOSTRINGBUF	port_args_output	oracle/oracle/codemp/ui/ui_public.h	oracle/oracle/codemp/ui/ui_syscalls.c; oracle/oracle/codemp/ui/ui_local.h; oracle/oracle/codemp/ui/ui_shared.h; oracle/oracle/codemp/client/cl_ui.cpp	src/boundary/mp/ui/syscalls/UI_KEY_KEYNUMTOSTRINGBUF.rs	single-file assignment; preserve Raven comments; add args/output source locations
src/boundary/mp/ui/syscalls/UI_KEY_SETBINDING.rs	MP UI	call	module_to_engine	syscall	UI_KEY_SETBINDING	port_args_output	oracle/oracle/codemp/ui/ui_public.h	oracle/oracle/codemp/ui/ui_syscalls.c; oracle/oracle/codemp/ui/ui_local.h; oracle/oracle/codemp/ui/ui_shared.h; oracle/oracle/codemp/client/cl_ui.cpp	src/boundary/mp/ui/syscalls/UI_KEY_SETBINDING.rs	single-file assignment; preserve Raven comments; add args/output source locations
src/boundary/mp/ui/syscalls/UI_KEY_SETCATCHER.rs	MP UI	call	module_to_engine	syscall	UI_KEY_SETCATCHER	port_args_output	oracle/oracle/codemp/ui/ui_public.h	oracle/oracle/codemp/ui/ui_syscalls.c; oracle/oracle/codemp/ui/ui_local.h; oracle/oracle/codemp/ui/ui_shared.h; oracle/oracle/codemp/client/cl_ui.cpp	src/boundary/mp/ui/syscalls/UI_KEY_SETCATCHER.rs	single-file assignment; preserve Raven comments; add args/output source locations
src/boundary/mp/ui/syscalls/UI_KEY_SETOVERSTRIKEMODE.rs	MP UI	call	module_to_engine	syscall	UI_KEY_SETOVERSTRIKEMODE	port_args_output	oracle/oracle/codemp/ui/ui_public.h	oracle/oracle/codemp/ui/ui_syscalls.c; oracle/oracle/codemp/ui/ui_local.h; oracle/oracle/codemp/ui/ui_shared.h; oracle/oracle/codemp/client/cl_ui.cpp	src/boundary/mp/ui/syscalls/UI_KEY_SETOVERSTRIKEMODE.rs	single-file assignment; preserve Raven comments; add args/output source locations
src/boundary/mp/ui/syscalls/UI_LANGUAGE_ISASIAN.rs	MP UI	call	module_to_engine	syscall	UI_LANGUAGE_ISASIAN	port_args_output	oracle/oracle/codemp/ui/ui_public.h	oracle/oracle/codemp/ui/ui_syscalls.c; oracle/oracle/codemp/ui/ui_local.h; oracle/oracle/codemp/ui/ui_shared.h; oracle/oracle/codemp/client/cl_ui.cpp	src/boundary/mp/ui/syscalls/UI_LANGUAGE_ISASIAN.rs	single-file assignment; preserve Raven comments; add args/output source locations
src/boundary/mp/ui/syscalls/UI_LANGUAGE_USESSPACES.rs	MP UI	call	module_to_engine	syscall	UI_LANGUAGE_USESSPACES	port_args_output	oracle/oracle/codemp/ui/ui_public.h	oracle/oracle/codemp/ui/ui_syscalls.c; oracle/oracle/codemp/ui/ui_local.h; oracle/oracle/codemp/ui/ui_shared.h; oracle/oracle/codemp/client/cl_ui.cpp	src/boundary/mp/ui/syscalls/UI_LANGUAGE_USESSPACES.rs	single-file assignment; preserve Raven comments; add args/output source locations
src/boundary/mp/ui/syscalls/UI_LAN_ADDSERVER.rs	MP UI	call	module_to_engine	syscall	UI_LAN_ADDSERVER	port_args_output	oracle/oracle/codemp/ui/ui_public.h	oracle/oracle/codemp/ui/ui_syscalls.c; oracle/oracle/codemp/ui/ui_local.h; oracle/oracle/codemp/ui/ui_shared.h; oracle/oracle/codemp/client/cl_ui.cpp	src/boundary/mp/ui/syscalls/UI_LAN_ADDSERVER.rs	single-file assignment; preserve Raven comments; add args/output source locations
src/boundary/mp/ui/syscalls/UI_LAN_CLEARPING.rs	MP UI	call	module_to_engine	syscall	UI_LAN_CLEARPING	port_args_output	oracle/oracle/codemp/ui/ui_public.h	oracle/oracle/codemp/ui/ui_syscalls.c; oracle/oracle/codemp/ui/ui_local.h; oracle/oracle/codemp/ui/ui_shared.h; oracle/oracle/codemp/client/cl_ui.cpp	src/boundary/mp/ui/syscalls/UI_LAN_CLEARPING.rs	single-file assignment; preserve Raven comments; add args/output source locations
src/boundary/mp/ui/syscalls/UI_LAN_COMPARESERVERS.rs	MP UI	call	module_to_engine	syscall	UI_LAN_COMPARESERVERS	port_args_output	oracle/oracle/codemp/ui/ui_public.h	oracle/oracle/codemp/ui/ui_syscalls.c; oracle/oracle/codemp/ui/ui_local.h; oracle/oracle/codemp/ui/ui_shared.h; oracle/oracle/codemp/client/cl_ui.cpp	src/boundary/mp/ui/syscalls/UI_LAN_COMPARESERVERS.rs	single-file assignment; preserve Raven comments; add args/output source locations
src/boundary/mp/ui/syscalls/UI_LAN_GETPING.rs	MP UI	call	module_to_engine	syscall	UI_LAN_GETPING	port_args_output	oracle/oracle/codemp/ui/ui_public.h	oracle/oracle/codemp/ui/ui_syscalls.c; oracle/oracle/codemp/ui/ui_local.h; oracle/oracle/codemp/ui/ui_shared.h; oracle/oracle/codemp/client/cl_ui.cpp	src/boundary/mp/ui/syscalls/UI_LAN_GETPING.rs	single-file assignment; preserve Raven comments; add args/output source locations
src/boundary/mp/ui/syscalls/UI_LAN_GETPINGINFO.rs	MP UI	call	module_to_engine	syscall	UI_LAN_GETPINGINFO	port_args_output	oracle/oracle/codemp/ui/ui_public.h	oracle/oracle/codemp/ui/ui_syscalls.c; oracle/oracle/codemp/ui/ui_local.h; oracle/oracle/codemp/ui/ui_shared.h; oracle/oracle/codemp/client/cl_ui.cpp	src/boundary/mp/ui/syscalls/UI_LAN_GETPINGINFO.rs	single-file assignment; preserve Raven comments; add args/output source locations
src/boundary/mp/ui/syscalls/UI_LAN_GETPINGQUEUECOUNT.rs	MP UI	call	module_to_engine	syscall	UI_LAN_GETPINGQUEUECOUNT	port_args_output	oracle/oracle/codemp/ui/ui_public.h	oracle/oracle/codemp/ui/ui_syscalls.c; oracle/oracle/codemp/ui/ui_local.h; oracle/oracle/codemp/ui/ui_shared.h; oracle/oracle/codemp/client/cl_ui.cpp	src/boundary/mp/ui/syscalls/UI_LAN_GETPINGQUEUECOUNT.rs	single-file assignment; preserve Raven comments; add args/output source locations
src/boundary/mp/ui/syscalls/UI_LAN_GETSERVERADDRESSSTRING.rs	MP UI	call	module_to_engine	syscall	UI_LAN_GETSERVERADDRESSSTRING	port_args_output	oracle/oracle/codemp/ui/ui_public.h	oracle/oracle/codemp/ui/ui_syscalls.c; oracle/oracle/codemp/ui/ui_local.h; oracle/oracle/codemp/ui/ui_shared.h; oracle/oracle/codemp/client/cl_ui.cpp	src/boundary/mp/ui/syscalls/UI_LAN_GETSERVERADDRESSSTRING.rs	single-file assignment; preserve Raven comments; add args/output source locations
src/boundary/mp/ui/syscalls/UI_LAN_GETSERVERCOUNT.rs	MP UI	call	module_to_engine	syscall	UI_LAN_GETSERVERCOUNT	port_args_output	oracle/oracle/codemp/ui/ui_public.h	oracle/oracle/codemp/ui/ui_syscalls.c; oracle/oracle/codemp/ui/ui_local.h; oracle/oracle/codemp/ui/ui_shared.h; oracle/oracle/codemp/client/cl_ui.cpp	src/boundary/mp/ui/syscalls/UI_LAN_GETSERVERCOUNT.rs	single-file assignment; preserve Raven comments; add args/output source locations
src/boundary/mp/ui/syscalls/UI_LAN_GETSERVERINFO.rs	MP UI	call	module_to_engine	syscall	UI_LAN_GETSERVERINFO	port_args_output	oracle/oracle/codemp/ui/ui_public.h	oracle/oracle/codemp/ui/ui_syscalls.c; oracle/oracle/codemp/ui/ui_local.h; oracle/oracle/codemp/ui/ui_shared.h; oracle/oracle/codemp/client/cl_ui.cpp	src/boundary/mp/ui/syscalls/UI_LAN_GETSERVERINFO.rs	single-file assignment; preserve Raven comments; add args/output source locations
src/boundary/mp/ui/syscalls/UI_LAN_GETSERVERPING.rs	MP UI	call	module_to_engine	syscall	UI_LAN_GETSERVERPING	port_args_output	oracle/oracle/codemp/ui/ui_public.h	oracle/oracle/codemp/ui/ui_syscalls.c; oracle/oracle/codemp/ui/ui_local.h; oracle/oracle/codemp/ui/ui_shared.h; oracle/oracle/codemp/client/cl_ui.cpp	src/boundary/mp/ui/syscalls/UI_LAN_GETSERVERPING.rs	single-file assignment; preserve Raven comments; add args/output source locations
src/boundary/mp/ui/syscalls/UI_LAN_LOADCACHEDSERVERS.rs	MP UI	call	module_to_engine	syscall	UI_LAN_LOADCACHEDSERVERS	port_args_output	oracle/oracle/codemp/ui/ui_public.h	oracle/oracle/codemp/ui/ui_syscalls.c; oracle/oracle/codemp/ui/ui_local.h; oracle/oracle/codemp/ui/ui_shared.h; oracle/oracle/codemp/client/cl_ui.cpp	src/boundary/mp/ui/syscalls/UI_LAN_LOADCACHEDSERVERS.rs	single-file assignment; preserve Raven comments; add args/output source locations
src/boundary/mp/ui/syscalls/UI_LAN_MARKSERVERVISIBLE.rs	MP UI	call	module_to_engine	syscall	UI_LAN_MARKSERVERVISIBLE	port_args_output	oracle/oracle/codemp/ui/ui_public.h	oracle/oracle/codemp/ui/ui_syscalls.c; oracle/oracle/codemp/ui/ui_local.h; oracle/oracle/codemp/ui/ui_shared.h; oracle/oracle/codemp/client/cl_ui.cpp	src/boundary/mp/ui/syscalls/UI_LAN_MARKSERVERVISIBLE.rs	single-file assignment; preserve Raven comments; add args/output source locations
src/boundary/mp/ui/syscalls/UI_LAN_REMOVESERVER.rs	MP UI	call	module_to_engine	syscall	UI_LAN_REMOVESERVER	port_args_output	oracle/oracle/codemp/ui/ui_public.h	oracle/oracle/codemp/ui/ui_syscalls.c; oracle/oracle/codemp/ui/ui_local.h; oracle/oracle/codemp/ui/ui_shared.h; oracle/oracle/codemp/client/cl_ui.cpp	src/boundary/mp/ui/syscalls/UI_LAN_REMOVESERVER.rs	single-file assignment; preserve Raven comments; add args/output source locations
src/boundary/mp/ui/syscalls/UI_LAN_RESETPINGS.rs	MP UI	call	module_to_engine	syscall	UI_LAN_RESETPINGS	port_args_output	oracle/oracle/codemp/ui/ui_public.h	oracle/oracle/codemp/ui/ui_syscalls.c; oracle/oracle/codemp/ui/ui_local.h; oracle/oracle/codemp/ui/ui_shared.h; oracle/oracle/codemp/client/cl_ui.cpp	src/boundary/mp/ui/syscalls/UI_LAN_RESETPINGS.rs	single-file assignment; preserve Raven comments; add args/output source locations
src/boundary/mp/ui/syscalls/UI_LAN_SAVECACHEDSERVERS.rs	MP UI	call	module_to_engine	syscall	UI_LAN_SAVECACHEDSERVERS	port_args_output	oracle/oracle/codemp/ui/ui_public.h	oracle/oracle/codemp/ui/ui_syscalls.c; oracle/oracle/codemp/ui/ui_local.h; oracle/oracle/codemp/ui/ui_shared.h; oracle/oracle/codemp/client/cl_ui.cpp	src/boundary/mp/ui/syscalls/UI_LAN_SAVECACHEDSERVERS.rs	single-file assignment; preserve Raven comments; add args/output source locations
src/boundary/mp/ui/syscalls/UI_LAN_SERVERISVISIBLE.rs	MP UI	call	module_to_engine	syscall	UI_LAN_SERVERISVISIBLE	port_args_output	oracle/oracle/codemp/ui/ui_public.h	oracle/oracle/codemp/ui/ui_syscalls.c; oracle/oracle/codemp/ui/ui_local.h; oracle/oracle/codemp/ui/ui_shared.h; oracle/oracle/codemp/client/cl_ui.cpp	src/boundary/mp/ui/syscalls/UI_LAN_SERVERISVISIBLE.rs	single-file assignment; preserve Raven comments; add args/output source locations
src/boundary/mp/ui/syscalls/UI_LAN_SERVERSTATUS.rs	MP UI	call	module_to_engine	syscall	UI_LAN_SERVERSTATUS	port_args_output	oracle/oracle/codemp/ui/ui_public.h	oracle/oracle/codemp/ui/ui_syscalls.c; oracle/oracle/codemp/ui/ui_local.h; oracle/oracle/codemp/ui/ui_shared.h; oracle/oracle/codemp/client/cl_ui.cpp	src/boundary/mp/ui/syscalls/UI_LAN_SERVERSTATUS.rs	single-file assignment; preserve Raven comments; add args/output source locations
src/boundary/mp/ui/syscalls/UI_LAN_UPDATEVISIBLEPINGS.rs	MP UI	call	module_to_engine	syscall	UI_LAN_UPDATEVISIBLEPINGS	port_args_output	oracle/oracle/codemp/ui/ui_public.h	oracle/oracle/codemp/ui/ui_syscalls.c; oracle/oracle/codemp/ui/ui_local.h; oracle/oracle/codemp/ui/ui_shared.h; oracle/oracle/codemp/client/cl_ui.cpp	src/boundary/mp/ui/syscalls/UI_LAN_UPDATEVISIBLEPINGS.rs	single-file assignment; preserve Raven comments; add args/output source locations
src/boundary/mp/ui/syscalls/UI_MATRIXMULTIPLY.rs	MP UI	call	module_to_engine	syscall	UI_MATRIXMULTIPLY	port_args_output	oracle/oracle/codemp/ui/ui_public.h	oracle/oracle/codemp/ui/ui_syscalls.c; oracle/oracle/codemp/ui/ui_local.h; oracle/oracle/codemp/ui/ui_shared.h; oracle/oracle/codemp/client/cl_ui.cpp	src/boundary/mp/ui/syscalls/UI_MATRIXMULTIPLY.rs	single-file assignment; preserve Raven comments; add args/output source locations
src/boundary/mp/ui/syscalls/UI_MEMCPY.rs	MP UI	call	module_to_engine	syscall	UI_MEMCPY	port_args_output	oracle/oracle/codemp/ui/ui_public.h	oracle/oracle/codemp/ui/ui_syscalls.c; oracle/oracle/codemp/ui/ui_local.h; oracle/oracle/codemp/ui/ui_shared.h; oracle/oracle/codemp/client/cl_ui.cpp	src/boundary/mp/ui/syscalls/UI_MEMCPY.rs	single-file assignment; preserve Raven comments; add args/output source locations
src/boundary/mp/ui/syscalls/UI_MEMORY_REMAINING.rs	MP UI	call	module_to_engine	syscall	UI_MEMORY_REMAINING	port_args_output	oracle/oracle/codemp/ui/ui_public.h	oracle/oracle/codemp/ui/ui_syscalls.c; oracle/oracle/codemp/ui/ui_local.h; oracle/oracle/codemp/ui/ui_shared.h; oracle/oracle/codemp/client/cl_ui.cpp	src/boundary/mp/ui/syscalls/UI_MEMORY_REMAINING.rs	single-file assignment; preserve Raven comments; add args/output source locations
src/boundary/mp/ui/syscalls/UI_MEMSET.rs	MP UI	call	module_to_engine	syscall	UI_MEMSET	port_args_output	oracle/oracle/codemp/ui/ui_public.h	oracle/oracle/codemp/ui/ui_syscalls.c; oracle/oracle/codemp/ui/ui_local.h; oracle/oracle/codemp/ui/ui_shared.h; oracle/oracle/codemp/client/cl_ui.cpp	src/boundary/mp/ui/syscalls/UI_MEMSET.rs	single-file assignment; preserve Raven comments; add args/output source locations
src/boundary/mp/ui/syscalls/UI_MILLISECONDS.rs	MP UI	call	module_to_engine	syscall	UI_MILLISECONDS	port_args_output	oracle/oracle/codemp/ui/ui_public.h	oracle/oracle/codemp/ui/ui_syscalls.c; oracle/oracle/codemp/ui/ui_local.h; oracle/oracle/codemp/ui/ui_shared.h; oracle/oracle/codemp/client/cl_ui.cpp	src/boundary/mp/ui/syscalls/UI_MILLISECONDS.rs	single-file assignment; preserve Raven comments; add args/output source locations
src/boundary/mp/ui/syscalls/UI_PC_ADD_GLOBAL_DEFINE.rs	MP UI	call	module_to_engine	syscall	UI_PC_ADD_GLOBAL_DEFINE	port_args_output	oracle/oracle/codemp/ui/ui_public.h	oracle/oracle/codemp/ui/ui_syscalls.c; oracle/oracle/codemp/ui/ui_local.h; oracle/oracle/codemp/ui/ui_shared.h; oracle/oracle/codemp/client/cl_ui.cpp	src/boundary/mp/ui/syscalls/UI_PC_ADD_GLOBAL_DEFINE.rs	single-file assignment; preserve Raven comments; add args/output source locations
src/boundary/mp/ui/syscalls/UI_PC_FREE_SOURCE.rs	MP UI	call	module_to_engine	syscall	UI_PC_FREE_SOURCE	port_args_output	oracle/oracle/codemp/ui/ui_public.h	oracle/oracle/codemp/ui/ui_syscalls.c; oracle/oracle/codemp/ui/ui_local.h; oracle/oracle/codemp/ui/ui_shared.h; oracle/oracle/codemp/client/cl_ui.cpp	src/boundary/mp/ui/syscalls/UI_PC_FREE_SOURCE.rs	single-file assignment; preserve Raven comments; add args/output source locations
src/boundary/mp/ui/syscalls/UI_PC_LOAD_GLOBAL_DEFINES.rs	MP UI	call	module_to_engine	syscall	UI_PC_LOAD_GLOBAL_DEFINES	port_args_output	oracle/oracle/codemp/ui/ui_public.h	oracle/oracle/codemp/ui/ui_syscalls.c; oracle/oracle/codemp/ui/ui_local.h; oracle/oracle/codemp/ui/ui_shared.h; oracle/oracle/codemp/client/cl_ui.cpp	src/boundary/mp/ui/syscalls/UI_PC_LOAD_GLOBAL_DEFINES.rs	single-file assignment; preserve Raven comments; add args/output source locations
src/boundary/mp/ui/syscalls/UI_PC_LOAD_SOURCE.rs	MP UI	call	module_to_engine	syscall	UI_PC_LOAD_SOURCE	port_args_output	oracle/oracle/codemp/ui/ui_public.h	oracle/oracle/codemp/ui/ui_syscalls.c; oracle/oracle/codemp/ui/ui_local.h; oracle/oracle/codemp/ui/ui_shared.h; oracle/oracle/codemp/client/cl_ui.cpp	src/boundary/mp/ui/syscalls/UI_PC_LOAD_SOURCE.rs	single-file assignment; preserve Raven comments; add args/output source locations
src/boundary/mp/ui/syscalls/UI_PC_READ_TOKEN.rs	MP UI	call	module_to_engine	syscall	UI_PC_READ_TOKEN	port_args_output	oracle/oracle/codemp/ui/ui_public.h	oracle/oracle/codemp/ui/ui_syscalls.c; oracle/oracle/codemp/ui/ui_local.h; oracle/oracle/codemp/ui/ui_shared.h; oracle/oracle/codemp/client/cl_ui.cpp	src/boundary/mp/ui/syscalls/UI_PC_READ_TOKEN.rs	single-file assignment; preserve Raven comments; add args/output source locations
src/boundary/mp/ui/syscalls/UI_PC_REMOVE_ALL_GLOBAL_DEFINES.rs	MP UI	call	module_to_engine	syscall	UI_PC_REMOVE_ALL_GLOBAL_DEFINES	port_args_output	oracle/oracle/codemp/ui/ui_public.h	oracle/oracle/codemp/ui/ui_syscalls.c; oracle/oracle/codemp/ui/ui_local.h; oracle/oracle/codemp/ui/ui_shared.h; oracle/oracle/codemp/client/cl_ui.cpp	src/boundary/mp/ui/syscalls/UI_PC_REMOVE_ALL_GLOBAL_DEFINES.rs	single-file assignment; preserve Raven comments; add args/output source locations
src/boundary/mp/ui/syscalls/UI_PC_SOURCE_FILE_AND_LINE.rs	MP UI	call	module_to_engine	syscall	UI_PC_SOURCE_FILE_AND_LINE	port_args_output	oracle/oracle/codemp/ui/ui_public.h	oracle/oracle/codemp/ui/ui_syscalls.c; oracle/oracle/codemp/ui/ui_local.h; oracle/oracle/codemp/ui/ui_shared.h; oracle/oracle/codemp/client/cl_ui.cpp	src/boundary/mp/ui/syscalls/UI_PC_SOURCE_FILE_AND_LINE.rs	single-file assignment; preserve Raven comments; add args/output source locations
src/boundary/mp/ui/syscalls/UI_PERPENDICULARVECTOR.rs	MP UI	call	module_to_engine	syscall	UI_PERPENDICULARVECTOR	port_args_output	oracle/oracle/codemp/ui/ui_public.h	oracle/oracle/codemp/ui/ui_syscalls.c; oracle/oracle/codemp/ui/ui_local.h; oracle/oracle/codemp/ui/ui_shared.h; oracle/oracle/codemp/client/cl_ui.cpp	src/boundary/mp/ui/syscalls/UI_PERPENDICULARVECTOR.rs	single-file assignment; preserve Raven comments; add args/output source locations
src/boundary/mp/ui/syscalls/UI_PRINT.rs	MP UI	call	module_to_engine	syscall	UI_PRINT	port_args_output	oracle/oracle/codemp/ui/ui_public.h	oracle/oracle/codemp/ui/ui_syscalls.c; oracle/oracle/codemp/ui/ui_local.h; oracle/oracle/codemp/ui/ui_shared.h; oracle/oracle/codemp/client/cl_ui.cpp	src/boundary/mp/ui/syscalls/UI_PRINT.rs	single-file assignment; preserve Raven comments; add args/output source locations
src/boundary/mp/ui/syscalls/UI_REAL_TIME.rs	MP UI	call	module_to_engine	syscall	UI_REAL_TIME	port_args_output	oracle/oracle/codemp/ui/ui_public.h	oracle/oracle/codemp/ui/ui_syscalls.c; oracle/oracle/codemp/ui/ui_local.h; oracle/oracle/codemp/ui/ui_shared.h; oracle/oracle/codemp/client/cl_ui.cpp	src/boundary/mp/ui/syscalls/UI_REAL_TIME.rs	single-file assignment; preserve Raven comments; add args/output source locations
src/boundary/mp/ui/syscalls/UI_R_ADDLIGHTTOSCENE.rs	MP UI	call	module_to_engine	syscall	UI_R_ADDLIGHTTOSCENE	port_args_output	oracle/oracle/codemp/ui/ui_public.h	oracle/oracle/codemp/ui/ui_syscalls.c; oracle/oracle/codemp/ui/ui_local.h; oracle/oracle/codemp/ui/ui_shared.h; oracle/oracle/codemp/client/cl_ui.cpp	src/boundary/mp/ui/syscalls/UI_R_ADDLIGHTTOSCENE.rs	single-file assignment; preserve Raven comments; add args/output source locations
src/boundary/mp/ui/syscalls/UI_R_ADDPOLYTOSCENE.rs	MP UI	call	module_to_engine	syscall	UI_R_ADDPOLYTOSCENE	port_args_output	oracle/oracle/codemp/ui/ui_public.h	oracle/oracle/codemp/ui/ui_syscalls.c; oracle/oracle/codemp/ui/ui_local.h; oracle/oracle/codemp/ui/ui_shared.h; oracle/oracle/codemp/client/cl_ui.cpp	src/boundary/mp/ui/syscalls/UI_R_ADDPOLYTOSCENE.rs	single-file assignment; preserve Raven comments; add args/output source locations
src/boundary/mp/ui/syscalls/UI_R_ADDREFENTITYTOSCENE.rs	MP UI	call	module_to_engine	syscall	UI_R_ADDREFENTITYTOSCENE	port_args_output	oracle/oracle/codemp/ui/ui_public.h	oracle/oracle/codemp/ui/ui_syscalls.c; oracle/oracle/codemp/ui/ui_local.h; oracle/oracle/codemp/ui/ui_shared.h; oracle/oracle/codemp/client/cl_ui.cpp	src/boundary/mp/ui/syscalls/UI_R_ADDREFENTITYTOSCENE.rs	single-file assignment; preserve Raven comments; add args/output source locations
src/boundary/mp/ui/syscalls/UI_R_CLEARSCENE.rs	MP UI	call	module_to_engine	syscall	UI_R_CLEARSCENE	port_args_output	oracle/oracle/codemp/ui/ui_public.h	oracle/oracle/codemp/ui/ui_syscalls.c; oracle/oracle/codemp/ui/ui_local.h; oracle/oracle/codemp/ui/ui_shared.h; oracle/oracle/codemp/client/cl_ui.cpp	src/boundary/mp/ui/syscalls/UI_R_CLEARSCENE.rs	single-file assignment; preserve Raven comments; add args/output source locations
src/boundary/mp/ui/syscalls/UI_R_DRAWSTRETCHPIC.rs	MP UI	call	module_to_engine	syscall	UI_R_DRAWSTRETCHPIC	port_args_output	oracle/oracle/codemp/ui/ui_public.h	oracle/oracle/codemp/ui/ui_syscalls.c; oracle/oracle/codemp/ui/ui_local.h; oracle/oracle/codemp/ui/ui_shared.h; oracle/oracle/codemp/client/cl_ui.cpp	src/boundary/mp/ui/syscalls/UI_R_DRAWSTRETCHPIC.rs	single-file assignment; preserve Raven comments; add args/output source locations
src/boundary/mp/ui/syscalls/UI_R_FONT_DRAWSTRING.rs	MP UI	call	module_to_engine	syscall	UI_R_FONT_DRAWSTRING	port_args_output	oracle/oracle/codemp/ui/ui_public.h	oracle/oracle/codemp/ui/ui_syscalls.c; oracle/oracle/codemp/ui/ui_local.h; oracle/oracle/codemp/ui/ui_shared.h; oracle/oracle/codemp/client/cl_ui.cpp	src/boundary/mp/ui/syscalls/UI_R_FONT_DRAWSTRING.rs	single-file assignment; preserve Raven comments; add args/output source locations
src/boundary/mp/ui/syscalls/UI_R_FONT_STRHEIGHTPIXELS.rs	MP UI	call	module_to_engine	syscall	UI_R_FONT_STRHEIGHTPIXELS	port_args_output	oracle/oracle/codemp/ui/ui_public.h	oracle/oracle/codemp/ui/ui_syscalls.c; oracle/oracle/codemp/ui/ui_local.h; oracle/oracle/codemp/ui/ui_shared.h; oracle/oracle/codemp/client/cl_ui.cpp	src/boundary/mp/ui/syscalls/UI_R_FONT_STRHEIGHTPIXELS.rs	single-file assignment; preserve Raven comments; add args/output source locations
src/boundary/mp/ui/syscalls/UI_R_FONT_STRLENCHARS.rs	MP UI	call	module_to_engine	syscall	UI_R_FONT_STRLENCHARS	port_args_output	oracle/oracle/codemp/ui/ui_public.h	oracle/oracle/codemp/ui/ui_syscalls.c; oracle/oracle/codemp/ui/ui_local.h; oracle/oracle/codemp/ui/ui_shared.h; oracle/oracle/codemp/client/cl_ui.cpp	src/boundary/mp/ui/syscalls/UI_R_FONT_STRLENCHARS.rs	single-file assignment; preserve Raven comments; add args/output source locations
src/boundary/mp/ui/syscalls/UI_R_FONT_STRLENPIXELS.rs	MP UI	call	module_to_engine	syscall	UI_R_FONT_STRLENPIXELS	port_args_output	oracle/oracle/codemp/ui/ui_public.h	oracle/oracle/codemp/ui/ui_syscalls.c; oracle/oracle/codemp/ui/ui_local.h; oracle/oracle/codemp/ui/ui_shared.h; oracle/oracle/codemp/client/cl_ui.cpp	src/boundary/mp/ui/syscalls/UI_R_FONT_STRLENPIXELS.rs	single-file assignment; preserve Raven comments; add args/output source locations
src/boundary/mp/ui/syscalls/UI_R_MODELBOUNDS.rs	MP UI	call	module_to_engine	syscall	UI_R_MODELBOUNDS	port_args_output	oracle/oracle/codemp/ui/ui_public.h	oracle/oracle/codemp/ui/ui_syscalls.c; oracle/oracle/codemp/ui/ui_local.h; oracle/oracle/codemp/ui/ui_shared.h; oracle/oracle/codemp/client/cl_ui.cpp	src/boundary/mp/ui/syscalls/UI_R_MODELBOUNDS.rs	single-file assignment; preserve Raven comments; add args/output source locations
src/boundary/mp/ui/syscalls/UI_R_REGISTERFONT.rs	MP UI	call	module_to_engine	syscall	UI_R_REGISTERFONT	port_args_output	oracle/oracle/codemp/ui/ui_public.h	oracle/oracle/codemp/ui/ui_syscalls.c; oracle/oracle/codemp/ui/ui_local.h; oracle/oracle/codemp/ui/ui_shared.h; oracle/oracle/codemp/client/cl_ui.cpp	src/boundary/mp/ui/syscalls/UI_R_REGISTERFONT.rs	single-file assignment; preserve Raven comments; add args/output source locations
src/boundary/mp/ui/syscalls/UI_R_REGISTERMODEL.rs	MP UI	call	module_to_engine	syscall	UI_R_REGISTERMODEL	port_args_output	oracle/oracle/codemp/ui/ui_public.h	oracle/oracle/codemp/ui/ui_syscalls.c; oracle/oracle/codemp/ui/ui_local.h; oracle/oracle/codemp/ui/ui_shared.h; oracle/oracle/codemp/client/cl_ui.cpp	src/boundary/mp/ui/syscalls/UI_R_REGISTERMODEL.rs	single-file assignment; preserve Raven comments; add args/output source locations
src/boundary/mp/ui/syscalls/UI_R_REGISTERSHADERNOMIP.rs	MP UI	call	module_to_engine	syscall	UI_R_REGISTERSHADERNOMIP	port_args_output	oracle/oracle/codemp/ui/ui_public.h	oracle/oracle/codemp/ui/ui_syscalls.c; oracle/oracle/codemp/ui/ui_local.h; oracle/oracle/codemp/ui/ui_shared.h; oracle/oracle/codemp/client/cl_ui.cpp	src/boundary/mp/ui/syscalls/UI_R_REGISTERSHADERNOMIP.rs	single-file assignment; preserve Raven comments; add args/output source locations
src/boundary/mp/ui/syscalls/UI_R_REGISTERSKIN.rs	MP UI	call	module_to_engine	syscall	UI_R_REGISTERSKIN	port_args_output	oracle/oracle/codemp/ui/ui_public.h	oracle/oracle/codemp/ui/ui_syscalls.c; oracle/oracle/codemp/ui/ui_local.h; oracle/oracle/codemp/ui/ui_shared.h; oracle/oracle/codemp/client/cl_ui.cpp	src/boundary/mp/ui/syscalls/UI_R_REGISTERSKIN.rs	single-file assignment; preserve Raven comments; add args/output source locations
src/boundary/mp/ui/syscalls/UI_R_REMAP_SHADER.rs	MP UI	call	module_to_engine	syscall	UI_R_REMAP_SHADER	port_args_output	oracle/oracle/codemp/ui/ui_public.h	oracle/oracle/codemp/ui/ui_syscalls.c; oracle/oracle/codemp/ui/ui_local.h; oracle/oracle/codemp/ui/ui_shared.h; oracle/oracle/codemp/client/cl_ui.cpp	src/boundary/mp/ui/syscalls/UI_R_REMAP_SHADER.rs	single-file assignment; preserve Raven comments; add args/output source locations
src/boundary/mp/ui/syscalls/UI_R_RENDERSCENE.rs	MP UI	call	module_to_engine	syscall	UI_R_RENDERSCENE	port_args_output	oracle/oracle/codemp/ui/ui_public.h	oracle/oracle/codemp/ui/ui_syscalls.c; oracle/oracle/codemp/ui/ui_local.h; oracle/oracle/codemp/ui/ui_shared.h; oracle/oracle/codemp/client/cl_ui.cpp	src/boundary/mp/ui/syscalls/UI_R_RENDERSCENE.rs	single-file assignment; preserve Raven comments; add args/output source locations
src/boundary/mp/ui/syscalls/UI_R_SETCOLOR.rs	MP UI	call	module_to_engine	syscall	UI_R_SETCOLOR	port_args_output	oracle/oracle/codemp/ui/ui_public.h	oracle/oracle/codemp/ui/ui_syscalls.c; oracle/oracle/codemp/ui/ui_local.h; oracle/oracle/codemp/ui/ui_shared.h; oracle/oracle/codemp/client/cl_ui.cpp	src/boundary/mp/ui/syscalls/UI_R_SETCOLOR.rs	single-file assignment; preserve Raven comments; add args/output source locations
src/boundary/mp/ui/syscalls/UI_R_SHADERNAMEFROMINDEX.rs	MP UI	call	module_to_engine	syscall	UI_R_SHADERNAMEFROMINDEX	port_args_output	oracle/oracle/codemp/ui/ui_public.h	oracle/oracle/codemp/ui/ui_syscalls.c; oracle/oracle/codemp/ui/ui_local.h; oracle/oracle/codemp/ui/ui_shared.h; oracle/oracle/codemp/client/cl_ui.cpp	src/boundary/mp/ui/syscalls/UI_R_SHADERNAMEFROMINDEX.rs	single-file assignment; preserve Raven comments; add args/output source locations
src/boundary/mp/ui/syscalls/UI_SET_CDKEY.rs	MP UI	call	module_to_engine	syscall	UI_SET_CDKEY	port_args_output	oracle/oracle/codemp/ui/ui_public.h	oracle/oracle/codemp/ui/ui_syscalls.c; oracle/oracle/codemp/ui/ui_local.h; oracle/oracle/codemp/ui/ui_shared.h; oracle/oracle/codemp/client/cl_ui.cpp	src/boundary/mp/ui/syscalls/UI_SET_CDKEY.rs	single-file assignment; preserve Raven comments; add args/output source locations
src/boundary/mp/ui/syscalls/UI_SIN.rs	MP UI	call	module_to_engine	syscall	UI_SIN	port_args_output	oracle/oracle/codemp/ui/ui_public.h	oracle/oracle/codemp/ui/ui_syscalls.c; oracle/oracle/codemp/ui/ui_local.h; oracle/oracle/codemp/ui/ui_shared.h; oracle/oracle/codemp/client/cl_ui.cpp	src/boundary/mp/ui/syscalls/UI_SIN.rs	single-file assignment; preserve Raven comments; add args/output source locations
src/boundary/mp/ui/syscalls/UI_SP_GETLANGUAGENAME.rs	MP UI	call	module_to_engine	syscall	UI_SP_GETLANGUAGENAME	port_args_output	oracle/oracle/codemp/ui/ui_public.h	oracle/oracle/codemp/ui/ui_syscalls.c; oracle/oracle/codemp/ui/ui_local.h; oracle/oracle/codemp/ui/ui_shared.h; oracle/oracle/codemp/client/cl_ui.cpp	src/boundary/mp/ui/syscalls/UI_SP_GETLANGUAGENAME.rs	single-file assignment; preserve Raven comments; add args/output source locations
src/boundary/mp/ui/syscalls/UI_SP_GETNUMLANGUAGES.rs	MP UI	call	module_to_engine	syscall	UI_SP_GETNUMLANGUAGES	port_args_output	oracle/oracle/codemp/ui/ui_public.h	oracle/oracle/codemp/ui/ui_syscalls.c; oracle/oracle/codemp/ui/ui_local.h; oracle/oracle/codemp/ui/ui_shared.h; oracle/oracle/codemp/client/cl_ui.cpp	src/boundary/mp/ui/syscalls/UI_SP_GETNUMLANGUAGES.rs	single-file assignment; preserve Raven comments; add args/output source locations
src/boundary/mp/ui/syscalls/UI_SP_GETSTRINGTEXTSTRING.rs	MP UI	call	module_to_engine	syscall	UI_SP_GETSTRINGTEXTSTRING	port_args_output	oracle/oracle/codemp/ui/ui_public.h	oracle/oracle/codemp/ui/ui_syscalls.c; oracle/oracle/codemp/ui/ui_local.h; oracle/oracle/codemp/ui/ui_shared.h; oracle/oracle/codemp/client/cl_ui.cpp	src/boundary/mp/ui/syscalls/UI_SP_GETSTRINGTEXTSTRING.rs	single-file assignment; preserve Raven comments; add args/output source locations
src/boundary/mp/ui/syscalls/UI_SQRT.rs	MP UI	call	module_to_engine	syscall	UI_SQRT	port_args_output	oracle/oracle/codemp/ui/ui_public.h	oracle/oracle/codemp/ui/ui_syscalls.c; oracle/oracle/codemp/ui/ui_local.h; oracle/oracle/codemp/ui/ui_shared.h; oracle/oracle/codemp/client/cl_ui.cpp	src/boundary/mp/ui/syscalls/UI_SQRT.rs	single-file assignment; preserve Raven comments; add args/output source locations
src/boundary/mp/ui/syscalls/UI_STRNCPY.rs	MP UI	call	module_to_engine	syscall	UI_STRNCPY	port_args_output	oracle/oracle/codemp/ui/ui_public.h	oracle/oracle/codemp/ui/ui_syscalls.c; oracle/oracle/codemp/ui/ui_local.h; oracle/oracle/codemp/ui/ui_shared.h; oracle/oracle/codemp/client/cl_ui.cpp	src/boundary/mp/ui/syscalls/UI_STRNCPY.rs	single-file assignment; preserve Raven comments; add args/output source locations
src/boundary/mp/ui/syscalls/UI_S_REGISTERSOUND.rs	MP UI	call	module_to_engine	syscall	UI_S_REGISTERSOUND	port_args_output	oracle/oracle/codemp/ui/ui_public.h	oracle/oracle/codemp/ui/ui_syscalls.c; oracle/oracle/codemp/ui/ui_local.h; oracle/oracle/codemp/ui/ui_shared.h; oracle/oracle/codemp/client/cl_ui.cpp	src/boundary/mp/ui/syscalls/UI_S_REGISTERSOUND.rs	single-file assignment; preserve Raven comments; add args/output source locations
src/boundary/mp/ui/syscalls/UI_S_STARTBACKGROUNDTRACK.rs	MP UI	call	module_to_engine	syscall	UI_S_STARTBACKGROUNDTRACK	port_args_output	oracle/oracle/codemp/ui/ui_public.h	oracle/oracle/codemp/ui/ui_syscalls.c; oracle/oracle/codemp/ui/ui_local.h; oracle/oracle/codemp/ui/ui_shared.h; oracle/oracle/codemp/client/cl_ui.cpp	src/boundary/mp/ui/syscalls/UI_S_STARTBACKGROUNDTRACK.rs	single-file assignment; preserve Raven comments; add args/output source locations
src/boundary/mp/ui/syscalls/UI_S_STARTLOCALSOUND.rs	MP UI	call	module_to_engine	syscall	UI_S_STARTLOCALSOUND	port_args_output	oracle/oracle/codemp/ui/ui_public.h	oracle/oracle/codemp/ui/ui_syscalls.c; oracle/oracle/codemp/ui/ui_local.h; oracle/oracle/codemp/ui/ui_shared.h; oracle/oracle/codemp/client/cl_ui.cpp	src/boundary/mp/ui/syscalls/UI_S_STARTLOCALSOUND.rs	single-file assignment; preserve Raven comments; add args/output source locations
src/boundary/mp/ui/syscalls/UI_S_STOPBACKGROUNDTRACK.rs	MP UI	call	module_to_engine	syscall	UI_S_STOPBACKGROUNDTRACK	port_args_output	oracle/oracle/codemp/ui/ui_public.h	oracle/oracle/codemp/ui/ui_syscalls.c; oracle/oracle/codemp/ui/ui_local.h; oracle/oracle/codemp/ui/ui_shared.h; oracle/oracle/codemp/client/cl_ui.cpp	src/boundary/mp/ui/syscalls/UI_S_STOPBACKGROUNDTRACK.rs	single-file assignment; preserve Raven comments; add args/output source locations
src/boundary/mp/ui/syscalls/UI_TESTPRINTFLOAT.rs	MP UI	call	module_to_engine	syscall	UI_TESTPRINTFLOAT	port_args_output	oracle/oracle/codemp/ui/ui_public.h	oracle/oracle/codemp/ui/ui_syscalls.c; oracle/oracle/codemp/ui/ui_local.h; oracle/oracle/codemp/ui/ui_shared.h; oracle/oracle/codemp/client/cl_ui.cpp	src/boundary/mp/ui/syscalls/UI_TESTPRINTFLOAT.rs	single-file assignment; preserve Raven comments; add args/output source locations
src/boundary/mp/ui/syscalls/UI_TESTPRINTINT.rs	MP UI	call	module_to_engine	syscall	UI_TESTPRINTINT	port_args_output	oracle/oracle/codemp/ui/ui_public.h	oracle/oracle/codemp/ui/ui_syscalls.c; oracle/oracle/codemp/ui/ui_local.h; oracle/oracle/codemp/ui/ui_shared.h; oracle/oracle/codemp/client/cl_ui.cpp	src/boundary/mp/ui/syscalls/UI_TESTPRINTINT.rs	single-file assignment; preserve Raven comments; add args/output source locations
src/boundary/mp/ui/syscalls/UI_UPDATESCREEN.rs	MP UI	call	module_to_engine	syscall	UI_UPDATESCREEN	port_args_output	oracle/oracle/codemp/ui/ui_public.h	oracle/oracle/codemp/ui/ui_syscalls.c; oracle/oracle/codemp/ui/ui_local.h; oracle/oracle/codemp/ui/ui_shared.h; oracle/oracle/codemp/client/cl_ui.cpp	src/boundary/mp/ui/syscalls/UI_UPDATESCREEN.rs	single-file assignment; preserve Raven comments; add args/output source locations
src/boundary/mp/ui/syscalls/UI_VERIFY_CDKEY.rs	MP UI	call	module_to_engine	syscall	UI_VERIFY_CDKEY	port_args_output	oracle/oracle/codemp/ui/ui_public.h	oracle/oracle/codemp/ui/ui_syscalls.c; oracle/oracle/codemp/ui/ui_local.h; oracle/oracle/codemp/ui/ui_shared.h; oracle/oracle/codemp/client/cl_ui.cpp	src/boundary/mp/ui/syscalls/UI_VERIFY_CDKEY.rs	single-file assignment; preserve Raven comments; add args/output source locations
src/boundary/mp/ui/vmcalls/UI_CONSOLE_COMMAND.rs	MP UI	call	engine_to_module	vmMain	UI_CONSOLE_COMMAND	port_args_output	oracle/oracle/codemp/ui/ui_public.h	oracle/oracle/codemp/ui/ui_main.c; oracle/oracle/codemp/client/*.cpp; oracle/oracle/codemp/client/cl_scrn.cpp	src/boundary/mp/ui/vmcalls/UI_CONSOLE_COMMAND.rs	single-file assignment; preserve Raven comments; add args/output source locations
src/boundary/mp/ui/vmcalls/UI_DRAW_CONNECT_SCREEN.rs	MP UI	call	engine_to_module	vmMain	UI_DRAW_CONNECT_SCREEN	port_args_output	oracle/oracle/codemp/ui/ui_public.h	oracle/oracle/codemp/ui/ui_main.c; oracle/oracle/codemp/client/*.cpp; oracle/oracle/codemp/client/cl_scrn.cpp	src/boundary/mp/ui/vmcalls/UI_DRAW_CONNECT_SCREEN.rs	single-file assignment; preserve Raven comments; add args/output source locations
src/boundary/mp/ui/vmcalls/UI_GETAPIVERSION.rs	MP UI	call	engine_to_module	vmMain	UI_GETAPIVERSION	port_args_output	oracle/oracle/codemp/ui/ui_public.h	oracle/oracle/codemp/ui/ui_main.c; oracle/oracle/codemp/client/*.cpp; oracle/oracle/codemp/client/cl_scrn.cpp	src/boundary/mp/ui/vmcalls/UI_GETAPIVERSION.rs	single-file assignment; preserve Raven comments; add args/output source locations
src/boundary/mp/ui/vmcalls/UI_HASUNIQUECDKEY.rs	MP UI	call	engine_to_module	vmMain	UI_HASUNIQUECDKEY	port_args_output	oracle/oracle/codemp/ui/ui_public.h	oracle/oracle/codemp/ui/ui_main.c; oracle/oracle/codemp/client/*.cpp; oracle/oracle/codemp/client/cl_scrn.cpp	src/boundary/mp/ui/vmcalls/UI_HASUNIQUECDKEY.rs	single-file assignment; preserve Raven comments; add args/output source locations
src/boundary/mp/ui/vmcalls/UI_INIT.rs	MP UI	call	engine_to_module	vmMain	UI_INIT	port_args_output	oracle/oracle/codemp/ui/ui_public.h	oracle/oracle/codemp/ui/ui_main.c; oracle/oracle/codemp/client/*.cpp; oracle/oracle/codemp/client/cl_scrn.cpp	src/boundary/mp/ui/vmcalls/UI_INIT.rs	single-file assignment; preserve Raven comments; add args/output source locations
src/boundary/mp/ui/vmcalls/UI_IS_FULLSCREEN.rs	MP UI	call	engine_to_module	vmMain	UI_IS_FULLSCREEN	port_args_output	oracle/oracle/codemp/ui/ui_public.h	oracle/oracle/codemp/ui/ui_main.c; oracle/oracle/codemp/client/*.cpp; oracle/oracle/codemp/client/cl_scrn.cpp	src/boundary/mp/ui/vmcalls/UI_IS_FULLSCREEN.rs	single-file assignment; preserve Raven comments; add args/output source locations
src/boundary/mp/ui/vmcalls/UI_KEY_EVENT.rs	MP UI	call	engine_to_module	vmMain	UI_KEY_EVENT	port_args_output	oracle/oracle/codemp/ui/ui_public.h	oracle/oracle/codemp/ui/ui_main.c; oracle/oracle/codemp/client/*.cpp; oracle/oracle/codemp/client/cl_scrn.cpp	src/boundary/mp/ui/vmcalls/UI_KEY_EVENT.rs	single-file assignment; preserve Raven comments; add args/output source locations
src/boundary/mp/ui/vmcalls/UI_MENU_RESET.rs	MP UI	call	engine_to_module	vmMain	UI_MENU_RESET	port_args_output	oracle/oracle/codemp/ui/ui_public.h	oracle/oracle/codemp/ui/ui_main.c; oracle/oracle/codemp/client/*.cpp; oracle/oracle/codemp/client/cl_scrn.cpp	src/boundary/mp/ui/vmcalls/UI_MENU_RESET.rs	single-file assignment; preserve Raven comments; add args/output source locations
src/boundary/mp/ui/vmcalls/UI_MOUSE_EVENT.rs	MP UI	call	engine_to_module	vmMain	UI_MOUSE_EVENT	port_args_output	oracle/oracle/codemp/ui/ui_public.h	oracle/oracle/codemp/ui/ui_main.c; oracle/oracle/codemp/client/*.cpp; oracle/oracle/codemp/client/cl_scrn.cpp	src/boundary/mp/ui/vmcalls/UI_MOUSE_EVENT.rs	single-file assignment; preserve Raven comments; add args/output source locations
src/boundary/mp/ui/vmcalls/UI_REFRESH.rs	MP UI	call	engine_to_module	vmMain	UI_REFRESH	port_args_output	oracle/oracle/codemp/ui/ui_public.h	oracle/oracle/codemp/ui/ui_main.c; oracle/oracle/codemp/client/*.cpp; oracle/oracle/codemp/client/cl_scrn.cpp	src/boundary/mp/ui/vmcalls/UI_REFRESH.rs	single-file assignment; preserve Raven comments; add args/output source locations
src/boundary/mp/ui/vmcalls/UI_SET_ACTIVE_MENU.rs	MP UI	call	engine_to_module	vmMain	UI_SET_ACTIVE_MENU	port_args_output	oracle/oracle/codemp/ui/ui_public.h	oracle/oracle/codemp/ui/ui_main.c; oracle/oracle/codemp/client/*.cpp; oracle/oracle/codemp/client/cl_scrn.cpp	src/boundary/mp/ui/vmcalls/UI_SET_ACTIVE_MENU.rs	single-file assignment; preserve Raven comments; add args/output source locations
src/boundary/mp/ui/vmcalls/UI_SHUTDOWN.rs	MP UI	call	engine_to_module	vmMain	UI_SHUTDOWN	port_args_output	oracle/oracle/codemp/ui/ui_public.h	oracle/oracle/codemp/ui/ui_main.c; oracle/oracle/codemp/client/*.cpp; oracle/oracle/codemp/client/cl_scrn.cpp	src/boundary/mp/ui/vmcalls/UI_SHUTDOWN.rs	single-file assignment; preserve Raven comments; add args/output source locations
src/boundary/sp/cgame/exports.rs	SP cgame	enum	engine_to_module	vmMain	*Export enum vocabulary*	validate_enum_values_and_comments	oracle/oracle/code/cgame/cg_public.h; oracle/oracle/code/client/vmachine.h	oracle/oracle/code/cgame/cg_public.h; oracle/oracle/code/client/vmachine.h	src/boundary/sp/cgame/exports.rs	single-file assignment; preserve Raven comments; add args/output source locations
src/boundary/sp/cgame/imports.rs	SP cgame	enum	module_to_engine	syscall	*Import enum vocabulary*	validate_enum_values_and_comments	oracle/oracle/code/cgame/cg_public.h; oracle/oracle/code/client/vmachine.h	oracle/oracle/code/cgame/cg_public.h; oracle/oracle/code/client/vmachine.h	src/boundary/sp/cgame/imports.rs	single-file assignment; preserve Raven comments; add args/output source locations
src/boundary/sp/cgame/syscalls/CG_ADDCOMMAND.rs	SP cgame	call	module_to_engine	syscall	CG_ADDCOMMAND	port_args_output	oracle/oracle/code/cgame/cg_public.h; oracle/oracle/code/client/vmachine.h	oracle/oracle/code/cgame/cg_syscalls.c; oracle/oracle/code/cgame/cg_local.h; oracle/oracle/code/client/cl_cgame.cpp; oracle/oracle/code/client/vmachine.cpp	src/boundary/sp/cgame/syscalls/CG_ADDCOMMAND.rs	single-file assignment; preserve Raven comments; add args/output source locations
src/boundary/sp/cgame/syscalls/CG_ANYLANGUAGE_READFROMSTRING.rs	SP cgame	call	module_to_engine	syscall	CG_ANYLANGUAGE_READFROMSTRING	port_args_output	oracle/oracle/code/cgame/cg_public.h; oracle/oracle/code/client/vmachine.h	oracle/oracle/code/cgame/cg_syscalls.c; oracle/oracle/code/cgame/cg_local.h; oracle/oracle/code/client/cl_cgame.cpp; oracle/oracle/code/client/vmachine.cpp	src/boundary/sp/cgame/syscalls/CG_ANYLANGUAGE_READFROMSTRING.rs	single-file assignment; preserve Raven comments; add args/output source locations
src/boundary/sp/cgame/syscalls/CG_ARGC.rs	SP cgame	call	module_to_engine	syscall	CG_ARGC	port_args_output	oracle/oracle/code/cgame/cg_public.h; oracle/oracle/code/client/vmachine.h	oracle/oracle/code/cgame/cg_syscalls.c; oracle/oracle/code/cgame/cg_local.h; oracle/oracle/code/client/cl_cgame.cpp; oracle/oracle/code/client/vmachine.cpp	src/boundary/sp/cgame/syscalls/CG_ARGC.rs	single-file assignment; preserve Raven comments; add args/output source locations
src/boundary/sp/cgame/syscalls/CG_ARGS.rs	SP cgame	call	module_to_engine	syscall	CG_ARGS	port_args_output	oracle/oracle/code/cgame/cg_public.h; oracle/oracle/code/client/vmachine.h	oracle/oracle/code/cgame/cg_syscalls.c; oracle/oracle/code/cgame/cg_local.h; oracle/oracle/code/client/cl_cgame.cpp; oracle/oracle/code/client/vmachine.cpp	src/boundary/sp/cgame/syscalls/CG_ARGS.rs	single-file assignment; preserve Raven comments; add args/output source locations
src/boundary/sp/cgame/syscalls/CG_ARGV.rs	SP cgame	call	module_to_engine	syscall	CG_ARGV	port_args_output	oracle/oracle/code/cgame/cg_public.h; oracle/oracle/code/client/vmachine.h	oracle/oracle/code/cgame/cg_syscalls.c; oracle/oracle/code/cgame/cg_local.h; oracle/oracle/code/client/cl_cgame.cpp; oracle/oracle/code/client/vmachine.cpp	src/boundary/sp/cgame/syscalls/CG_ARGV.rs	single-file assignment; preserve Raven comments; add args/output source locations
src/boundary/sp/cgame/syscalls/CG_AS_ADDENTRY.rs	SP cgame	call	module_to_engine	syscall	CG_AS_ADDENTRY	port_args_output	oracle/oracle/code/cgame/cg_public.h; oracle/oracle/code/client/vmachine.h	oracle/oracle/code/cgame/cg_syscalls.c; oracle/oracle/code/cgame/cg_local.h; oracle/oracle/code/client/cl_cgame.cpp; oracle/oracle/code/client/vmachine.cpp	src/boundary/sp/cgame/syscalls/CG_AS_ADDENTRY.rs	single-file assignment; preserve Raven comments; add args/output source locations
src/boundary/sp/cgame/syscalls/CG_AS_GETBMODELSOUND.rs	SP cgame	call	module_to_engine	syscall	CG_AS_GETBMODELSOUND	port_args_output	oracle/oracle/code/cgame/cg_public.h; oracle/oracle/code/client/vmachine.h	oracle/oracle/code/cgame/cg_syscalls.c; oracle/oracle/code/cgame/cg_local.h; oracle/oracle/code/client/cl_cgame.cpp; oracle/oracle/code/client/vmachine.cpp	src/boundary/sp/cgame/syscalls/CG_AS_GETBMODELSOUND.rs	single-file assignment; preserve Raven comments; add args/output source locations
src/boundary/sp/cgame/syscalls/CG_AS_PARSESETS.rs	SP cgame	call	module_to_engine	syscall	CG_AS_PARSESETS	port_args_output	oracle/oracle/code/cgame/cg_public.h; oracle/oracle/code/client/vmachine.h	oracle/oracle/code/cgame/cg_syscalls.c; oracle/oracle/code/cgame/cg_local.h; oracle/oracle/code/client/cl_cgame.cpp; oracle/oracle/code/client/vmachine.cpp	src/boundary/sp/cgame/syscalls/CG_AS_PARSESETS.rs	single-file assignment; preserve Raven comments; add args/output source locations
src/boundary/sp/cgame/syscalls/CG_CIN_DRAWCINEMATIC.rs	SP cgame	call	module_to_engine	syscall	CG_CIN_DRAWCINEMATIC	port_args_output	oracle/oracle/code/cgame/cg_public.h; oracle/oracle/code/client/vmachine.h	oracle/oracle/code/cgame/cg_syscalls.c; oracle/oracle/code/cgame/cg_local.h; oracle/oracle/code/client/cl_cgame.cpp; oracle/oracle/code/client/vmachine.cpp	src/boundary/sp/cgame/syscalls/CG_CIN_DRAWCINEMATIC.rs	single-file assignment; preserve Raven comments; add args/output source locations
src/boundary/sp/cgame/syscalls/CG_CIN_PLAYCINEMATIC.rs	SP cgame	call	module_to_engine	syscall	CG_CIN_PLAYCINEMATIC	port_args_output	oracle/oracle/code/cgame/cg_public.h; oracle/oracle/code/client/vmachine.h	oracle/oracle/code/cgame/cg_syscalls.c; oracle/oracle/code/cgame/cg_local.h; oracle/oracle/code/client/cl_cgame.cpp; oracle/oracle/code/client/vmachine.cpp	src/boundary/sp/cgame/syscalls/CG_CIN_PLAYCINEMATIC.rs	single-file assignment; preserve Raven comments; add args/output source locations
src/boundary/sp/cgame/syscalls/CG_CIN_RUNCINEMATIC.rs	SP cgame	call	module_to_engine	syscall	CG_CIN_RUNCINEMATIC	port_args_output	oracle/oracle/code/cgame/cg_public.h; oracle/oracle/code/client/vmachine.h	oracle/oracle/code/cgame/cg_syscalls.c; oracle/oracle/code/cgame/cg_local.h; oracle/oracle/code/client/cl_cgame.cpp; oracle/oracle/code/client/vmachine.cpp	src/boundary/sp/cgame/syscalls/CG_CIN_RUNCINEMATIC.rs	single-file assignment; preserve Raven comments; add args/output source locations
src/boundary/sp/cgame/syscalls/CG_CIN_SETEXTENTS.rs	SP cgame	call	module_to_engine	syscall	CG_CIN_SETEXTENTS	port_args_output	oracle/oracle/code/cgame/cg_public.h; oracle/oracle/code/client/vmachine.h	oracle/oracle/code/cgame/cg_syscalls.c; oracle/oracle/code/cgame/cg_local.h; oracle/oracle/code/client/cl_cgame.cpp; oracle/oracle/code/client/vmachine.cpp	src/boundary/sp/cgame/syscalls/CG_CIN_SETEXTENTS.rs	single-file assignment; preserve Raven comments; add args/output source locations
src/boundary/sp/cgame/syscalls/CG_CIN_STOPCINEMATIC.rs	SP cgame	call	module_to_engine	syscall	CG_CIN_STOPCINEMATIC	port_args_output	oracle/oracle/code/cgame/cg_public.h; oracle/oracle/code/client/vmachine.h	oracle/oracle/code/cgame/cg_syscalls.c; oracle/oracle/code/cgame/cg_local.h; oracle/oracle/code/client/cl_cgame.cpp; oracle/oracle/code/client/vmachine.cpp	src/boundary/sp/cgame/syscalls/CG_CIN_STOPCINEMATIC.rs	single-file assignment; preserve Raven comments; add args/output source locations
src/boundary/sp/cgame/syscalls/CG_CM_BOXTRACE.rs	SP cgame	call	module_to_engine	syscall	CG_CM_BOXTRACE	port_args_output	oracle/oracle/code/cgame/cg_public.h; oracle/oracle/code/client/vmachine.h	oracle/oracle/code/cgame/cg_syscalls.c; oracle/oracle/code/cgame/cg_local.h; oracle/oracle/code/client/cl_cgame.cpp; oracle/oracle/code/client/vmachine.cpp	src/boundary/sp/cgame/syscalls/CG_CM_BOXTRACE.rs	single-file assignment; preserve Raven comments; add args/output source locations
src/boundary/sp/cgame/syscalls/CG_CM_INLINEMODEL.rs	SP cgame	call	module_to_engine	syscall	CG_CM_INLINEMODEL	port_args_output	oracle/oracle/code/cgame/cg_public.h; oracle/oracle/code/client/vmachine.h	oracle/oracle/code/cgame/cg_syscalls.c; oracle/oracle/code/cgame/cg_local.h; oracle/oracle/code/client/cl_cgame.cpp; oracle/oracle/code/client/vmachine.cpp	src/boundary/sp/cgame/syscalls/CG_CM_INLINEMODEL.rs	single-file assignment; preserve Raven comments; add args/output source locations
src/boundary/sp/cgame/syscalls/CG_CM_LOADMAP.rs	SP cgame	call	module_to_engine	syscall	CG_CM_LOADMAP	port_args_output	oracle/oracle/code/cgame/cg_public.h; oracle/oracle/code/client/vmachine.h	oracle/oracle/code/cgame/cg_syscalls.c; oracle/oracle/code/cgame/cg_local.h; oracle/oracle/code/client/cl_cgame.cpp; oracle/oracle/code/client/vmachine.cpp	src/boundary/sp/cgame/syscalls/CG_CM_LOADMAP.rs	single-file assignment; preserve Raven comments; add args/output source locations
src/boundary/sp/cgame/syscalls/CG_CM_MARKFRAGMENTS.rs	SP cgame	call	module_to_engine	syscall	CG_CM_MARKFRAGMENTS	port_args_output	oracle/oracle/code/cgame/cg_public.h; oracle/oracle/code/client/vmachine.h	oracle/oracle/code/cgame/cg_syscalls.c; oracle/oracle/code/cgame/cg_local.h; oracle/oracle/code/client/cl_cgame.cpp; oracle/oracle/code/client/vmachine.cpp	src/boundary/sp/cgame/syscalls/CG_CM_MARKFRAGMENTS.rs	single-file assignment; preserve Raven comments; add args/output source locations
src/boundary/sp/cgame/syscalls/CG_CM_NUMINLINEMODELS.rs	SP cgame	call	module_to_engine	syscall	CG_CM_NUMINLINEMODELS	port_args_output	oracle/oracle/code/cgame/cg_public.h; oracle/oracle/code/client/vmachine.h	oracle/oracle/code/cgame/cg_syscalls.c; oracle/oracle/code/cgame/cg_local.h; oracle/oracle/code/client/cl_cgame.cpp; oracle/oracle/code/client/vmachine.cpp	src/boundary/sp/cgame/syscalls/CG_CM_NUMINLINEMODELS.rs	single-file assignment; preserve Raven comments; add args/output source locations
src/boundary/sp/cgame/syscalls/CG_CM_POINTCONTENTS.rs	SP cgame	call	module_to_engine	syscall	CG_CM_POINTCONTENTS	port_args_output	oracle/oracle/code/cgame/cg_public.h; oracle/oracle/code/client/vmachine.h	oracle/oracle/code/cgame/cg_syscalls.c; oracle/oracle/code/cgame/cg_local.h; oracle/oracle/code/client/cl_cgame.cpp; oracle/oracle/code/client/vmachine.cpp	src/boundary/sp/cgame/syscalls/CG_CM_POINTCONTENTS.rs	single-file assignment; preserve Raven comments; add args/output source locations
src/boundary/sp/cgame/syscalls/CG_CM_REGISTER_TERRAIN.rs	SP cgame	call	module_to_engine	syscall	CG_CM_REGISTER_TERRAIN	port_args_output	oracle/oracle/code/cgame/cg_public.h; oracle/oracle/code/client/vmachine.h	oracle/oracle/code/cgame/cg_syscalls.c; oracle/oracle/code/cgame/cg_local.h; oracle/oracle/code/client/cl_cgame.cpp; oracle/oracle/code/client/vmachine.cpp	src/boundary/sp/cgame/syscalls/CG_CM_REGISTER_TERRAIN.rs	single-file assignment; preserve Raven comments; add args/output source locations
src/boundary/sp/cgame/syscalls/CG_CM_SNAPPVS.rs	SP cgame	call	module_to_engine	syscall	CG_CM_SNAPPVS	port_args_output	oracle/oracle/code/cgame/cg_public.h; oracle/oracle/code/client/vmachine.h	oracle/oracle/code/cgame/cg_syscalls.c; oracle/oracle/code/cgame/cg_local.h; oracle/oracle/code/client/cl_cgame.cpp; oracle/oracle/code/client/vmachine.cpp	src/boundary/sp/cgame/syscalls/CG_CM_SNAPPVS.rs	single-file assignment; preserve Raven comments; add args/output source locations
src/boundary/sp/cgame/syscalls/CG_CM_TEMPBOXMODEL.rs	SP cgame	call	module_to_engine	syscall	CG_CM_TEMPBOXMODEL	port_args_output	oracle/oracle/code/cgame/cg_public.h; oracle/oracle/code/client/vmachine.h	oracle/oracle/code/cgame/cg_syscalls.c; oracle/oracle/code/cgame/cg_local.h; oracle/oracle/code/client/cl_cgame.cpp; oracle/oracle/code/client/vmachine.cpp	src/boundary/sp/cgame/syscalls/CG_CM_TEMPBOXMODEL.rs	single-file assignment; preserve Raven comments; add args/output source locations
src/boundary/sp/cgame/syscalls/CG_CM_TRANSFORMEDBOXTRACE.rs	SP cgame	call	module_to_engine	syscall	CG_CM_TRANSFORMEDBOXTRACE	port_args_output	oracle/oracle/code/cgame/cg_public.h; oracle/oracle/code/client/vmachine.h	oracle/oracle/code/cgame/cg_syscalls.c; oracle/oracle/code/cgame/cg_local.h; oracle/oracle/code/client/cl_cgame.cpp; oracle/oracle/code/client/vmachine.cpp	src/boundary/sp/cgame/syscalls/CG_CM_TRANSFORMEDBOXTRACE.rs	single-file assignment; preserve Raven comments; add args/output source locations
src/boundary/sp/cgame/syscalls/CG_CM_TRANSFORMEDPOINTCONTENTS.rs	SP cgame	call	module_to_engine	syscall	CG_CM_TRANSFORMEDPOINTCONTENTS	port_args_output	oracle/oracle/code/cgame/cg_public.h; oracle/oracle/code/client/vmachine.h	oracle/oracle/code/cgame/cg_syscalls.c; oracle/oracle/code/cgame/cg_local.h; oracle/oracle/code/client/cl_cgame.cpp; oracle/oracle/code/client/vmachine.cpp	src/boundary/sp/cgame/syscalls/CG_CM_TRANSFORMEDPOINTCONTENTS.rs	single-file assignment; preserve Raven comments; add args/output source locations
src/boundary/sp/cgame/syscalls/CG_CVAR_REGISTER.rs	SP cgame	call	module_to_engine	syscall	CG_CVAR_REGISTER	port_args_output	oracle/oracle/code/cgame/cg_public.h; oracle/oracle/code/client/vmachine.h	oracle/oracle/code/cgame/cg_syscalls.c; oracle/oracle/code/cgame/cg_local.h; oracle/oracle/code/client/cl_cgame.cpp; oracle/oracle/code/client/vmachine.cpp	src/boundary/sp/cgame/syscalls/CG_CVAR_REGISTER.rs	single-file assignment; preserve Raven comments; add args/output source locations
src/boundary/sp/cgame/syscalls/CG_CVAR_SET.rs	SP cgame	call	module_to_engine	syscall	CG_CVAR_SET	port_args_output	oracle/oracle/code/cgame/cg_public.h; oracle/oracle/code/client/vmachine.h	oracle/oracle/code/cgame/cg_syscalls.c; oracle/oracle/code/cgame/cg_local.h; oracle/oracle/code/client/cl_cgame.cpp; oracle/oracle/code/client/vmachine.cpp	src/boundary/sp/cgame/syscalls/CG_CVAR_SET.rs	single-file assignment; preserve Raven comments; add args/output source locations
src/boundary/sp/cgame/syscalls/CG_CVAR_UPDATE.rs	SP cgame	call	module_to_engine	syscall	CG_CVAR_UPDATE	port_args_output	oracle/oracle/code/cgame/cg_public.h; oracle/oracle/code/client/vmachine.h	oracle/oracle/code/cgame/cg_syscalls.c; oracle/oracle/code/cgame/cg_local.h; oracle/oracle/code/client/cl_cgame.cpp; oracle/oracle/code/client/vmachine.cpp	src/boundary/sp/cgame/syscalls/CG_CVAR_UPDATE.rs	single-file assignment; preserve Raven comments; add args/output source locations
src/boundary/sp/cgame/syscalls/CG_ERROR.rs	SP cgame	call	module_to_engine	syscall	CG_ERROR	port_args_output	oracle/oracle/code/cgame/cg_public.h; oracle/oracle/code/client/vmachine.h	oracle/oracle/code/cgame/cg_syscalls.c; oracle/oracle/code/cgame/cg_local.h; oracle/oracle/code/client/cl_cgame.cpp; oracle/oracle/code/client/vmachine.cpp	src/boundary/sp/cgame/syscalls/CG_ERROR.rs	single-file assignment; preserve Raven comments; add args/output source locations
src/boundary/sp/cgame/syscalls/CG_FF_ENSUREFX.rs	SP cgame	call	module_to_engine	syscall	CG_FF_ENSUREFX	port_args_output	oracle/oracle/code/cgame/cg_public.h; oracle/oracle/code/client/vmachine.h	oracle/oracle/code/cgame/cg_syscalls.c; oracle/oracle/code/cgame/cg_local.h; oracle/oracle/code/client/cl_cgame.cpp; oracle/oracle/code/client/vmachine.cpp	src/boundary/sp/cgame/syscalls/CG_FF_ENSUREFX.rs	single-file assignment; preserve Raven comments; add args/output source locations
src/boundary/sp/cgame/syscalls/CG_FF_STARTFX.rs	SP cgame	call	module_to_engine	syscall	CG_FF_STARTFX	port_args_output	oracle/oracle/code/cgame/cg_public.h; oracle/oracle/code/client/vmachine.h	oracle/oracle/code/cgame/cg_syscalls.c; oracle/oracle/code/cgame/cg_local.h; oracle/oracle/code/client/cl_cgame.cpp; oracle/oracle/code/client/vmachine.cpp	src/boundary/sp/cgame/syscalls/CG_FF_STARTFX.rs	single-file assignment; preserve Raven comments; add args/output source locations
src/boundary/sp/cgame/syscalls/CG_FF_STOPALLFX.rs	SP cgame	call	module_to_engine	syscall	CG_FF_STOPALLFX	port_args_output	oracle/oracle/code/cgame/cg_public.h; oracle/oracle/code/client/vmachine.h	oracle/oracle/code/cgame/cg_syscalls.c; oracle/oracle/code/cgame/cg_local.h; oracle/oracle/code/client/cl_cgame.cpp; oracle/oracle/code/client/vmachine.cpp	src/boundary/sp/cgame/syscalls/CG_FF_STOPALLFX.rs	single-file assignment; preserve Raven comments; add args/output source locations
src/boundary/sp/cgame/syscalls/CG_FF_STOPFX.rs	SP cgame	call	module_to_engine	syscall	CG_FF_STOPFX	port_args_output	oracle/oracle/code/cgame/cg_public.h; oracle/oracle/code/client/vmachine.h	oracle/oracle/code/cgame/cg_syscalls.c; oracle/oracle/code/cgame/cg_local.h; oracle/oracle/code/client/cl_cgame.cpp; oracle/oracle/code/client/vmachine.cpp	src/boundary/sp/cgame/syscalls/CG_FF_STOPFX.rs	single-file assignment; preserve Raven comments; add args/output source locations
src/boundary/sp/cgame/syscalls/CG_FS_FCLOSEFILE.rs	SP cgame	call	module_to_engine	syscall	CG_FS_FCLOSEFILE	port_args_output	oracle/oracle/code/cgame/cg_public.h; oracle/oracle/code/client/vmachine.h	oracle/oracle/code/cgame/cg_syscalls.c; oracle/oracle/code/cgame/cg_local.h; oracle/oracle/code/client/cl_cgame.cpp; oracle/oracle/code/client/vmachine.cpp	src/boundary/sp/cgame/syscalls/CG_FS_FCLOSEFILE.rs	single-file assignment; preserve Raven comments; add args/output source locations
src/boundary/sp/cgame/syscalls/CG_FS_FOPENFILE.rs	SP cgame	call	module_to_engine	syscall	CG_FS_FOPENFILE	port_args_output	oracle/oracle/code/cgame/cg_public.h; oracle/oracle/code/client/vmachine.h	oracle/oracle/code/cgame/cg_syscalls.c; oracle/oracle/code/cgame/cg_local.h; oracle/oracle/code/client/cl_cgame.cpp; oracle/oracle/code/client/vmachine.cpp	src/boundary/sp/cgame/syscalls/CG_FS_FOPENFILE.rs	single-file assignment; preserve Raven comments; add args/output source locations
src/boundary/sp/cgame/syscalls/CG_FS_READ.rs	SP cgame	call	module_to_engine	syscall	CG_FS_READ	port_args_output	oracle/oracle/code/cgame/cg_public.h; oracle/oracle/code/client/vmachine.h	oracle/oracle/code/cgame/cg_syscalls.c; oracle/oracle/code/cgame/cg_local.h; oracle/oracle/code/client/cl_cgame.cpp; oracle/oracle/code/client/vmachine.cpp	src/boundary/sp/cgame/syscalls/CG_FS_READ.rs	single-file assignment; preserve Raven comments; add args/output source locations
src/boundary/sp/cgame/syscalls/CG_FS_WRITE.rs	SP cgame	call	module_to_engine	syscall	CG_FS_WRITE	port_args_output	oracle/oracle/code/cgame/cg_public.h; oracle/oracle/code/client/vmachine.h	oracle/oracle/code/cgame/cg_syscalls.c; oracle/oracle/code/cgame/cg_local.h; oracle/oracle/code/client/cl_cgame.cpp; oracle/oracle/code/client/vmachine.cpp	src/boundary/sp/cgame/syscalls/CG_FS_WRITE.rs	single-file assignment; preserve Raven comments; add args/output source locations
src/boundary/sp/cgame/syscalls/CG_G2_HAVEWEGHOULMODELS.rs	SP cgame	call	module_to_engine	syscall	CG_G2_HAVEWEGHOULMODELS	port_args_output	oracle/oracle/code/cgame/cg_public.h; oracle/oracle/code/client/vmachine.h	oracle/oracle/code/cgame/cg_syscalls.c; oracle/oracle/code/cgame/cg_local.h; oracle/oracle/code/client/cl_cgame.cpp; oracle/oracle/code/client/vmachine.cpp	src/boundary/sp/cgame/syscalls/CG_G2_HAVEWEGHOULMODELS.rs	single-file assignment; preserve Raven comments; add args/output source locations
src/boundary/sp/cgame/syscalls/CG_G2_LISTBONES.rs	SP cgame	call	module_to_engine	syscall	CG_G2_LISTBONES	port_args_output	oracle/oracle/code/cgame/cg_public.h; oracle/oracle/code/client/vmachine.h	oracle/oracle/code/cgame/cg_syscalls.c; oracle/oracle/code/cgame/cg_local.h; oracle/oracle/code/client/cl_cgame.cpp; oracle/oracle/code/client/vmachine.cpp	src/boundary/sp/cgame/syscalls/CG_G2_LISTBONES.rs	single-file assignment; preserve Raven comments; add args/output source locations
src/boundary/sp/cgame/syscalls/CG_G2_LISTSURFACES.rs	SP cgame	call	module_to_engine	syscall	CG_G2_LISTSURFACES	port_args_output	oracle/oracle/code/cgame/cg_public.h; oracle/oracle/code/client/vmachine.h	oracle/oracle/code/cgame/cg_syscalls.c; oracle/oracle/code/cgame/cg_local.h; oracle/oracle/code/client/cl_cgame.cpp; oracle/oracle/code/client/vmachine.cpp	src/boundary/sp/cgame/syscalls/CG_G2_LISTSURFACES.rs	single-file assignment; preserve Raven comments; add args/output source locations
src/boundary/sp/cgame/syscalls/CG_G2_SETMODELS.rs	SP cgame	call	module_to_engine	syscall	CG_G2_SETMODELS	port_args_output	oracle/oracle/code/cgame/cg_public.h; oracle/oracle/code/client/vmachine.h	oracle/oracle/code/cgame/cg_syscalls.c; oracle/oracle/code/cgame/cg_local.h; oracle/oracle/code/client/cl_cgame.cpp; oracle/oracle/code/client/vmachine.cpp	src/boundary/sp/cgame/syscalls/CG_G2_SETMODELS.rs	single-file assignment; preserve Raven comments; add args/output source locations
src/boundary/sp/cgame/syscalls/CG_GETCURRENTCMDNUMBER.rs	SP cgame	call	module_to_engine	syscall	CG_GETCURRENTCMDNUMBER	port_args_output	oracle/oracle/code/cgame/cg_public.h; oracle/oracle/code/client/vmachine.h	oracle/oracle/code/cgame/cg_syscalls.c; oracle/oracle/code/cgame/cg_local.h; oracle/oracle/code/client/cl_cgame.cpp; oracle/oracle/code/client/vmachine.cpp	src/boundary/sp/cgame/syscalls/CG_GETCURRENTCMDNUMBER.rs	single-file assignment; preserve Raven comments; add args/output source locations
src/boundary/sp/cgame/syscalls/CG_GETCURRENTSNAPSHOTNUMBER.rs	SP cgame	call	module_to_engine	syscall	CG_GETCURRENTSNAPSHOTNUMBER	port_args_output	oracle/oracle/code/cgame/cg_public.h; oracle/oracle/code/client/vmachine.h	oracle/oracle/code/cgame/cg_syscalls.c; oracle/oracle/code/cgame/cg_local.h; oracle/oracle/code/client/cl_cgame.cpp; oracle/oracle/code/client/vmachine.cpp	src/boundary/sp/cgame/syscalls/CG_GETCURRENTSNAPSHOTNUMBER.rs	single-file assignment; preserve Raven comments; add args/output source locations
src/boundary/sp/cgame/syscalls/CG_GETDEFAULTSTATE.rs	SP cgame	call	module_to_engine	syscall	CG_GETDEFAULTSTATE	port_args_output	oracle/oracle/code/cgame/cg_public.h; oracle/oracle/code/client/vmachine.h	oracle/oracle/code/cgame/cg_syscalls.c; oracle/oracle/code/cgame/cg_local.h; oracle/oracle/code/client/cl_cgame.cpp; oracle/oracle/code/client/vmachine.cpp	src/boundary/sp/cgame/syscalls/CG_GETDEFAULTSTATE.rs	single-file assignment; preserve Raven comments; add args/output source locations
src/boundary/sp/cgame/syscalls/CG_GETGAMESTATE.rs	SP cgame	call	module_to_engine	syscall	CG_GETGAMESTATE	port_args_output	oracle/oracle/code/cgame/cg_public.h; oracle/oracle/code/client/vmachine.h	oracle/oracle/code/cgame/cg_syscalls.c; oracle/oracle/code/cgame/cg_local.h; oracle/oracle/code/client/cl_cgame.cpp; oracle/oracle/code/client/vmachine.cpp	src/boundary/sp/cgame/syscalls/CG_GETGAMESTATE.rs	single-file assignment; preserve Raven comments; add args/output source locations
src/boundary/sp/cgame/syscalls/CG_GETGLCONFIG.rs	SP cgame	call	module_to_engine	syscall	CG_GETGLCONFIG	port_args_output	oracle/oracle/code/cgame/cg_public.h; oracle/oracle/code/client/vmachine.h	oracle/oracle/code/cgame/cg_syscalls.c; oracle/oracle/code/cgame/cg_local.h; oracle/oracle/code/client/cl_cgame.cpp; oracle/oracle/code/client/vmachine.cpp	src/boundary/sp/cgame/syscalls/CG_GETGLCONFIG.rs	single-file assignment; preserve Raven comments; add args/output source locations
src/boundary/sp/cgame/syscalls/CG_GETSERVERCOMMAND.rs	SP cgame	call	module_to_engine	syscall	CG_GETSERVERCOMMAND	port_args_output	oracle/oracle/code/cgame/cg_public.h; oracle/oracle/code/client/vmachine.h	oracle/oracle/code/cgame/cg_syscalls.c; oracle/oracle/code/cgame/cg_local.h; oracle/oracle/code/client/cl_cgame.cpp; oracle/oracle/code/client/vmachine.cpp	src/boundary/sp/cgame/syscalls/CG_GETSERVERCOMMAND.rs	single-file assignment; preserve Raven comments; add args/output source locations
src/boundary/sp/cgame/syscalls/CG_GETSNAPSHOT.rs	SP cgame	call	module_to_engine	syscall	CG_GETSNAPSHOT	port_args_output	oracle/oracle/code/cgame/cg_public.h; oracle/oracle/code/client/vmachine.h	oracle/oracle/code/cgame/cg_syscalls.c; oracle/oracle/code/cgame/cg_local.h; oracle/oracle/code/client/cl_cgame.cpp; oracle/oracle/code/client/vmachine.cpp	src/boundary/sp/cgame/syscalls/CG_GETSNAPSHOT.rs	single-file assignment; preserve Raven comments; add args/output source locations
src/boundary/sp/cgame/syscalls/CG_GETUSERCMD.rs	SP cgame	call	module_to_engine	syscall	CG_GETUSERCMD	port_args_output	oracle/oracle/code/cgame/cg_public.h; oracle/oracle/code/client/vmachine.h	oracle/oracle/code/cgame/cg_syscalls.c; oracle/oracle/code/cgame/cg_local.h; oracle/oracle/code/client/cl_cgame.cpp; oracle/oracle/code/client/vmachine.cpp	src/boundary/sp/cgame/syscalls/CG_GETUSERCMD.rs	single-file assignment; preserve Raven comments; add args/output source locations
src/boundary/sp/cgame/syscalls/CG_LANGUAGE_ISASIAN.rs	SP cgame	call	module_to_engine	syscall	CG_LANGUAGE_ISASIAN	port_args_output	oracle/oracle/code/cgame/cg_public.h; oracle/oracle/code/client/vmachine.h	oracle/oracle/code/cgame/cg_syscalls.c; oracle/oracle/code/cgame/cg_local.h; oracle/oracle/code/client/cl_cgame.cpp; oracle/oracle/code/client/vmachine.cpp	src/boundary/sp/cgame/syscalls/CG_LANGUAGE_ISASIAN.rs	single-file assignment; preserve Raven comments; add args/output source locations
src/boundary/sp/cgame/syscalls/CG_LANGUAGE_USESSPACES.rs	SP cgame	call	module_to_engine	syscall	CG_LANGUAGE_USESSPACES	port_args_output	oracle/oracle/code/cgame/cg_public.h; oracle/oracle/code/client/vmachine.h	oracle/oracle/code/cgame/cg_syscalls.c; oracle/oracle/code/cgame/cg_local.h; oracle/oracle/code/client/cl_cgame.cpp; oracle/oracle/code/client/vmachine.cpp	src/boundary/sp/cgame/syscalls/CG_LANGUAGE_USESSPACES.rs	single-file assignment; preserve Raven comments; add args/output source locations
src/boundary/sp/cgame/syscalls/CG_MILLISECONDS.rs	SP cgame	call	module_to_engine	syscall	CG_MILLISECONDS	port_args_output	oracle/oracle/code/cgame/cg_public.h; oracle/oracle/code/client/vmachine.h	oracle/oracle/code/cgame/cg_syscalls.c; oracle/oracle/code/cgame/cg_local.h; oracle/oracle/code/client/cl_cgame.cpp; oracle/oracle/code/client/vmachine.cpp	src/boundary/sp/cgame/syscalls/CG_MILLISECONDS.rs	single-file assignment; preserve Raven comments; add args/output source locations
src/boundary/sp/cgame/syscalls/CG_PRINT.rs	SP cgame	call	module_to_engine	syscall	CG_PRINT	port_args_output	oracle/oracle/code/cgame/cg_public.h; oracle/oracle/code/client/vmachine.h	oracle/oracle/code/cgame/cg_syscalls.c; oracle/oracle/code/cgame/cg_local.h; oracle/oracle/code/client/cl_cgame.cpp; oracle/oracle/code/client/vmachine.cpp	src/boundary/sp/cgame/syscalls/CG_PRINT.rs	single-file assignment; preserve Raven comments; add args/output source locations
src/boundary/sp/cgame/syscalls/CG_RE_INIT_RENDERER_TERRAIN.rs	SP cgame	call	module_to_engine	syscall	CG_RE_INIT_RENDERER_TERRAIN	port_args_output	oracle/oracle/code/cgame/cg_public.h; oracle/oracle/code/client/vmachine.h	oracle/oracle/code/cgame/cg_syscalls.c; oracle/oracle/code/cgame/cg_local.h; oracle/oracle/code/client/cl_cgame.cpp; oracle/oracle/code/client/vmachine.cpp	src/boundary/sp/cgame/syscalls/CG_RE_INIT_RENDERER_TERRAIN.rs	single-file assignment; preserve Raven comments; add args/output source locations
src/boundary/sp/cgame/syscalls/CG_RMG_INIT.rs	SP cgame	call	module_to_engine	syscall	CG_RMG_INIT	port_args_output	oracle/oracle/code/cgame/cg_public.h; oracle/oracle/code/client/vmachine.h	oracle/oracle/code/cgame/cg_syscalls.c; oracle/oracle/code/cgame/cg_local.h; oracle/oracle/code/client/cl_cgame.cpp; oracle/oracle/code/client/vmachine.cpp	src/boundary/sp/cgame/syscalls/CG_RMG_INIT.rs	single-file assignment; preserve Raven comments; add args/output source locations
src/boundary/sp/cgame/syscalls/CG_R_ADDLIGHTTOSCENE.rs	SP cgame	call	module_to_engine	syscall	CG_R_ADDLIGHTTOSCENE	port_args_output	oracle/oracle/code/cgame/cg_public.h; oracle/oracle/code/client/vmachine.h	oracle/oracle/code/cgame/cg_syscalls.c; oracle/oracle/code/cgame/cg_local.h; oracle/oracle/code/client/cl_cgame.cpp; oracle/oracle/code/client/vmachine.cpp	src/boundary/sp/cgame/syscalls/CG_R_ADDLIGHTTOSCENE.rs	single-file assignment; preserve Raven comments; add args/output source locations
src/boundary/sp/cgame/syscalls/CG_R_ADDPOLYTOSCENE.rs	SP cgame	call	module_to_engine	syscall	CG_R_ADDPOLYTOSCENE	port_args_output	oracle/oracle/code/cgame/cg_public.h; oracle/oracle/code/client/vmachine.h	oracle/oracle/code/cgame/cg_syscalls.c; oracle/oracle/code/cgame/cg_local.h; oracle/oracle/code/client/cl_cgame.cpp; oracle/oracle/code/client/vmachine.cpp	src/boundary/sp/cgame/syscalls/CG_R_ADDPOLYTOSCENE.rs	single-file assignment; preserve Raven comments; add args/output source locations
src/boundary/sp/cgame/syscalls/CG_R_ADDREFENTITYTOSCENE.rs	SP cgame	call	module_to_engine	syscall	CG_R_ADDREFENTITYTOSCENE	port_args_output	oracle/oracle/code/cgame/cg_public.h; oracle/oracle/code/client/vmachine.h	oracle/oracle/code/cgame/cg_syscalls.c; oracle/oracle/code/cgame/cg_local.h; oracle/oracle/code/client/cl_cgame.cpp; oracle/oracle/code/client/vmachine.cpp	src/boundary/sp/cgame/syscalls/CG_R_ADDREFENTITYTOSCENE.rs	single-file assignment; preserve Raven comments; add args/output source locations
src/boundary/sp/cgame/syscalls/CG_R_CLEARSCENE.rs	SP cgame	call	module_to_engine	syscall	CG_R_CLEARSCENE	port_args_output	oracle/oracle/code/cgame/cg_public.h; oracle/oracle/code/client/vmachine.h	oracle/oracle/code/cgame/cg_syscalls.c; oracle/oracle/code/cgame/cg_local.h; oracle/oracle/code/client/cl_cgame.cpp; oracle/oracle/code/client/vmachine.cpp	src/boundary/sp/cgame/syscalls/CG_R_CLEARSCENE.rs	single-file assignment; preserve Raven comments; add args/output source locations
src/boundary/sp/cgame/syscalls/CG_R_DRAWROTATEPIC.rs	SP cgame	call	module_to_engine	syscall	CG_R_DRAWROTATEPIC	port_args_output	oracle/oracle/code/cgame/cg_public.h; oracle/oracle/code/client/vmachine.h	oracle/oracle/code/cgame/cg_syscalls.c; oracle/oracle/code/cgame/cg_local.h; oracle/oracle/code/client/cl_cgame.cpp; oracle/oracle/code/client/vmachine.cpp	src/boundary/sp/cgame/syscalls/CG_R_DRAWROTATEPIC.rs	single-file assignment; preserve Raven comments; add args/output source locations
src/boundary/sp/cgame/syscalls/CG_R_DRAWROTATEPIC2.rs	SP cgame	call	module_to_engine	syscall	CG_R_DRAWROTATEPIC2	port_args_output	oracle/oracle/code/cgame/cg_public.h; oracle/oracle/code/client/vmachine.h	oracle/oracle/code/cgame/cg_syscalls.c; oracle/oracle/code/cgame/cg_local.h; oracle/oracle/code/client/cl_cgame.cpp; oracle/oracle/code/client/vmachine.cpp	src/boundary/sp/cgame/syscalls/CG_R_DRAWROTATEPIC2.rs	single-file assignment; preserve Raven comments; add args/output source locations
src/boundary/sp/cgame/syscalls/CG_R_DRAWSTRETCHPIC.rs	SP cgame	call	module_to_engine	syscall	CG_R_DRAWSTRETCHPIC	port_args_output	oracle/oracle/code/cgame/cg_public.h; oracle/oracle/code/client/vmachine.h	oracle/oracle/code/cgame/cg_syscalls.c; oracle/oracle/code/cgame/cg_local.h; oracle/oracle/code/client/cl_cgame.cpp; oracle/oracle/code/client/vmachine.cpp	src/boundary/sp/cgame/syscalls/CG_R_DRAWSTRETCHPIC.rs	single-file assignment; preserve Raven comments; add args/output source locations
src/boundary/sp/cgame/syscalls/CG_R_FONTDRAWSTRING.rs	SP cgame	call	module_to_engine	syscall	CG_R_FONTDRAWSTRING	port_args_output	oracle/oracle/code/cgame/cg_public.h; oracle/oracle/code/client/vmachine.h	oracle/oracle/code/cgame/cg_syscalls.c; oracle/oracle/code/cgame/cg_local.h; oracle/oracle/code/client/cl_cgame.cpp; oracle/oracle/code/client/vmachine.cpp	src/boundary/sp/cgame/syscalls/CG_R_FONTDRAWSTRING.rs	single-file assignment; preserve Raven comments; add args/output source locations
src/boundary/sp/cgame/syscalls/CG_R_FONTHEIGHTPIXELS.rs	SP cgame	call	module_to_engine	syscall	CG_R_FONTHEIGHTPIXELS	port_args_output	oracle/oracle/code/cgame/cg_public.h; oracle/oracle/code/client/vmachine.h	oracle/oracle/code/cgame/cg_syscalls.c; oracle/oracle/code/cgame/cg_local.h; oracle/oracle/code/client/cl_cgame.cpp; oracle/oracle/code/client/vmachine.cpp	src/boundary/sp/cgame/syscalls/CG_R_FONTHEIGHTPIXELS.rs	single-file assignment; preserve Raven comments; add args/output source locations
src/boundary/sp/cgame/syscalls/CG_R_FONTSTRLENCHARS.rs	SP cgame	call	module_to_engine	syscall	CG_R_FONTSTRLENCHARS	port_args_output	oracle/oracle/code/cgame/cg_public.h; oracle/oracle/code/client/vmachine.h	oracle/oracle/code/cgame/cg_syscalls.c; oracle/oracle/code/cgame/cg_local.h; oracle/oracle/code/client/cl_cgame.cpp; oracle/oracle/code/client/vmachine.cpp	src/boundary/sp/cgame/syscalls/CG_R_FONTSTRLENCHARS.rs	single-file assignment; preserve Raven comments; add args/output source locations
src/boundary/sp/cgame/syscalls/CG_R_FONTSTRLENPIXELS.rs	SP cgame	call	module_to_engine	syscall	CG_R_FONTSTRLENPIXELS	port_args_output	oracle/oracle/code/cgame/cg_public.h; oracle/oracle/code/client/vmachine.h	oracle/oracle/code/cgame/cg_syscalls.c; oracle/oracle/code/cgame/cg_local.h; oracle/oracle/code/client/cl_cgame.cpp; oracle/oracle/code/client/vmachine.cpp	src/boundary/sp/cgame/syscalls/CG_R_FONTSTRLENPIXELS.rs	single-file assignment; preserve Raven comments; add args/output source locations
src/boundary/sp/cgame/syscalls/CG_R_GETLIGHTING.rs	SP cgame	call	module_to_engine	syscall	CG_R_GETLIGHTING	port_args_output	oracle/oracle/code/cgame/cg_public.h; oracle/oracle/code/client/vmachine.h	oracle/oracle/code/cgame/cg_syscalls.c; oracle/oracle/code/cgame/cg_local.h; oracle/oracle/code/client/cl_cgame.cpp; oracle/oracle/code/client/vmachine.cpp	src/boundary/sp/cgame/syscalls/CG_R_GETLIGHTING.rs	single-file assignment; preserve Raven comments; add args/output source locations
src/boundary/sp/cgame/syscalls/CG_R_GET_BMODEL_VERTS.rs	SP cgame	call	module_to_engine	syscall	CG_R_GET_BMODEL_VERTS	port_args_output	oracle/oracle/code/cgame/cg_public.h; oracle/oracle/code/client/vmachine.h	oracle/oracle/code/cgame/cg_syscalls.c; oracle/oracle/code/cgame/cg_local.h; oracle/oracle/code/client/cl_cgame.cpp; oracle/oracle/code/client/vmachine.cpp	src/boundary/sp/cgame/syscalls/CG_R_GET_BMODEL_VERTS.rs	single-file assignment; preserve Raven comments; add args/output source locations
src/boundary/sp/cgame/syscalls/CG_R_GET_LIGHT_STYLE.rs	SP cgame	call	module_to_engine	syscall	CG_R_GET_LIGHT_STYLE	port_args_output	oracle/oracle/code/cgame/cg_public.h; oracle/oracle/code/client/vmachine.h	oracle/oracle/code/cgame/cg_syscalls.c; oracle/oracle/code/cgame/cg_local.h; oracle/oracle/code/client/cl_cgame.cpp; oracle/oracle/code/client/vmachine.cpp	src/boundary/sp/cgame/syscalls/CG_R_GET_LIGHT_STYLE.rs	single-file assignment; preserve Raven comments; add args/output source locations
src/boundary/sp/cgame/syscalls/CG_R_INPVS.rs	SP cgame	call	module_to_engine	syscall	CG_R_INPVS	port_args_output	oracle/oracle/code/cgame/cg_public.h; oracle/oracle/code/client/vmachine.h	oracle/oracle/code/cgame/cg_syscalls.c; oracle/oracle/code/cgame/cg_local.h; oracle/oracle/code/client/cl_cgame.cpp; oracle/oracle/code/client/vmachine.cpp	src/boundary/sp/cgame/syscalls/CG_R_INPVS.rs	single-file assignment; preserve Raven comments; add args/output source locations
src/boundary/sp/cgame/syscalls/CG_R_LA_GOGGLES.rs	SP cgame	call	module_to_engine	syscall	CG_R_LA_GOGGLES	port_args_output	oracle/oracle/code/cgame/cg_public.h; oracle/oracle/code/client/vmachine.h	oracle/oracle/code/cgame/cg_syscalls.c; oracle/oracle/code/cgame/cg_local.h; oracle/oracle/code/client/cl_cgame.cpp; oracle/oracle/code/client/vmachine.cpp	src/boundary/sp/cgame/syscalls/CG_R_LA_GOGGLES.rs	single-file assignment; preserve Raven comments; add args/output source locations
src/boundary/sp/cgame/syscalls/CG_R_LERPTAG.rs	SP cgame	call	module_to_engine	syscall	CG_R_LERPTAG	port_args_output	oracle/oracle/code/cgame/cg_public.h; oracle/oracle/code/client/vmachine.h	oracle/oracle/code/cgame/cg_syscalls.c; oracle/oracle/code/cgame/cg_local.h; oracle/oracle/code/client/cl_cgame.cpp; oracle/oracle/code/client/vmachine.cpp	src/boundary/sp/cgame/syscalls/CG_R_LERPTAG.rs	single-file assignment; preserve Raven comments; add args/output source locations
src/boundary/sp/cgame/syscalls/CG_R_LOADWORLDMAP.rs	SP cgame	call	module_to_engine	syscall	CG_R_LOADWORLDMAP	port_args_output	oracle/oracle/code/cgame/cg_public.h; oracle/oracle/code/client/vmachine.h	oracle/oracle/code/cgame/cg_syscalls.c; oracle/oracle/code/cgame/cg_local.h; oracle/oracle/code/client/cl_cgame.cpp; oracle/oracle/code/client/vmachine.cpp	src/boundary/sp/cgame/syscalls/CG_R_LOADWORLDMAP.rs	single-file assignment; preserve Raven comments; add args/output source locations
src/boundary/sp/cgame/syscalls/CG_R_MODELBOUNDS.rs	SP cgame	call	module_to_engine	syscall	CG_R_MODELBOUNDS	port_args_output	oracle/oracle/code/cgame/cg_public.h; oracle/oracle/code/client/vmachine.h	oracle/oracle/code/cgame/cg_syscalls.c; oracle/oracle/code/cgame/cg_local.h; oracle/oracle/code/client/cl_cgame.cpp; oracle/oracle/code/client/vmachine.cpp	src/boundary/sp/cgame/syscalls/CG_R_MODELBOUNDS.rs	single-file assignment; preserve Raven comments; add args/output source locations
src/boundary/sp/cgame/syscalls/CG_R_REGISTERFONT.rs	SP cgame	call	module_to_engine	syscall	CG_R_REGISTERFONT	port_args_output	oracle/oracle/code/cgame/cg_public.h; oracle/oracle/code/client/vmachine.h	oracle/oracle/code/cgame/cg_syscalls.c; oracle/oracle/code/cgame/cg_local.h; oracle/oracle/code/client/cl_cgame.cpp; oracle/oracle/code/client/vmachine.cpp	src/boundary/sp/cgame/syscalls/CG_R_REGISTERFONT.rs	single-file assignment; preserve Raven comments; add args/output source locations
src/boundary/sp/cgame/syscalls/CG_R_REGISTERMODEL.rs	SP cgame	call	module_to_engine	syscall	CG_R_REGISTERMODEL	port_args_output	oracle/oracle/code/cgame/cg_public.h; oracle/oracle/code/client/vmachine.h	oracle/oracle/code/cgame/cg_syscalls.c; oracle/oracle/code/cgame/cg_local.h; oracle/oracle/code/client/cl_cgame.cpp; oracle/oracle/code/client/vmachine.cpp	src/boundary/sp/cgame/syscalls/CG_R_REGISTERMODEL.rs	single-file assignment; preserve Raven comments; add args/output source locations
src/boundary/sp/cgame/syscalls/CG_R_REGISTERSHADER.rs	SP cgame	call	module_to_engine	syscall	CG_R_REGISTERSHADER	port_args_output	oracle/oracle/code/cgame/cg_public.h; oracle/oracle/code/client/vmachine.h	oracle/oracle/code/cgame/cg_syscalls.c; oracle/oracle/code/cgame/cg_local.h; oracle/oracle/code/client/cl_cgame.cpp; oracle/oracle/code/client/vmachine.cpp	src/boundary/sp/cgame/syscalls/CG_R_REGISTERSHADER.rs	single-file assignment; preserve Raven comments; add args/output source locations
src/boundary/sp/cgame/syscalls/CG_R_REGISTERSHADERNOMIP.rs	SP cgame	call	module_to_engine	syscall	CG_R_REGISTERSHADERNOMIP	port_args_output	oracle/oracle/code/cgame/cg_public.h; oracle/oracle/code/client/vmachine.h	oracle/oracle/code/cgame/cg_syscalls.c; oracle/oracle/code/cgame/cg_local.h; oracle/oracle/code/client/cl_cgame.cpp; oracle/oracle/code/client/vmachine.cpp	src/boundary/sp/cgame/syscalls/CG_R_REGISTERSHADERNOMIP.rs	single-file assignment; preserve Raven comments; add args/output source locations
src/boundary/sp/cgame/syscalls/CG_R_REGISTERSKIN.rs	SP cgame	call	module_to_engine	syscall	CG_R_REGISTERSKIN	port_args_output	oracle/oracle/code/cgame/cg_public.h; oracle/oracle/code/client/vmachine.h	oracle/oracle/code/cgame/cg_syscalls.c; oracle/oracle/code/cgame/cg_local.h; oracle/oracle/code/client/cl_cgame.cpp; oracle/oracle/code/client/vmachine.cpp	src/boundary/sp/cgame/syscalls/CG_R_REGISTERSKIN.rs	single-file assignment; preserve Raven comments; add args/output source locations
src/boundary/sp/cgame/syscalls/CG_R_RENDERSCENE.rs	SP cgame	call	module_to_engine	syscall	CG_R_RENDERSCENE	port_args_output	oracle/oracle/code/cgame/cg_public.h; oracle/oracle/code/client/vmachine.h	oracle/oracle/code/cgame/cg_syscalls.c; oracle/oracle/code/cgame/cg_local.h; oracle/oracle/code/client/cl_cgame.cpp; oracle/oracle/code/client/vmachine.cpp	src/boundary/sp/cgame/syscalls/CG_R_RENDERSCENE.rs	single-file assignment; preserve Raven comments; add args/output source locations
src/boundary/sp/cgame/syscalls/CG_R_SCISSOR.rs	SP cgame	call	module_to_engine	syscall	CG_R_SCISSOR	port_args_output	oracle/oracle/code/cgame/cg_public.h; oracle/oracle/code/client/vmachine.h	oracle/oracle/code/cgame/cg_syscalls.c; oracle/oracle/code/cgame/cg_local.h; oracle/oracle/code/client/cl_cgame.cpp; oracle/oracle/code/client/vmachine.cpp	src/boundary/sp/cgame/syscalls/CG_R_SCISSOR.rs	single-file assignment; preserve Raven comments; add args/output source locations
src/boundary/sp/cgame/syscalls/CG_R_SETCOLOR.rs	SP cgame	call	module_to_engine	syscall	CG_R_SETCOLOR	port_args_output	oracle/oracle/code/cgame/cg_public.h; oracle/oracle/code/client/vmachine.h	oracle/oracle/code/cgame/cg_syscalls.c; oracle/oracle/code/cgame/cg_local.h; oracle/oracle/code/client/cl_cgame.cpp; oracle/oracle/code/client/vmachine.cpp	src/boundary/sp/cgame/syscalls/CG_R_SETCOLOR.rs	single-file assignment; preserve Raven comments; add args/output source locations
src/boundary/sp/cgame/syscalls/CG_R_SETRANGEFOG.rs	SP cgame	call	module_to_engine	syscall	CG_R_SETRANGEFOG	port_args_output	oracle/oracle/code/cgame/cg_public.h; oracle/oracle/code/client/vmachine.h	oracle/oracle/code/cgame/cg_syscalls.c; oracle/oracle/code/cgame/cg_local.h; oracle/oracle/code/client/cl_cgame.cpp; oracle/oracle/code/client/vmachine.cpp	src/boundary/sp/cgame/syscalls/CG_R_SETRANGEFOG.rs	single-file assignment; preserve Raven comments; add args/output source locations
src/boundary/sp/cgame/syscalls/CG_R_SETREFRACTIONPROP.rs	SP cgame	call	module_to_engine	syscall	CG_R_SETREFRACTIONPROP	port_args_output	oracle/oracle/code/cgame/cg_public.h; oracle/oracle/code/client/vmachine.h	oracle/oracle/code/cgame/cg_syscalls.c; oracle/oracle/code/cgame/cg_local.h; oracle/oracle/code/client/cl_cgame.cpp; oracle/oracle/code/client/vmachine.cpp	src/boundary/sp/cgame/syscalls/CG_R_SETREFRACTIONPROP.rs	single-file assignment; preserve Raven comments; add args/output source locations
src/boundary/sp/cgame/syscalls/CG_R_SET_LIGHT_STYLE.rs	SP cgame	call	module_to_engine	syscall	CG_R_SET_LIGHT_STYLE	port_args_output	oracle/oracle/code/cgame/cg_public.h; oracle/oracle/code/client/vmachine.h	oracle/oracle/code/cgame/cg_syscalls.c; oracle/oracle/code/cgame/cg_local.h; oracle/oracle/code/client/cl_cgame.cpp; oracle/oracle/code/client/vmachine.cpp	src/boundary/sp/cgame/syscalls/CG_R_SET_LIGHT_STYLE.rs	single-file assignment; preserve Raven comments; add args/output source locations
src/boundary/sp/cgame/syscalls/CG_R_WORLD_EFFECT_COMMAND.rs	SP cgame	call	module_to_engine	syscall	CG_R_WORLD_EFFECT_COMMAND	port_args_output	oracle/oracle/code/cgame/cg_public.h; oracle/oracle/code/client/vmachine.h	oracle/oracle/code/cgame/cg_syscalls.c; oracle/oracle/code/cgame/cg_local.h; oracle/oracle/code/client/cl_cgame.cpp; oracle/oracle/code/client/vmachine.cpp	src/boundary/sp/cgame/syscalls/CG_R_WORLD_EFFECT_COMMAND.rs	single-file assignment; preserve Raven comments; add args/output source locations
src/boundary/sp/cgame/syscalls/CG_SENDCLIENTCOMMAND.rs	SP cgame	call	module_to_engine	syscall	CG_SENDCLIENTCOMMAND	port_args_output	oracle/oracle/code/cgame/cg_public.h; oracle/oracle/code/client/vmachine.h	oracle/oracle/code/cgame/cg_syscalls.c; oracle/oracle/code/cgame/cg_local.h; oracle/oracle/code/client/cl_cgame.cpp; oracle/oracle/code/client/vmachine.cpp	src/boundary/sp/cgame/syscalls/CG_SENDCLIENTCOMMAND.rs	single-file assignment; preserve Raven comments; add args/output source locations
src/boundary/sp/cgame/syscalls/CG_SENDCONSOLECOMMAND.rs	SP cgame	call	module_to_engine	syscall	CG_SENDCONSOLECOMMAND	port_args_output	oracle/oracle/code/cgame/cg_public.h; oracle/oracle/code/client/vmachine.h	oracle/oracle/code/cgame/cg_syscalls.c; oracle/oracle/code/cgame/cg_local.h; oracle/oracle/code/client/cl_cgame.cpp; oracle/oracle/code/client/vmachine.cpp	src/boundary/sp/cgame/syscalls/CG_SENDCONSOLECOMMAND.rs	single-file assignment; preserve Raven comments; add args/output source locations
src/boundary/sp/cgame/syscalls/CG_SETUSERCMDANGLES.rs	SP cgame	call	module_to_engine	syscall	CG_SETUSERCMDANGLES	port_args_output	oracle/oracle/code/cgame/cg_public.h; oracle/oracle/code/client/vmachine.h	oracle/oracle/code/cgame/cg_syscalls.c; oracle/oracle/code/cgame/cg_local.h; oracle/oracle/code/client/cl_cgame.cpp; oracle/oracle/code/client/vmachine.cpp	src/boundary/sp/cgame/syscalls/CG_SETUSERCMDANGLES.rs	single-file assignment; preserve Raven comments; add args/output source locations
src/boundary/sp/cgame/syscalls/CG_SETUSERCMDVALUE.rs	SP cgame	call	module_to_engine	syscall	CG_SETUSERCMDVALUE	port_args_output	oracle/oracle/code/cgame/cg_public.h; oracle/oracle/code/client/vmachine.h	oracle/oracle/code/cgame/cg_syscalls.c; oracle/oracle/code/cgame/cg_local.h; oracle/oracle/code/client/cl_cgame.cpp; oracle/oracle/code/client/vmachine.cpp	src/boundary/sp/cgame/syscalls/CG_SETUSERCMDVALUE.rs	single-file assignment; preserve Raven comments; add args/output source locations
src/boundary/sp/cgame/syscalls/CG_SP_GETSTRINGTEXTSTRING.rs	SP cgame	call	module_to_engine	syscall	CG_SP_GETSTRINGTEXTSTRING	port_args_output	oracle/oracle/code/cgame/cg_public.h; oracle/oracle/code/client/vmachine.h	oracle/oracle/code/cgame/cg_syscalls.c; oracle/oracle/code/cgame/cg_local.h; oracle/oracle/code/client/cl_cgame.cpp; oracle/oracle/code/client/vmachine.cpp	src/boundary/sp/cgame/syscalls/CG_SP_GETSTRINGTEXTSTRING.rs	single-file assignment; preserve Raven comments; add args/output source locations
src/boundary/sp/cgame/syscalls/CG_S_ADDLOCALSET.rs	SP cgame	call	module_to_engine	syscall	CG_S_ADDLOCALSET	port_args_output	oracle/oracle/code/cgame/cg_public.h; oracle/oracle/code/client/vmachine.h	oracle/oracle/code/cgame/cg_syscalls.c; oracle/oracle/code/cgame/cg_local.h; oracle/oracle/code/client/cl_cgame.cpp; oracle/oracle/code/client/vmachine.cpp	src/boundary/sp/cgame/syscalls/CG_S_ADDLOCALSET.rs	single-file assignment; preserve Raven comments; add args/output source locations
src/boundary/sp/cgame/syscalls/CG_S_ADDLOOPINGSOUND.rs	SP cgame	call	module_to_engine	syscall	CG_S_ADDLOOPINGSOUND	port_args_output	oracle/oracle/code/cgame/cg_public.h; oracle/oracle/code/client/vmachine.h	oracle/oracle/code/cgame/cg_syscalls.c; oracle/oracle/code/cgame/cg_local.h; oracle/oracle/code/client/cl_cgame.cpp; oracle/oracle/code/client/vmachine.cpp	src/boundary/sp/cgame/syscalls/CG_S_ADDLOOPINGSOUND.rs	single-file assignment; preserve Raven comments; add args/output source locations
src/boundary/sp/cgame/syscalls/CG_S_CLEARLOOPINGSOUNDS.rs	SP cgame	call	module_to_engine	syscall	CG_S_CLEARLOOPINGSOUNDS	port_args_output	oracle/oracle/code/cgame/cg_public.h; oracle/oracle/code/client/vmachine.h	oracle/oracle/code/cgame/cg_syscalls.c; oracle/oracle/code/cgame/cg_local.h; oracle/oracle/code/client/cl_cgame.cpp; oracle/oracle/code/client/vmachine.cpp	src/boundary/sp/cgame/syscalls/CG_S_CLEARLOOPINGSOUNDS.rs	single-file assignment; preserve Raven comments; add args/output source locations
src/boundary/sp/cgame/syscalls/CG_S_GETSAMPLELENGTH.rs	SP cgame	call	module_to_engine	syscall	CG_S_GETSAMPLELENGTH	port_args_output	oracle/oracle/code/cgame/cg_public.h; oracle/oracle/code/client/vmachine.h	oracle/oracle/code/cgame/cg_syscalls.c; oracle/oracle/code/cgame/cg_local.h; oracle/oracle/code/client/cl_cgame.cpp; oracle/oracle/code/client/vmachine.cpp	src/boundary/sp/cgame/syscalls/CG_S_GETSAMPLELENGTH.rs	single-file assignment; preserve Raven comments; add args/output source locations
src/boundary/sp/cgame/syscalls/CG_S_REGISTERSOUND.rs	SP cgame	call	module_to_engine	syscall	CG_S_REGISTERSOUND	port_args_output	oracle/oracle/code/cgame/cg_public.h; oracle/oracle/code/client/vmachine.h	oracle/oracle/code/cgame/cg_syscalls.c; oracle/oracle/code/cgame/cg_local.h; oracle/oracle/code/client/cl_cgame.cpp; oracle/oracle/code/client/vmachine.cpp	src/boundary/sp/cgame/syscalls/CG_S_REGISTERSOUND.rs	single-file assignment; preserve Raven comments; add args/output source locations
src/boundary/sp/cgame/syscalls/CG_S_RESPATIALIZE.rs	SP cgame	call	module_to_engine	syscall	CG_S_RESPATIALIZE	port_args_output	oracle/oracle/code/cgame/cg_public.h; oracle/oracle/code/client/vmachine.h	oracle/oracle/code/cgame/cg_syscalls.c; oracle/oracle/code/cgame/cg_local.h; oracle/oracle/code/client/cl_cgame.cpp; oracle/oracle/code/client/vmachine.cpp	src/boundary/sp/cgame/syscalls/CG_S_RESPATIALIZE.rs	single-file assignment; preserve Raven comments; add args/output source locations
src/boundary/sp/cgame/syscalls/CG_S_STARTBACKGROUNDTRACK.rs	SP cgame	call	module_to_engine	syscall	CG_S_STARTBACKGROUNDTRACK	port_args_output	oracle/oracle/code/cgame/cg_public.h; oracle/oracle/code/client/vmachine.h	oracle/oracle/code/cgame/cg_syscalls.c; oracle/oracle/code/cgame/cg_local.h; oracle/oracle/code/client/cl_cgame.cpp; oracle/oracle/code/client/vmachine.cpp	src/boundary/sp/cgame/syscalls/CG_S_STARTBACKGROUNDTRACK.rs	single-file assignment; preserve Raven comments; add args/output source locations
src/boundary/sp/cgame/syscalls/CG_S_STARTLOCALSOUND.rs	SP cgame	call	module_to_engine	syscall	CG_S_STARTLOCALSOUND	port_args_output	oracle/oracle/code/cgame/cg_public.h; oracle/oracle/code/client/vmachine.h	oracle/oracle/code/cgame/cg_syscalls.c; oracle/oracle/code/cgame/cg_local.h; oracle/oracle/code/client/cl_cgame.cpp; oracle/oracle/code/client/vmachine.cpp	src/boundary/sp/cgame/syscalls/CG_S_STARTLOCALSOUND.rs	single-file assignment; preserve Raven comments; add args/output source locations
src/boundary/sp/cgame/syscalls/CG_S_STARTSOUND.rs	SP cgame	call	module_to_engine	syscall	CG_S_STARTSOUND	port_args_output	oracle/oracle/code/cgame/cg_public.h; oracle/oracle/code/client/vmachine.h	oracle/oracle/code/cgame/cg_syscalls.c; oracle/oracle/code/cgame/cg_local.h; oracle/oracle/code/client/cl_cgame.cpp; oracle/oracle/code/client/vmachine.cpp	src/boundary/sp/cgame/syscalls/CG_S_STARTSOUND.rs	single-file assignment; preserve Raven comments; add args/output source locations
src/boundary/sp/cgame/syscalls/CG_S_STOPSOUNDS.rs	SP cgame	call	module_to_engine	syscall	CG_S_STOPSOUNDS	port_args_output	oracle/oracle/code/cgame/cg_public.h; oracle/oracle/code/client/vmachine.h	oracle/oracle/code/cgame/cg_syscalls.c; oracle/oracle/code/cgame/cg_local.h; oracle/oracle/code/client/cl_cgame.cpp; oracle/oracle/code/client/vmachine.cpp	src/boundary/sp/cgame/syscalls/CG_S_STOPSOUNDS.rs	single-file assignment; preserve Raven comments; add args/output source locations
src/boundary/sp/cgame/syscalls/CG_S_UPDATEAMBIENTSET.rs	SP cgame	call	module_to_engine	syscall	CG_S_UPDATEAMBIENTSET	port_args_output	oracle/oracle/code/cgame/cg_public.h; oracle/oracle/code/client/vmachine.h	oracle/oracle/code/cgame/cg_syscalls.c; oracle/oracle/code/cgame/cg_local.h; oracle/oracle/code/client/cl_cgame.cpp; oracle/oracle/code/client/vmachine.cpp	src/boundary/sp/cgame/syscalls/CG_S_UPDATEAMBIENTSET.rs	single-file assignment; preserve Raven comments; add args/output source locations
src/boundary/sp/cgame/syscalls/CG_S_UPDATEENTITYPOSITION.rs	SP cgame	call	module_to_engine	syscall	CG_S_UPDATEENTITYPOSITION	port_args_output	oracle/oracle/code/cgame/cg_public.h; oracle/oracle/code/client/vmachine.h	oracle/oracle/code/cgame/cg_syscalls.c; oracle/oracle/code/cgame/cg_local.h; oracle/oracle/code/client/cl_cgame.cpp; oracle/oracle/code/client/vmachine.cpp	src/boundary/sp/cgame/syscalls/CG_S_UPDATEENTITYPOSITION.rs	single-file assignment; preserve Raven comments; add args/output source locations
src/boundary/sp/cgame/syscalls/CG_UI_ENDPARSESESSION.rs	SP cgame	call	module_to_engine	syscall	CG_UI_ENDPARSESESSION	port_args_output	oracle/oracle/code/cgame/cg_public.h; oracle/oracle/code/client/vmachine.h	oracle/oracle/code/cgame/cg_syscalls.c; oracle/oracle/code/cgame/cg_local.h; oracle/oracle/code/client/cl_cgame.cpp; oracle/oracle/code/client/vmachine.cpp	src/boundary/sp/cgame/syscalls/CG_UI_ENDPARSESESSION.rs	single-file assignment; preserve Raven comments; add args/output source locations
src/boundary/sp/cgame/syscalls/CG_UI_GETITEMINFO.rs	SP cgame	call	module_to_engine	syscall	CG_UI_GETITEMINFO	port_args_output	oracle/oracle/code/cgame/cg_public.h; oracle/oracle/code/client/vmachine.h	oracle/oracle/code/cgame/cg_syscalls.c; oracle/oracle/code/cgame/cg_local.h; oracle/oracle/code/client/cl_cgame.cpp; oracle/oracle/code/client/vmachine.cpp	src/boundary/sp/cgame/syscalls/CG_UI_GETITEMINFO.rs	single-file assignment; preserve Raven comments; add args/output source locations
src/boundary/sp/cgame/syscalls/CG_UI_GETITEMTEXT.rs	SP cgame	call	module_to_engine	syscall	CG_UI_GETITEMTEXT	port_args_output	oracle/oracle/code/cgame/cg_public.h; oracle/oracle/code/client/vmachine.h	oracle/oracle/code/cgame/cg_syscalls.c; oracle/oracle/code/cgame/cg_local.h; oracle/oracle/code/client/cl_cgame.cpp; oracle/oracle/code/client/vmachine.cpp	src/boundary/sp/cgame/syscalls/CG_UI_GETITEMTEXT.rs	single-file assignment; preserve Raven comments; add args/output source locations
src/boundary/sp/cgame/syscalls/CG_UI_GETMENUINFO.rs	SP cgame	call	module_to_engine	syscall	CG_UI_GETMENUINFO	port_args_output	oracle/oracle/code/cgame/cg_public.h; oracle/oracle/code/client/vmachine.h	oracle/oracle/code/cgame/cg_syscalls.c; oracle/oracle/code/cgame/cg_local.h; oracle/oracle/code/client/cl_cgame.cpp; oracle/oracle/code/client/vmachine.cpp	src/boundary/sp/cgame/syscalls/CG_UI_GETMENUINFO.rs	single-file assignment; preserve Raven comments; add args/output source locations
src/boundary/sp/cgame/syscalls/CG_UI_MENUCLOSE_ALL.rs	SP cgame	call	module_to_engine	syscall	CG_UI_MENUCLOSE_ALL	port_args_output	oracle/oracle/code/cgame/cg_public.h; oracle/oracle/code/client/vmachine.h	oracle/oracle/code/cgame/cg_syscalls.c; oracle/oracle/code/cgame/cg_local.h; oracle/oracle/code/client/cl_cgame.cpp; oracle/oracle/code/client/vmachine.cpp	src/boundary/sp/cgame/syscalls/CG_UI_MENUCLOSE_ALL.rs	single-file assignment; preserve Raven comments; add args/output source locations
src/boundary/sp/cgame/syscalls/CG_UI_MENUPAINT_ALL.rs	SP cgame	call	module_to_engine	syscall	CG_UI_MENUPAINT_ALL	port_args_output	oracle/oracle/code/cgame/cg_public.h; oracle/oracle/code/client/vmachine.h	oracle/oracle/code/cgame/cg_syscalls.c; oracle/oracle/code/cgame/cg_local.h; oracle/oracle/code/client/cl_cgame.cpp; oracle/oracle/code/client/vmachine.cpp	src/boundary/sp/cgame/syscalls/CG_UI_MENUPAINT_ALL.rs	single-file assignment; preserve Raven comments; add args/output source locations
src/boundary/sp/cgame/syscalls/CG_UI_MENU_NEW.rs	SP cgame	call	module_to_engine	syscall	CG_UI_MENU_NEW	port_args_output	oracle/oracle/code/cgame/cg_public.h; oracle/oracle/code/client/vmachine.h	oracle/oracle/code/cgame/cg_syscalls.c; oracle/oracle/code/cgame/cg_local.h; oracle/oracle/code/client/cl_cgame.cpp; oracle/oracle/code/client/vmachine.cpp	src/boundary/sp/cgame/syscalls/CG_UI_MENU_NEW.rs	single-file assignment; preserve Raven comments; add args/output source locations
src/boundary/sp/cgame/syscalls/CG_UI_MENU_OPENBYNAME.rs	SP cgame	call	module_to_engine	syscall	CG_UI_MENU_OPENBYNAME	port_args_output	oracle/oracle/code/cgame/cg_public.h; oracle/oracle/code/client/vmachine.h	oracle/oracle/code/cgame/cg_syscalls.c; oracle/oracle/code/cgame/cg_local.h; oracle/oracle/code/client/cl_cgame.cpp; oracle/oracle/code/client/vmachine.cpp	src/boundary/sp/cgame/syscalls/CG_UI_MENU_OPENBYNAME.rs	single-file assignment; preserve Raven comments; add args/output source locations
src/boundary/sp/cgame/syscalls/CG_UI_MENU_RESET.rs	SP cgame	call	module_to_engine	syscall	CG_UI_MENU_RESET	port_args_output	oracle/oracle/code/cgame/cg_public.h; oracle/oracle/code/client/vmachine.h	oracle/oracle/code/cgame/cg_syscalls.c; oracle/oracle/code/cgame/cg_local.h; oracle/oracle/code/client/cl_cgame.cpp; oracle/oracle/code/client/vmachine.cpp	src/boundary/sp/cgame/syscalls/CG_UI_MENU_RESET.rs	single-file assignment; preserve Raven comments; add args/output source locations
src/boundary/sp/cgame/syscalls/CG_UI_PARSEEXT.rs	SP cgame	call	module_to_engine	syscall	CG_UI_PARSEEXT	port_args_output	oracle/oracle/code/cgame/cg_public.h; oracle/oracle/code/client/vmachine.h	oracle/oracle/code/cgame/cg_syscalls.c; oracle/oracle/code/cgame/cg_local.h; oracle/oracle/code/client/cl_cgame.cpp; oracle/oracle/code/client/vmachine.cpp	src/boundary/sp/cgame/syscalls/CG_UI_PARSEEXT.rs	single-file assignment; preserve Raven comments; add args/output source locations
src/boundary/sp/cgame/syscalls/CG_UI_PARSE_FLOAT.rs	SP cgame	call	module_to_engine	syscall	CG_UI_PARSE_FLOAT	port_args_output	oracle/oracle/code/cgame/cg_public.h; oracle/oracle/code/client/vmachine.h	oracle/oracle/code/cgame/cg_syscalls.c; oracle/oracle/code/cgame/cg_local.h; oracle/oracle/code/client/cl_cgame.cpp; oracle/oracle/code/client/vmachine.cpp	src/boundary/sp/cgame/syscalls/CG_UI_PARSE_FLOAT.rs	single-file assignment; preserve Raven comments; add args/output source locations
src/boundary/sp/cgame/syscalls/CG_UI_PARSE_INT.rs	SP cgame	call	module_to_engine	syscall	CG_UI_PARSE_INT	port_args_output	oracle/oracle/code/cgame/cg_public.h; oracle/oracle/code/client/vmachine.h	oracle/oracle/code/cgame/cg_syscalls.c; oracle/oracle/code/cgame/cg_local.h; oracle/oracle/code/client/cl_cgame.cpp; oracle/oracle/code/client/vmachine.cpp	src/boundary/sp/cgame/syscalls/CG_UI_PARSE_INT.rs	single-file assignment; preserve Raven comments; add args/output source locations
src/boundary/sp/cgame/syscalls/CG_UI_PARSE_STRING.rs	SP cgame	call	module_to_engine	syscall	CG_UI_PARSE_STRING	port_args_output	oracle/oracle/code/cgame/cg_public.h; oracle/oracle/code/client/vmachine.h	oracle/oracle/code/cgame/cg_syscalls.c; oracle/oracle/code/cgame/cg_local.h; oracle/oracle/code/client/cl_cgame.cpp; oracle/oracle/code/client/vmachine.cpp	src/boundary/sp/cgame/syscalls/CG_UI_PARSE_STRING.rs	single-file assignment; preserve Raven comments; add args/output source locations
src/boundary/sp/cgame/syscalls/CG_UI_SETACTIVE_MENU.rs	SP cgame	call	module_to_engine	syscall	CG_UI_SETACTIVE_MENU	port_args_output	oracle/oracle/code/cgame/cg_public.h; oracle/oracle/code/client/vmachine.h	oracle/oracle/code/cgame/cg_syscalls.c; oracle/oracle/code/cgame/cg_local.h; oracle/oracle/code/client/cl_cgame.cpp; oracle/oracle/code/client/vmachine.cpp	src/boundary/sp/cgame/syscalls/CG_UI_SETACTIVE_MENU.rs	single-file assignment; preserve Raven comments; add args/output source locations
src/boundary/sp/cgame/syscalls/CG_UI_STARTPARSESESSION.rs	SP cgame	call	module_to_engine	syscall	CG_UI_STARTPARSESESSION	port_args_output	oracle/oracle/code/cgame/cg_public.h; oracle/oracle/code/client/vmachine.h	oracle/oracle/code/cgame/cg_syscalls.c; oracle/oracle/code/cgame/cg_local.h; oracle/oracle/code/client/cl_cgame.cpp; oracle/oracle/code/client/vmachine.cpp	src/boundary/sp/cgame/syscalls/CG_UI_STARTPARSESESSION.rs	single-file assignment; preserve Raven comments; add args/output source locations
src/boundary/sp/cgame/syscalls/CG_UI_STRING_INIT.rs	SP cgame	call	module_to_engine	syscall	CG_UI_STRING_INIT	port_args_output	oracle/oracle/code/cgame/cg_public.h; oracle/oracle/code/client/vmachine.h	oracle/oracle/code/cgame/cg_syscalls.c; oracle/oracle/code/cgame/cg_local.h; oracle/oracle/code/client/cl_cgame.cpp; oracle/oracle/code/client/vmachine.cpp	src/boundary/sp/cgame/syscalls/CG_UI_STRING_INIT.rs	single-file assignment; preserve Raven comments; add args/output source locations
src/boundary/sp/cgame/syscalls/CG_UPDATESCREEN.rs	SP cgame	call	module_to_engine	syscall	CG_UPDATESCREEN	port_args_output	oracle/oracle/code/cgame/cg_public.h; oracle/oracle/code/client/vmachine.h	oracle/oracle/code/cgame/cg_syscalls.c; oracle/oracle/code/cgame/cg_local.h; oracle/oracle/code/client/cl_cgame.cpp; oracle/oracle/code/client/vmachine.cpp	src/boundary/sp/cgame/syscalls/CG_UPDATESCREEN.rs	single-file assignment; preserve Raven comments; add args/output source locations
src/boundary/sp/cgame/syscalls/CG_Z_FREE.rs	SP cgame	call	module_to_engine	syscall	CG_Z_FREE	port_args_output	oracle/oracle/code/cgame/cg_public.h; oracle/oracle/code/client/vmachine.h	oracle/oracle/code/cgame/cg_syscalls.c; oracle/oracle/code/cgame/cg_local.h; oracle/oracle/code/client/cl_cgame.cpp; oracle/oracle/code/client/vmachine.cpp	src/boundary/sp/cgame/syscalls/CG_Z_FREE.rs	single-file assignment; preserve Raven comments; add args/output source locations
src/boundary/sp/cgame/syscalls/CG_Z_MALLOC.rs	SP cgame	call	module_to_engine	syscall	CG_Z_MALLOC	port_args_output	oracle/oracle/code/cgame/cg_public.h; oracle/oracle/code/client/vmachine.h	oracle/oracle/code/cgame/cg_syscalls.c; oracle/oracle/code/cgame/cg_local.h; oracle/oracle/code/client/cl_cgame.cpp; oracle/oracle/code/client/vmachine.cpp	src/boundary/sp/cgame/syscalls/CG_Z_MALLOC.rs	single-file assignment; preserve Raven comments; add args/output source locations
src/boundary/sp/cgame/syscalls/COM_SETORGANGLES.rs	SP cgame	call	module_to_engine	syscall	COM_SETORGANGLES	port_args_output	oracle/oracle/code/cgame/cg_public.h; oracle/oracle/code/client/vmachine.h	oracle/oracle/code/cgame/cg_syscalls.c; oracle/oracle/code/cgame/cg_local.h; oracle/oracle/code/client/cl_cgame.cpp; oracle/oracle/code/client/vmachine.cpp	src/boundary/sp/cgame/syscalls/COM_SETORGANGLES.rs	single-file assignment; preserve Raven comments; add args/output source locations
src/boundary/sp/cgame/vmcalls/CG_CAMERA_ANG.rs	SP cgame	call	engine_to_module	vmMain	CG_CAMERA_ANG	port_args_output	oracle/oracle/code/cgame/cg_public.h; oracle/oracle/code/client/vmachine.h	oracle/oracle/code/cgame/cg_main.cpp; oracle/oracle/code/client/*.cpp; oracle/oracle/code/server/*.cpp; oracle/oracle/code/ghoul2/*.cpp	src/boundary/sp/cgame/vmcalls/CG_CAMERA_ANG.rs	single-file assignment; preserve Raven comments; add args/output source locations
src/boundary/sp/cgame/vmcalls/CG_CAMERA_POS.rs	SP cgame	call	engine_to_module	vmMain	CG_CAMERA_POS	port_args_output	oracle/oracle/code/cgame/cg_public.h; oracle/oracle/code/client/vmachine.h	oracle/oracle/code/cgame/cg_main.cpp; oracle/oracle/code/client/*.cpp; oracle/oracle/code/server/*.cpp; oracle/oracle/code/ghoul2/*.cpp	src/boundary/sp/cgame/vmcalls/CG_CAMERA_POS.rs	single-file assignment; preserve Raven comments; add args/output source locations
src/boundary/sp/cgame/vmcalls/CG_CONSOLE_COMMAND.rs	SP cgame	call	engine_to_module	vmMain	CG_CONSOLE_COMMAND	port_args_output	oracle/oracle/code/cgame/cg_public.h; oracle/oracle/code/client/vmachine.h	oracle/oracle/code/cgame/cg_main.cpp; oracle/oracle/code/client/*.cpp; oracle/oracle/code/server/*.cpp; oracle/oracle/code/ghoul2/*.cpp	src/boundary/sp/cgame/vmcalls/CG_CONSOLE_COMMAND.rs	single-file assignment; preserve Raven comments; add args/output source locations
src/boundary/sp/cgame/vmcalls/CG_CROSSHAIR_PLAYER.rs	SP cgame	call	engine_to_module	vmMain	CG_CROSSHAIR_PLAYER	port_args_output	oracle/oracle/code/cgame/cg_public.h; oracle/oracle/code/client/vmachine.h	oracle/oracle/code/cgame/cg_main.cpp; oracle/oracle/code/client/*.cpp; oracle/oracle/code/server/*.cpp; oracle/oracle/code/ghoul2/*.cpp	src/boundary/sp/cgame/vmcalls/CG_CROSSHAIR_PLAYER.rs	single-file assignment; preserve Raven comments; add args/output source locations
src/boundary/sp/cgame/vmcalls/CG_DRAW_ACTIVE_FRAME.rs	SP cgame	call	engine_to_module	vmMain	CG_DRAW_ACTIVE_FRAME	port_args_output	oracle/oracle/code/cgame/cg_public.h; oracle/oracle/code/client/vmachine.h	oracle/oracle/code/cgame/cg_main.cpp; oracle/oracle/code/client/*.cpp; oracle/oracle/code/server/*.cpp; oracle/oracle/code/ghoul2/*.cpp	src/boundary/sp/cgame/vmcalls/CG_DRAW_ACTIVE_FRAME.rs	single-file assignment; preserve Raven comments; add args/output source locations
src/boundary/sp/cgame/vmcalls/CG_DRAW_DATAPAD_FORCEPOWERS.rs	SP cgame	call	engine_to_module	vmMain	CG_DRAW_DATAPAD_FORCEPOWERS	port_args_output	oracle/oracle/code/cgame/cg_public.h; oracle/oracle/code/client/vmachine.h	oracle/oracle/code/cgame/cg_main.cpp; oracle/oracle/code/client/*.cpp; oracle/oracle/code/server/*.cpp; oracle/oracle/code/ghoul2/*.cpp	src/boundary/sp/cgame/vmcalls/CG_DRAW_DATAPAD_FORCEPOWERS.rs	single-file assignment; preserve Raven comments; add args/output source locations
src/boundary/sp/cgame/vmcalls/CG_DRAW_DATAPAD_HUD.rs	SP cgame	call	engine_to_module	vmMain	CG_DRAW_DATAPAD_HUD	port_args_output	oracle/oracle/code/cgame/cg_public.h; oracle/oracle/code/client/vmachine.h	oracle/oracle/code/cgame/cg_main.cpp; oracle/oracle/code/client/*.cpp; oracle/oracle/code/server/*.cpp; oracle/oracle/code/ghoul2/*.cpp	src/boundary/sp/cgame/vmcalls/CG_DRAW_DATAPAD_HUD.rs	single-file assignment; preserve Raven comments; add args/output source locations
src/boundary/sp/cgame/vmcalls/CG_DRAW_DATAPAD_INVENTORY.rs	SP cgame	call	engine_to_module	vmMain	CG_DRAW_DATAPAD_INVENTORY	port_args_output	oracle/oracle/code/cgame/cg_public.h; oracle/oracle/code/client/vmachine.h	oracle/oracle/code/cgame/cg_main.cpp; oracle/oracle/code/client/*.cpp; oracle/oracle/code/server/*.cpp; oracle/oracle/code/ghoul2/*.cpp	src/boundary/sp/cgame/vmcalls/CG_DRAW_DATAPAD_INVENTORY.rs	single-file assignment; preserve Raven comments; add args/output source locations
src/boundary/sp/cgame/vmcalls/CG_DRAW_DATAPAD_OBJECTIVES.rs	SP cgame	call	engine_to_module	vmMain	CG_DRAW_DATAPAD_OBJECTIVES	port_args_output	oracle/oracle/code/cgame/cg_public.h; oracle/oracle/code/client/vmachine.h	oracle/oracle/code/cgame/cg_main.cpp; oracle/oracle/code/client/*.cpp; oracle/oracle/code/server/*.cpp; oracle/oracle/code/ghoul2/*.cpp	src/boundary/sp/cgame/vmcalls/CG_DRAW_DATAPAD_OBJECTIVES.rs	single-file assignment; preserve Raven comments; add args/output source locations
src/boundary/sp/cgame/vmcalls/CG_DRAW_DATAPAD_WEAPONS.rs	SP cgame	call	engine_to_module	vmMain	CG_DRAW_DATAPAD_WEAPONS	port_args_output	oracle/oracle/code/cgame/cg_public.h; oracle/oracle/code/client/vmachine.h	oracle/oracle/code/cgame/cg_main.cpp; oracle/oracle/code/client/*.cpp; oracle/oracle/code/server/*.cpp; oracle/oracle/code/ghoul2/*.cpp	src/boundary/sp/cgame/vmcalls/CG_DRAW_DATAPAD_WEAPONS.rs	single-file assignment; preserve Raven comments; add args/output source locations
src/boundary/sp/cgame/vmcalls/CG_INIT.rs	SP cgame	call	engine_to_module	vmMain	CG_INIT	port_args_output	oracle/oracle/code/cgame/cg_public.h; oracle/oracle/code/client/vmachine.h	oracle/oracle/code/cgame/cg_main.cpp; oracle/oracle/code/client/*.cpp; oracle/oracle/code/server/*.cpp; oracle/oracle/code/ghoul2/*.cpp	src/boundary/sp/cgame/vmcalls/CG_INIT.rs	single-file assignment; preserve Raven comments; add args/output source locations
src/boundary/sp/cgame/vmcalls/CG_RESIZE_G2.rs	SP cgame	call	engine_to_module	vmMain	CG_RESIZE_G2	port_args_output	oracle/oracle/code/cgame/cg_public.h; oracle/oracle/code/client/vmachine.h	oracle/oracle/code/cgame/cg_main.cpp; oracle/oracle/code/client/*.cpp; oracle/oracle/code/server/*.cpp; oracle/oracle/code/ghoul2/*.cpp	src/boundary/sp/cgame/vmcalls/CG_RESIZE_G2.rs	single-file assignment; preserve Raven comments; add args/output source locations
src/boundary/sp/cgame/vmcalls/CG_RESIZE_G2_BOLT.rs	SP cgame	call	engine_to_module	vmMain	CG_RESIZE_G2_BOLT	port_args_output	oracle/oracle/code/cgame/cg_public.h; oracle/oracle/code/client/vmachine.h	oracle/oracle/code/cgame/cg_main.cpp; oracle/oracle/code/client/*.cpp; oracle/oracle/code/server/*.cpp; oracle/oracle/code/ghoul2/*.cpp	src/boundary/sp/cgame/vmcalls/CG_RESIZE_G2_BOLT.rs	single-file assignment; preserve Raven comments; add args/output source locations
src/boundary/sp/cgame/vmcalls/CG_RESIZE_G2_BONE.rs	SP cgame	call	engine_to_module	vmMain	CG_RESIZE_G2_BONE	port_args_output	oracle/oracle/code/cgame/cg_public.h; oracle/oracle/code/client/vmachine.h	oracle/oracle/code/cgame/cg_main.cpp; oracle/oracle/code/client/*.cpp; oracle/oracle/code/server/*.cpp; oracle/oracle/code/ghoul2/*.cpp	src/boundary/sp/cgame/vmcalls/CG_RESIZE_G2_BONE.rs	single-file assignment; preserve Raven comments; add args/output source locations
src/boundary/sp/cgame/vmcalls/CG_RESIZE_G2_SURFACE.rs	SP cgame	call	engine_to_module	vmMain	CG_RESIZE_G2_SURFACE	port_args_output	oracle/oracle/code/cgame/cg_public.h; oracle/oracle/code/client/vmachine.h	oracle/oracle/code/cgame/cg_main.cpp; oracle/oracle/code/client/*.cpp; oracle/oracle/code/server/*.cpp; oracle/oracle/code/ghoul2/*.cpp	src/boundary/sp/cgame/vmcalls/CG_RESIZE_G2_SURFACE.rs	single-file assignment; preserve Raven comments; add args/output source locations
src/boundary/sp/cgame/vmcalls/CG_RESIZE_G2_TEMPBONE.rs	SP cgame	call	engine_to_module	vmMain	CG_RESIZE_G2_TEMPBONE	port_args_output	oracle/oracle/code/cgame/cg_public.h; oracle/oracle/code/client/vmachine.h	oracle/oracle/code/cgame/cg_main.cpp; oracle/oracle/code/client/*.cpp; oracle/oracle/code/server/*.cpp; oracle/oracle/code/ghoul2/*.cpp	src/boundary/sp/cgame/vmcalls/CG_RESIZE_G2_TEMPBONE.rs	single-file assignment; preserve Raven comments; add args/output source locations
src/boundary/sp/cgame/vmcalls/CG_SHUTDOWN.rs	SP cgame	call	engine_to_module	vmMain	CG_SHUTDOWN	port_args_output	oracle/oracle/code/cgame/cg_public.h; oracle/oracle/code/client/vmachine.h	oracle/oracle/code/cgame/cg_main.cpp; oracle/oracle/code/client/*.cpp; oracle/oracle/code/server/*.cpp; oracle/oracle/code/ghoul2/*.cpp	src/boundary/sp/cgame/vmcalls/CG_SHUTDOWN.rs	single-file assignment; preserve Raven comments; add args/output source locations
src/boundary/sp/ui/exports.rs	SP UI	enum	engine_to_module	vmMain	*Export enum vocabulary*	out_of_scope_no_enum_export	oracle/oracle/code/ui/ui_public.h	oracle/oracle/code/ui/ui_public.h	src/boundary/sp/ui/exports.rs	single-file assignment; preserve Raven comments; add args/output source locations
src/boundary/sp/ui/imports.rs	SP UI	enum	module_to_engine	syscall	*Import enum vocabulary*	validate_enum_values_and_comments	oracle/oracle/code/ui/ui_public.h	oracle/oracle/code/ui/ui_public.h	src/boundary/sp/ui/imports.rs	single-file assignment; preserve Raven comments; add args/output source locations
src/boundary/sp/ui/syscalls/UI_ARGC.rs	SP UI	call	module_to_engine	syscall	UI_ARGC	port_args_output	oracle/oracle/code/ui/ui_public.h	oracle/oracle/code/ui/ui_public.h; oracle/oracle/code/client/cl_ui.cpp; function-table ABI intentionally out of scope	src/boundary/sp/ui/syscalls/UI_ARGC.rs	single-file assignment; preserve Raven comments; add args/output source locations
src/boundary/sp/ui/syscalls/UI_ARGV.rs	SP UI	call	module_to_engine	syscall	UI_ARGV	port_args_output	oracle/oracle/code/ui/ui_public.h	oracle/oracle/code/ui/ui_public.h; oracle/oracle/code/client/cl_ui.cpp; function-table ABI intentionally out of scope	src/boundary/sp/ui/syscalls/UI_ARGV.rs	single-file assignment; preserve Raven comments; add args/output source locations
src/boundary/sp/ui/syscalls/UI_ATAN2.rs	SP UI	call	module_to_engine	syscall	UI_ATAN2	port_args_output	oracle/oracle/code/ui/ui_public.h	oracle/oracle/code/ui/ui_public.h; oracle/oracle/code/client/cl_ui.cpp; function-table ABI intentionally out of scope	src/boundary/sp/ui/syscalls/UI_ATAN2.rs	single-file assignment; preserve Raven comments; add args/output source locations
src/boundary/sp/ui/syscalls/UI_CEIL.rs	SP UI	call	module_to_engine	syscall	UI_CEIL	port_args_output	oracle/oracle/code/ui/ui_public.h	oracle/oracle/code/ui/ui_public.h; oracle/oracle/code/client/cl_ui.cpp; function-table ABI intentionally out of scope	src/boundary/sp/ui/syscalls/UI_CEIL.rs	single-file assignment; preserve Raven comments; add args/output source locations
src/boundary/sp/ui/syscalls/UI_CIN_DRAWCINEMATIC.rs	SP UI	call	module_to_engine	syscall	UI_CIN_DRAWCINEMATIC	port_args_output	oracle/oracle/code/ui/ui_public.h	oracle/oracle/code/ui/ui_public.h; oracle/oracle/code/client/cl_ui.cpp; function-table ABI intentionally out of scope	src/boundary/sp/ui/syscalls/UI_CIN_DRAWCINEMATIC.rs	single-file assignment; preserve Raven comments; add args/output source locations
src/boundary/sp/ui/syscalls/UI_CIN_PLAYCINEMATIC.rs	SP UI	call	module_to_engine	syscall	UI_CIN_PLAYCINEMATIC	port_args_output	oracle/oracle/code/ui/ui_public.h	oracle/oracle/code/ui/ui_public.h; oracle/oracle/code/client/cl_ui.cpp; function-table ABI intentionally out of scope	src/boundary/sp/ui/syscalls/UI_CIN_PLAYCINEMATIC.rs	single-file assignment; preserve Raven comments; add args/output source locations
src/boundary/sp/ui/syscalls/UI_CIN_RUNCINEMATIC.rs	SP UI	call	module_to_engine	syscall	UI_CIN_RUNCINEMATIC	port_args_output	oracle/oracle/code/ui/ui_public.h	oracle/oracle/code/ui/ui_public.h; oracle/oracle/code/client/cl_ui.cpp; function-table ABI intentionally out of scope	src/boundary/sp/ui/syscalls/UI_CIN_RUNCINEMATIC.rs	single-file assignment; preserve Raven comments; add args/output source locations
src/boundary/sp/ui/syscalls/UI_CIN_SETEXTENTS.rs	SP UI	call	module_to_engine	syscall	UI_CIN_SETEXTENTS	port_args_output	oracle/oracle/code/ui/ui_public.h	oracle/oracle/code/ui/ui_public.h; oracle/oracle/code/client/cl_ui.cpp; function-table ABI intentionally out of scope	src/boundary/sp/ui/syscalls/UI_CIN_SETEXTENTS.rs	single-file assignment; preserve Raven comments; add args/output source locations
src/boundary/sp/ui/syscalls/UI_CIN_STOPCINEMATIC.rs	SP UI	call	module_to_engine	syscall	UI_CIN_STOPCINEMATIC	port_args_output	oracle/oracle/code/ui/ui_public.h	oracle/oracle/code/ui/ui_public.h; oracle/oracle/code/client/cl_ui.cpp; function-table ABI intentionally out of scope	src/boundary/sp/ui/syscalls/UI_CIN_STOPCINEMATIC.rs	single-file assignment; preserve Raven comments; add args/output source locations
src/boundary/sp/ui/syscalls/UI_CMD_EXECUTETEXT.rs	SP UI	call	module_to_engine	syscall	UI_CMD_EXECUTETEXT	port_args_output	oracle/oracle/code/ui/ui_public.h	oracle/oracle/code/ui/ui_public.h; oracle/oracle/code/client/cl_ui.cpp; function-table ABI intentionally out of scope	src/boundary/sp/ui/syscalls/UI_CMD_EXECUTETEXT.rs	single-file assignment; preserve Raven comments; add args/output source locations
src/boundary/sp/ui/syscalls/UI_CM_LERPTAG.rs	SP UI	call	module_to_engine	syscall	UI_CM_LERPTAG	port_args_output	oracle/oracle/code/ui/ui_public.h	oracle/oracle/code/ui/ui_public.h; oracle/oracle/code/client/cl_ui.cpp; function-table ABI intentionally out of scope	src/boundary/sp/ui/syscalls/UI_CM_LERPTAG.rs	single-file assignment; preserve Raven comments; add args/output source locations
src/boundary/sp/ui/syscalls/UI_CM_LOADMODEL.rs	SP UI	call	module_to_engine	syscall	UI_CM_LOADMODEL	port_args_output	oracle/oracle/code/ui/ui_public.h	oracle/oracle/code/ui/ui_public.h; oracle/oracle/code/client/cl_ui.cpp; function-table ABI intentionally out of scope	src/boundary/sp/ui/syscalls/UI_CM_LOADMODEL.rs	single-file assignment; preserve Raven comments; add args/output source locations
src/boundary/sp/ui/syscalls/UI_COS.rs	SP UI	call	module_to_engine	syscall	UI_COS	port_args_output	oracle/oracle/code/ui/ui_public.h	oracle/oracle/code/ui/ui_public.h; oracle/oracle/code/client/cl_ui.cpp; function-table ABI intentionally out of scope	src/boundary/sp/ui/syscalls/UI_COS.rs	single-file assignment; preserve Raven comments; add args/output source locations
src/boundary/sp/ui/syscalls/UI_CVAR_CREATE.rs	SP UI	call	module_to_engine	syscall	UI_CVAR_CREATE	port_args_output	oracle/oracle/code/ui/ui_public.h	oracle/oracle/code/ui/ui_public.h; oracle/oracle/code/client/cl_ui.cpp; function-table ABI intentionally out of scope	src/boundary/sp/ui/syscalls/UI_CVAR_CREATE.rs	single-file assignment; preserve Raven comments; add args/output source locations
src/boundary/sp/ui/syscalls/UI_CVAR_INFOSTRINGBUFFER.rs	SP UI	call	module_to_engine	syscall	UI_CVAR_INFOSTRINGBUFFER	port_args_output	oracle/oracle/code/ui/ui_public.h	oracle/oracle/code/ui/ui_public.h; oracle/oracle/code/client/cl_ui.cpp; function-table ABI intentionally out of scope	src/boundary/sp/ui/syscalls/UI_CVAR_INFOSTRINGBUFFER.rs	single-file assignment; preserve Raven comments; add args/output source locations
src/boundary/sp/ui/syscalls/UI_CVAR_REGISTER.rs	SP UI	call	module_to_engine	syscall	UI_CVAR_REGISTER	port_args_output	oracle/oracle/code/ui/ui_public.h	oracle/oracle/code/ui/ui_public.h; oracle/oracle/code/client/cl_ui.cpp; function-table ABI intentionally out of scope	src/boundary/sp/ui/syscalls/UI_CVAR_REGISTER.rs	single-file assignment; preserve Raven comments; add args/output source locations
src/boundary/sp/ui/syscalls/UI_CVAR_RESET.rs	SP UI	call	module_to_engine	syscall	UI_CVAR_RESET	port_args_output	oracle/oracle/code/ui/ui_public.h	oracle/oracle/code/ui/ui_public.h; oracle/oracle/code/client/cl_ui.cpp; function-table ABI intentionally out of scope	src/boundary/sp/ui/syscalls/UI_CVAR_RESET.rs	single-file assignment; preserve Raven comments; add args/output source locations
src/boundary/sp/ui/syscalls/UI_CVAR_SET.rs	SP UI	call	module_to_engine	syscall	UI_CVAR_SET	port_args_output	oracle/oracle/code/ui/ui_public.h	oracle/oracle/code/ui/ui_public.h; oracle/oracle/code/client/cl_ui.cpp; function-table ABI intentionally out of scope	src/boundary/sp/ui/syscalls/UI_CVAR_SET.rs	single-file assignment; preserve Raven comments; add args/output source locations
src/boundary/sp/ui/syscalls/UI_CVAR_SETVALUE.rs	SP UI	call	module_to_engine	syscall	UI_CVAR_SETVALUE	port_args_output	oracle/oracle/code/ui/ui_public.h	oracle/oracle/code/ui/ui_public.h; oracle/oracle/code/client/cl_ui.cpp; function-table ABI intentionally out of scope	src/boundary/sp/ui/syscalls/UI_CVAR_SETVALUE.rs	single-file assignment; preserve Raven comments; add args/output source locations
src/boundary/sp/ui/syscalls/UI_CVAR_UPDATE.rs	SP UI	call	module_to_engine	syscall	UI_CVAR_UPDATE	port_args_output	oracle/oracle/code/ui/ui_public.h	oracle/oracle/code/ui/ui_public.h; oracle/oracle/code/client/cl_ui.cpp; function-table ABI intentionally out of scope	src/boundary/sp/ui/syscalls/UI_CVAR_UPDATE.rs	single-file assignment; preserve Raven comments; add args/output source locations
src/boundary/sp/ui/syscalls/UI_CVAR_VARIABLESTRINGBUFFER.rs	SP UI	call	module_to_engine	syscall	UI_CVAR_VARIABLESTRINGBUFFER	port_args_output	oracle/oracle/code/ui/ui_public.h	oracle/oracle/code/ui/ui_public.h; oracle/oracle/code/client/cl_ui.cpp; function-table ABI intentionally out of scope	src/boundary/sp/ui/syscalls/UI_CVAR_VARIABLESTRINGBUFFER.rs	single-file assignment; preserve Raven comments; add args/output source locations
src/boundary/sp/ui/syscalls/UI_CVAR_VARIABLEVALUE.rs	SP UI	call	module_to_engine	syscall	UI_CVAR_VARIABLEVALUE	port_args_output	oracle/oracle/code/ui/ui_public.h	oracle/oracle/code/ui/ui_public.h; oracle/oracle/code/client/cl_ui.cpp; function-table ABI intentionally out of scope	src/boundary/sp/ui/syscalls/UI_CVAR_VARIABLEVALUE.rs	single-file assignment; preserve Raven comments; add args/output source locations
src/boundary/sp/ui/syscalls/UI_ERROR.rs	SP UI	call	module_to_engine	syscall	UI_ERROR	port_args_output	oracle/oracle/code/ui/ui_public.h	oracle/oracle/code/ui/ui_public.h; oracle/oracle/code/client/cl_ui.cpp; function-table ABI intentionally out of scope	src/boundary/sp/ui/syscalls/UI_ERROR.rs	single-file assignment; preserve Raven comments; add args/output source locations
src/boundary/sp/ui/syscalls/UI_FLOOR.rs	SP UI	call	module_to_engine	syscall	UI_FLOOR	port_args_output	oracle/oracle/code/ui/ui_public.h	oracle/oracle/code/ui/ui_public.h; oracle/oracle/code/client/cl_ui.cpp; function-table ABI intentionally out of scope	src/boundary/sp/ui/syscalls/UI_FLOOR.rs	single-file assignment; preserve Raven comments; add args/output source locations
src/boundary/sp/ui/syscalls/UI_FS_FCLOSEFILE.rs	SP UI	call	module_to_engine	syscall	UI_FS_FCLOSEFILE	port_args_output	oracle/oracle/code/ui/ui_public.h	oracle/oracle/code/ui/ui_public.h; oracle/oracle/code/client/cl_ui.cpp; function-table ABI intentionally out of scope	src/boundary/sp/ui/syscalls/UI_FS_FCLOSEFILE.rs	single-file assignment; preserve Raven comments; add args/output source locations
src/boundary/sp/ui/syscalls/UI_FS_FOPENFILE.rs	SP UI	call	module_to_engine	syscall	UI_FS_FOPENFILE	port_args_output	oracle/oracle/code/ui/ui_public.h	oracle/oracle/code/ui/ui_public.h; oracle/oracle/code/client/cl_ui.cpp; function-table ABI intentionally out of scope	src/boundary/sp/ui/syscalls/UI_FS_FOPENFILE.rs	single-file assignment; preserve Raven comments; add args/output source locations
src/boundary/sp/ui/syscalls/UI_FS_GETFILELIST.rs	SP UI	call	module_to_engine	syscall	UI_FS_GETFILELIST	port_args_output	oracle/oracle/code/ui/ui_public.h	oracle/oracle/code/ui/ui_public.h; oracle/oracle/code/client/cl_ui.cpp; function-table ABI intentionally out of scope	src/boundary/sp/ui/syscalls/UI_FS_GETFILELIST.rs	single-file assignment; preserve Raven comments; add args/output source locations
src/boundary/sp/ui/syscalls/UI_FS_READ.rs	SP UI	call	module_to_engine	syscall	UI_FS_READ	port_args_output	oracle/oracle/code/ui/ui_public.h	oracle/oracle/code/ui/ui_public.h; oracle/oracle/code/client/cl_ui.cpp; function-table ABI intentionally out of scope	src/boundary/sp/ui/syscalls/UI_FS_READ.rs	single-file assignment; preserve Raven comments; add args/output source locations
src/boundary/sp/ui/syscalls/UI_FS_WRITE.rs	SP UI	call	module_to_engine	syscall	UI_FS_WRITE	port_args_output	oracle/oracle/code/ui/ui_public.h	oracle/oracle/code/ui/ui_public.h; oracle/oracle/code/client/cl_ui.cpp; function-table ABI intentionally out of scope	src/boundary/sp/ui/syscalls/UI_FS_WRITE.rs	single-file assignment; preserve Raven comments; add args/output source locations
src/boundary/sp/ui/syscalls/UI_GETCLIENTSTATE.rs	SP UI	call	module_to_engine	syscall	UI_GETCLIENTSTATE	port_args_output	oracle/oracle/code/ui/ui_public.h	oracle/oracle/code/ui/ui_public.h; oracle/oracle/code/client/cl_ui.cpp; function-table ABI intentionally out of scope	src/boundary/sp/ui/syscalls/UI_GETCLIENTSTATE.rs	single-file assignment; preserve Raven comments; add args/output source locations
src/boundary/sp/ui/syscalls/UI_GETCLIPBOARDDATA.rs	SP UI	call	module_to_engine	syscall	UI_GETCLIPBOARDDATA	port_args_output	oracle/oracle/code/ui/ui_public.h	oracle/oracle/code/ui/ui_public.h; oracle/oracle/code/client/cl_ui.cpp; function-table ABI intentionally out of scope	src/boundary/sp/ui/syscalls/UI_GETCLIPBOARDDATA.rs	single-file assignment; preserve Raven comments; add args/output source locations
src/boundary/sp/ui/syscalls/UI_GETCONFIGSTRING.rs	SP UI	call	module_to_engine	syscall	UI_GETCONFIGSTRING	port_args_output	oracle/oracle/code/ui/ui_public.h	oracle/oracle/code/ui/ui_public.h; oracle/oracle/code/client/cl_ui.cpp; function-table ABI intentionally out of scope	src/boundary/sp/ui/syscalls/UI_GETCONFIGSTRING.rs	single-file assignment; preserve Raven comments; add args/output source locations
src/boundary/sp/ui/syscalls/UI_GETGLCONFIG.rs	SP UI	call	module_to_engine	syscall	UI_GETGLCONFIG	port_args_output	oracle/oracle/code/ui/ui_public.h	oracle/oracle/code/ui/ui_public.h; oracle/oracle/code/client/cl_ui.cpp; function-table ABI intentionally out of scope	src/boundary/sp/ui/syscalls/UI_GETGLCONFIG.rs	single-file assignment; preserve Raven comments; add args/output source locations
src/boundary/sp/ui/syscalls/UI_GET_CDKEY.rs	SP UI	call	module_to_engine	syscall	UI_GET_CDKEY	port_args_output	oracle/oracle/code/ui/ui_public.h	oracle/oracle/code/ui/ui_public.h; oracle/oracle/code/client/cl_ui.cpp; function-table ABI intentionally out of scope	src/boundary/sp/ui/syscalls/UI_GET_CDKEY.rs	single-file assignment; preserve Raven comments; add args/output source locations
src/boundary/sp/ui/syscalls/UI_KEY_CLEARSTATES.rs	SP UI	call	module_to_engine	syscall	UI_KEY_CLEARSTATES	port_args_output	oracle/oracle/code/ui/ui_public.h	oracle/oracle/code/ui/ui_public.h; oracle/oracle/code/client/cl_ui.cpp; function-table ABI intentionally out of scope	src/boundary/sp/ui/syscalls/UI_KEY_CLEARSTATES.rs	single-file assignment; preserve Raven comments; add args/output source locations
src/boundary/sp/ui/syscalls/UI_KEY_GETBINDINGBUF.rs	SP UI	call	module_to_engine	syscall	UI_KEY_GETBINDINGBUF	port_args_output	oracle/oracle/code/ui/ui_public.h	oracle/oracle/code/ui/ui_public.h; oracle/oracle/code/client/cl_ui.cpp; function-table ABI intentionally out of scope	src/boundary/sp/ui/syscalls/UI_KEY_GETBINDINGBUF.rs	single-file assignment; preserve Raven comments; add args/output source locations
src/boundary/sp/ui/syscalls/UI_KEY_GETCATCHER.rs	SP UI	call	module_to_engine	syscall	UI_KEY_GETCATCHER	port_args_output	oracle/oracle/code/ui/ui_public.h	oracle/oracle/code/ui/ui_public.h; oracle/oracle/code/client/cl_ui.cpp; function-table ABI intentionally out of scope	src/boundary/sp/ui/syscalls/UI_KEY_GETCATCHER.rs	single-file assignment; preserve Raven comments; add args/output source locations
src/boundary/sp/ui/syscalls/UI_KEY_GETOVERSTRIKEMODE.rs	SP UI	call	module_to_engine	syscall	UI_KEY_GETOVERSTRIKEMODE	port_args_output	oracle/oracle/code/ui/ui_public.h	oracle/oracle/code/ui/ui_public.h; oracle/oracle/code/client/cl_ui.cpp; function-table ABI intentionally out of scope	src/boundary/sp/ui/syscalls/UI_KEY_GETOVERSTRIKEMODE.rs	single-file assignment; preserve Raven comments; add args/output source locations
src/boundary/sp/ui/syscalls/UI_KEY_ISDOWN.rs	SP UI	call	module_to_engine	syscall	UI_KEY_ISDOWN	port_args_output	oracle/oracle/code/ui/ui_public.h	oracle/oracle/code/ui/ui_public.h; oracle/oracle/code/client/cl_ui.cpp; function-table ABI intentionally out of scope	src/boundary/sp/ui/syscalls/UI_KEY_ISDOWN.rs	single-file assignment; preserve Raven comments; add args/output source locations
src/boundary/sp/ui/syscalls/UI_KEY_KEYNUMTOSTRINGBUF.rs	SP UI	call	module_to_engine	syscall	UI_KEY_KEYNUMTOSTRINGBUF	port_args_output	oracle/oracle/code/ui/ui_public.h	oracle/oracle/code/ui/ui_public.h; oracle/oracle/code/client/cl_ui.cpp; function-table ABI intentionally out of scope	src/boundary/sp/ui/syscalls/UI_KEY_KEYNUMTOSTRINGBUF.rs	single-file assignment; preserve Raven comments; add args/output source locations
src/boundary/sp/ui/syscalls/UI_KEY_SETBINDING.rs	SP UI	call	module_to_engine	syscall	UI_KEY_SETBINDING	port_args_output	oracle/oracle/code/ui/ui_public.h	oracle/oracle/code/ui/ui_public.h; oracle/oracle/code/client/cl_ui.cpp; function-table ABI intentionally out of scope	src/boundary/sp/ui/syscalls/UI_KEY_SETBINDING.rs	single-file assignment; preserve Raven comments; add args/output source locations
src/boundary/sp/ui/syscalls/UI_KEY_SETCATCHER.rs	SP UI	call	module_to_engine	syscall	UI_KEY_SETCATCHER	port_args_output	oracle/oracle/code/ui/ui_public.h	oracle/oracle/code/ui/ui_public.h; oracle/oracle/code/client/cl_ui.cpp; function-table ABI intentionally out of scope	src/boundary/sp/ui/syscalls/UI_KEY_SETCATCHER.rs	single-file assignment; preserve Raven comments; add args/output source locations
src/boundary/sp/ui/syscalls/UI_KEY_SETOVERSTRIKEMODE.rs	SP UI	call	module_to_engine	syscall	UI_KEY_SETOVERSTRIKEMODE	port_args_output	oracle/oracle/code/ui/ui_public.h	oracle/oracle/code/ui/ui_public.h; oracle/oracle/code/client/cl_ui.cpp; function-table ABI intentionally out of scope	src/boundary/sp/ui/syscalls/UI_KEY_SETOVERSTRIKEMODE.rs	single-file assignment; preserve Raven comments; add args/output source locations
src/boundary/sp/ui/syscalls/UI_LAN_ADDSERVER.rs	SP UI	call	module_to_engine	syscall	UI_LAN_ADDSERVER	port_args_output	oracle/oracle/code/ui/ui_public.h	oracle/oracle/code/ui/ui_public.h; oracle/oracle/code/client/cl_ui.cpp; function-table ABI intentionally out of scope	src/boundary/sp/ui/syscalls/UI_LAN_ADDSERVER.rs	single-file assignment; preserve Raven comments; add args/output source locations
src/boundary/sp/ui/syscalls/UI_LAN_CLEARPING.rs	SP UI	call	module_to_engine	syscall	UI_LAN_CLEARPING	port_args_output	oracle/oracle/code/ui/ui_public.h	oracle/oracle/code/ui/ui_public.h; oracle/oracle/code/client/cl_ui.cpp; function-table ABI intentionally out of scope	src/boundary/sp/ui/syscalls/UI_LAN_CLEARPING.rs	single-file assignment; preserve Raven comments; add args/output source locations
src/boundary/sp/ui/syscalls/UI_LAN_COMPARESERVERS.rs	SP UI	call	module_to_engine	syscall	UI_LAN_COMPARESERVERS	port_args_output	oracle/oracle/code/ui/ui_public.h	oracle/oracle/code/ui/ui_public.h; oracle/oracle/code/client/cl_ui.cpp; function-table ABI intentionally out of scope	src/boundary/sp/ui/syscalls/UI_LAN_COMPARESERVERS.rs	single-file assignment; preserve Raven comments; add args/output source locations
src/boundary/sp/ui/syscalls/UI_LAN_GETPING.rs	SP UI	call	module_to_engine	syscall	UI_LAN_GETPING	port_args_output	oracle/oracle/code/ui/ui_public.h	oracle/oracle/code/ui/ui_public.h; oracle/oracle/code/client/cl_ui.cpp; function-table ABI intentionally out of scope	src/boundary/sp/ui/syscalls/UI_LAN_GETPING.rs	single-file assignment; preserve Raven comments; add args/output source locations
src/boundary/sp/ui/syscalls/UI_LAN_GETPINGINFO.rs	SP UI	call	module_to_engine	syscall	UI_LAN_GETPINGINFO	port_args_output	oracle/oracle/code/ui/ui_public.h	oracle/oracle/code/ui/ui_public.h; oracle/oracle/code/client/cl_ui.cpp; function-table ABI intentionally out of scope	src/boundary/sp/ui/syscalls/UI_LAN_GETPINGINFO.rs	single-file assignment; preserve Raven comments; add args/output source locations
src/boundary/sp/ui/syscalls/UI_LAN_GETPINGQUEUECOUNT.rs	SP UI	call	module_to_engine	syscall	UI_LAN_GETPINGQUEUECOUNT	port_args_output	oracle/oracle/code/ui/ui_public.h	oracle/oracle/code/ui/ui_public.h; oracle/oracle/code/client/cl_ui.cpp; function-table ABI intentionally out of scope	src/boundary/sp/ui/syscalls/UI_LAN_GETPINGQUEUECOUNT.rs	single-file assignment; preserve Raven comments; add args/output source locations
src/boundary/sp/ui/syscalls/UI_LAN_GETSERVERADDRESSSTRING.rs	SP UI	call	module_to_engine	syscall	UI_LAN_GETSERVERADDRESSSTRING	port_args_output	oracle/oracle/code/ui/ui_public.h	oracle/oracle/code/ui/ui_public.h; oracle/oracle/code/client/cl_ui.cpp; function-table ABI intentionally out of scope	src/boundary/sp/ui/syscalls/UI_LAN_GETSERVERADDRESSSTRING.rs	single-file assignment; preserve Raven comments; add args/output source locations
src/boundary/sp/ui/syscalls/UI_LAN_GETSERVERCOUNT.rs	SP UI	call	module_to_engine	syscall	UI_LAN_GETSERVERCOUNT	port_args_output	oracle/oracle/code/ui/ui_public.h	oracle/oracle/code/ui/ui_public.h; oracle/oracle/code/client/cl_ui.cpp; function-table ABI intentionally out of scope	src/boundary/sp/ui/syscalls/UI_LAN_GETSERVERCOUNT.rs	single-file assignment; preserve Raven comments; add args/output source locations
src/boundary/sp/ui/syscalls/UI_LAN_GETSERVERINFO.rs	SP UI	call	module_to_engine	syscall	UI_LAN_GETSERVERINFO	port_args_output	oracle/oracle/code/ui/ui_public.h	oracle/oracle/code/ui/ui_public.h; oracle/oracle/code/client/cl_ui.cpp; function-table ABI intentionally out of scope	src/boundary/sp/ui/syscalls/UI_LAN_GETSERVERINFO.rs	single-file assignment; preserve Raven comments; add args/output source locations
src/boundary/sp/ui/syscalls/UI_LAN_GETSERVERPING.rs	SP UI	call	module_to_engine	syscall	UI_LAN_GETSERVERPING	port_args_output	oracle/oracle/code/ui/ui_public.h	oracle/oracle/code/ui/ui_public.h; oracle/oracle/code/client/cl_ui.cpp; function-table ABI intentionally out of scope	src/boundary/sp/ui/syscalls/UI_LAN_GETSERVERPING.rs	single-file assignment; preserve Raven comments; add args/output source locations
src/boundary/sp/ui/syscalls/UI_LAN_LOADCACHEDSERVERS.rs	SP UI	call	module_to_engine	syscall	UI_LAN_LOADCACHEDSERVERS	port_args_output	oracle/oracle/code/ui/ui_public.h	oracle/oracle/code/ui/ui_public.h; oracle/oracle/code/client/cl_ui.cpp; function-table ABI intentionally out of scope	src/boundary/sp/ui/syscalls/UI_LAN_LOADCACHEDSERVERS.rs	single-file assignment; preserve Raven comments; add args/output source locations
src/boundary/sp/ui/syscalls/UI_LAN_MARKSERVERVISIBLE.rs	SP UI	call	module_to_engine	syscall	UI_LAN_MARKSERVERVISIBLE	port_args_output	oracle/oracle/code/ui/ui_public.h	oracle/oracle/code/ui/ui_public.h; oracle/oracle/code/client/cl_ui.cpp; function-table ABI intentionally out of scope	src/boundary/sp/ui/syscalls/UI_LAN_MARKSERVERVISIBLE.rs	single-file assignment; preserve Raven comments; add args/output source locations
src/boundary/sp/ui/syscalls/UI_LAN_REMOVESERVER.rs	SP UI	call	module_to_engine	syscall	UI_LAN_REMOVESERVER	port_args_output	oracle/oracle/code/ui/ui_public.h	oracle/oracle/code/ui/ui_public.h; oracle/oracle/code/client/cl_ui.cpp; function-table ABI intentionally out of scope	src/boundary/sp/ui/syscalls/UI_LAN_REMOVESERVER.rs	single-file assignment; preserve Raven comments; add args/output source locations
src/boundary/sp/ui/syscalls/UI_LAN_RESETPINGS.rs	SP UI	call	module_to_engine	syscall	UI_LAN_RESETPINGS	port_args_output	oracle/oracle/code/ui/ui_public.h	oracle/oracle/code/ui/ui_public.h; oracle/oracle/code/client/cl_ui.cpp; function-table ABI intentionally out of scope	src/boundary/sp/ui/syscalls/UI_LAN_RESETPINGS.rs	single-file assignment; preserve Raven comments; add args/output source locations
src/boundary/sp/ui/syscalls/UI_LAN_SAVECACHEDSERVERS.rs	SP UI	call	module_to_engine	syscall	UI_LAN_SAVECACHEDSERVERS	port_args_output	oracle/oracle/code/ui/ui_public.h	oracle/oracle/code/ui/ui_public.h; oracle/oracle/code/client/cl_ui.cpp; function-table ABI intentionally out of scope	src/boundary/sp/ui/syscalls/UI_LAN_SAVECACHEDSERVERS.rs	single-file assignment; preserve Raven comments; add args/output source locations
src/boundary/sp/ui/syscalls/UI_LAN_SERVERISVISIBLE.rs	SP UI	call	module_to_engine	syscall	UI_LAN_SERVERISVISIBLE	port_args_output	oracle/oracle/code/ui/ui_public.h	oracle/oracle/code/ui/ui_public.h; oracle/oracle/code/client/cl_ui.cpp; function-table ABI intentionally out of scope	src/boundary/sp/ui/syscalls/UI_LAN_SERVERISVISIBLE.rs	single-file assignment; preserve Raven comments; add args/output source locations
src/boundary/sp/ui/syscalls/UI_LAN_SERVERSTATUS.rs	SP UI	call	module_to_engine	syscall	UI_LAN_SERVERSTATUS	port_args_output	oracle/oracle/code/ui/ui_public.h	oracle/oracle/code/ui/ui_public.h; oracle/oracle/code/client/cl_ui.cpp; function-table ABI intentionally out of scope	src/boundary/sp/ui/syscalls/UI_LAN_SERVERSTATUS.rs	single-file assignment; preserve Raven comments; add args/output source locations
src/boundary/sp/ui/syscalls/UI_LAN_UPDATEVISIBLEPINGS.rs	SP UI	call	module_to_engine	syscall	UI_LAN_UPDATEVISIBLEPINGS	port_args_output	oracle/oracle/code/ui/ui_public.h	oracle/oracle/code/ui/ui_public.h; oracle/oracle/code/client/cl_ui.cpp; function-table ABI intentionally out of scope	src/boundary/sp/ui/syscalls/UI_LAN_UPDATEVISIBLEPINGS.rs	single-file assignment; preserve Raven comments; add args/output source locations
src/boundary/sp/ui/syscalls/UI_MEMCPY.rs	SP UI	call	module_to_engine	syscall	UI_MEMCPY	port_args_output	oracle/oracle/code/ui/ui_public.h	oracle/oracle/code/ui/ui_public.h; oracle/oracle/code/client/cl_ui.cpp; function-table ABI intentionally out of scope	src/boundary/sp/ui/syscalls/UI_MEMCPY.rs	single-file assignment; preserve Raven comments; add args/output source locations
src/boundary/sp/ui/syscalls/UI_MEMORY_REMAINING.rs	SP UI	call	module_to_engine	syscall	UI_MEMORY_REMAINING	port_args_output	oracle/oracle/code/ui/ui_public.h	oracle/oracle/code/ui/ui_public.h; oracle/oracle/code/client/cl_ui.cpp; function-table ABI intentionally out of scope	src/boundary/sp/ui/syscalls/UI_MEMORY_REMAINING.rs	single-file assignment; preserve Raven comments; add args/output source locations
src/boundary/sp/ui/syscalls/UI_MEMSET.rs	SP UI	call	module_to_engine	syscall	UI_MEMSET	port_args_output	oracle/oracle/code/ui/ui_public.h	oracle/oracle/code/ui/ui_public.h; oracle/oracle/code/client/cl_ui.cpp; function-table ABI intentionally out of scope	src/boundary/sp/ui/syscalls/UI_MEMSET.rs	single-file assignment; preserve Raven comments; add args/output source locations
src/boundary/sp/ui/syscalls/UI_MILLISECONDS.rs	SP UI	call	module_to_engine	syscall	UI_MILLISECONDS	port_args_output	oracle/oracle/code/ui/ui_public.h	oracle/oracle/code/ui/ui_public.h; oracle/oracle/code/client/cl_ui.cpp; function-table ABI intentionally out of scope	src/boundary/sp/ui/syscalls/UI_MILLISECONDS.rs	single-file assignment; preserve Raven comments; add args/output source locations
src/boundary/sp/ui/syscalls/UI_PC_ADD_GLOBAL_DEFINE.rs	SP UI	call	module_to_engine	syscall	UI_PC_ADD_GLOBAL_DEFINE	port_args_output	oracle/oracle/code/ui/ui_public.h	oracle/oracle/code/ui/ui_public.h; oracle/oracle/code/client/cl_ui.cpp; function-table ABI intentionally out of scope	src/boundary/sp/ui/syscalls/UI_PC_ADD_GLOBAL_DEFINE.rs	single-file assignment; preserve Raven comments; add args/output source locations
src/boundary/sp/ui/syscalls/UI_PC_FREE_SOURCE.rs	SP UI	call	module_to_engine	syscall	UI_PC_FREE_SOURCE	port_args_output	oracle/oracle/code/ui/ui_public.h	oracle/oracle/code/ui/ui_public.h; oracle/oracle/code/client/cl_ui.cpp; function-table ABI intentionally out of scope	src/boundary/sp/ui/syscalls/UI_PC_FREE_SOURCE.rs	single-file assignment; preserve Raven comments; add args/output source locations
src/boundary/sp/ui/syscalls/UI_PC_LOAD_SOURCE.rs	SP UI	call	module_to_engine	syscall	UI_PC_LOAD_SOURCE	port_args_output	oracle/oracle/code/ui/ui_public.h	oracle/oracle/code/ui/ui_public.h; oracle/oracle/code/client/cl_ui.cpp; function-table ABI intentionally out of scope	src/boundary/sp/ui/syscalls/UI_PC_LOAD_SOURCE.rs	single-file assignment; preserve Raven comments; add args/output source locations
src/boundary/sp/ui/syscalls/UI_PC_READ_TOKEN.rs	SP UI	call	module_to_engine	syscall	UI_PC_READ_TOKEN	port_args_output	oracle/oracle/code/ui/ui_public.h	oracle/oracle/code/ui/ui_public.h; oracle/oracle/code/client/cl_ui.cpp; function-table ABI intentionally out of scope	src/boundary/sp/ui/syscalls/UI_PC_READ_TOKEN.rs	single-file assignment; preserve Raven comments; add args/output source locations
src/boundary/sp/ui/syscalls/UI_PC_SOURCE_FILE_AND_LINE.rs	SP UI	call	module_to_engine	syscall	UI_PC_SOURCE_FILE_AND_LINE	port_args_output	oracle/oracle/code/ui/ui_public.h	oracle/oracle/code/ui/ui_public.h; oracle/oracle/code/client/cl_ui.cpp; function-table ABI intentionally out of scope	src/boundary/sp/ui/syscalls/UI_PC_SOURCE_FILE_AND_LINE.rs	single-file assignment; preserve Raven comments; add args/output source locations
src/boundary/sp/ui/syscalls/UI_PRINT.rs	SP UI	call	module_to_engine	syscall	UI_PRINT	port_args_output	oracle/oracle/code/ui/ui_public.h	oracle/oracle/code/ui/ui_public.h; oracle/oracle/code/client/cl_ui.cpp; function-table ABI intentionally out of scope	src/boundary/sp/ui/syscalls/UI_PRINT.rs	single-file assignment; preserve Raven comments; add args/output source locations
src/boundary/sp/ui/syscalls/UI_REAL_TIME.rs	SP UI	call	module_to_engine	syscall	UI_REAL_TIME	port_args_output	oracle/oracle/code/ui/ui_public.h	oracle/oracle/code/ui/ui_public.h; oracle/oracle/code/client/cl_ui.cpp; function-table ABI intentionally out of scope	src/boundary/sp/ui/syscalls/UI_REAL_TIME.rs	single-file assignment; preserve Raven comments; add args/output source locations
src/boundary/sp/ui/syscalls/UI_R_ADDLIGHTTOSCENE.rs	SP UI	call	module_to_engine	syscall	UI_R_ADDLIGHTTOSCENE	port_args_output	oracle/oracle/code/ui/ui_public.h	oracle/oracle/code/ui/ui_public.h; oracle/oracle/code/client/cl_ui.cpp; function-table ABI intentionally out of scope	src/boundary/sp/ui/syscalls/UI_R_ADDLIGHTTOSCENE.rs	single-file assignment; preserve Raven comments; add args/output source locations
src/boundary/sp/ui/syscalls/UI_R_ADDPOLYTOSCENE.rs	SP UI	call	module_to_engine	syscall	UI_R_ADDPOLYTOSCENE	port_args_output	oracle/oracle/code/ui/ui_public.h	oracle/oracle/code/ui/ui_public.h; oracle/oracle/code/client/cl_ui.cpp; function-table ABI intentionally out of scope	src/boundary/sp/ui/syscalls/UI_R_ADDPOLYTOSCENE.rs	single-file assignment; preserve Raven comments; add args/output source locations
src/boundary/sp/ui/syscalls/UI_R_ADDREFENTITYTOSCENE.rs	SP UI	call	module_to_engine	syscall	UI_R_ADDREFENTITYTOSCENE	port_args_output	oracle/oracle/code/ui/ui_public.h	oracle/oracle/code/ui/ui_public.h; oracle/oracle/code/client/cl_ui.cpp; function-table ABI intentionally out of scope	src/boundary/sp/ui/syscalls/UI_R_ADDREFENTITYTOSCENE.rs	single-file assignment; preserve Raven comments; add args/output source locations
src/boundary/sp/ui/syscalls/UI_R_CLEARSCENE.rs	SP UI	call	module_to_engine	syscall	UI_R_CLEARSCENE	port_args_output	oracle/oracle/code/ui/ui_public.h	oracle/oracle/code/ui/ui_public.h; oracle/oracle/code/client/cl_ui.cpp; function-table ABI intentionally out of scope	src/boundary/sp/ui/syscalls/UI_R_CLEARSCENE.rs	single-file assignment; preserve Raven comments; add args/output source locations
src/boundary/sp/ui/syscalls/UI_R_DRAWSTRETCHPIC.rs	SP UI	call	module_to_engine	syscall	UI_R_DRAWSTRETCHPIC	port_args_output	oracle/oracle/code/ui/ui_public.h	oracle/oracle/code/ui/ui_public.h; oracle/oracle/code/client/cl_ui.cpp; function-table ABI intentionally out of scope	src/boundary/sp/ui/syscalls/UI_R_DRAWSTRETCHPIC.rs	single-file assignment; preserve Raven comments; add args/output source locations
src/boundary/sp/ui/syscalls/UI_R_MODELBOUNDS.rs	SP UI	call	module_to_engine	syscall	UI_R_MODELBOUNDS	port_args_output	oracle/oracle/code/ui/ui_public.h	oracle/oracle/code/ui/ui_public.h; oracle/oracle/code/client/cl_ui.cpp; function-table ABI intentionally out of scope	src/boundary/sp/ui/syscalls/UI_R_MODELBOUNDS.rs	single-file assignment; preserve Raven comments; add args/output source locations
src/boundary/sp/ui/syscalls/UI_R_REGISTERFONT.rs	SP UI	call	module_to_engine	syscall	UI_R_REGISTERFONT	port_args_output	oracle/oracle/code/ui/ui_public.h	oracle/oracle/code/ui/ui_public.h; oracle/oracle/code/client/cl_ui.cpp; function-table ABI intentionally out of scope	src/boundary/sp/ui/syscalls/UI_R_REGISTERFONT.rs	single-file assignment; preserve Raven comments; add args/output source locations
src/boundary/sp/ui/syscalls/UI_R_REGISTERMODEL.rs	SP UI	call	module_to_engine	syscall	UI_R_REGISTERMODEL	port_args_output	oracle/oracle/code/ui/ui_public.h	oracle/oracle/code/ui/ui_public.h; oracle/oracle/code/client/cl_ui.cpp; function-table ABI intentionally out of scope	src/boundary/sp/ui/syscalls/UI_R_REGISTERMODEL.rs	single-file assignment; preserve Raven comments; add args/output source locations
src/boundary/sp/ui/syscalls/UI_R_REGISTERSHADERNOMIP.rs	SP UI	call	module_to_engine	syscall	UI_R_REGISTERSHADERNOMIP	port_args_output	oracle/oracle/code/ui/ui_public.h	oracle/oracle/code/ui/ui_public.h; oracle/oracle/code/client/cl_ui.cpp; function-table ABI intentionally out of scope	src/boundary/sp/ui/syscalls/UI_R_REGISTERSHADERNOMIP.rs	single-file assignment; preserve Raven comments; add args/output source locations
src/boundary/sp/ui/syscalls/UI_R_REGISTERSKIN.rs	SP UI	call	module_to_engine	syscall	UI_R_REGISTERSKIN	port_args_output	oracle/oracle/code/ui/ui_public.h	oracle/oracle/code/ui/ui_public.h; oracle/oracle/code/client/cl_ui.cpp; function-table ABI intentionally out of scope	src/boundary/sp/ui/syscalls/UI_R_REGISTERSKIN.rs	single-file assignment; preserve Raven comments; add args/output source locations
src/boundary/sp/ui/syscalls/UI_R_REMAP_SHADER.rs	SP UI	call	module_to_engine	syscall	UI_R_REMAP_SHADER	port_args_output	oracle/oracle/code/ui/ui_public.h	oracle/oracle/code/ui/ui_public.h; oracle/oracle/code/client/cl_ui.cpp; function-table ABI intentionally out of scope	src/boundary/sp/ui/syscalls/UI_R_REMAP_SHADER.rs	single-file assignment; preserve Raven comments; add args/output source locations
src/boundary/sp/ui/syscalls/UI_R_RENDERSCENE.rs	SP UI	call	module_to_engine	syscall	UI_R_RENDERSCENE	port_args_output	oracle/oracle/code/ui/ui_public.h	oracle/oracle/code/ui/ui_public.h; oracle/oracle/code/client/cl_ui.cpp; function-table ABI intentionally out of scope	src/boundary/sp/ui/syscalls/UI_R_RENDERSCENE.rs	single-file assignment; preserve Raven comments; add args/output source locations
src/boundary/sp/ui/syscalls/UI_R_SETCOLOR.rs	SP UI	call	module_to_engine	syscall	UI_R_SETCOLOR	port_args_output	oracle/oracle/code/ui/ui_public.h	oracle/oracle/code/ui/ui_public.h; oracle/oracle/code/client/cl_ui.cpp; function-table ABI intentionally out of scope	src/boundary/sp/ui/syscalls/UI_R_SETCOLOR.rs	single-file assignment; preserve Raven comments; add args/output source locations
src/boundary/sp/ui/syscalls/UI_SET_CDKEY.rs	SP UI	call	module_to_engine	syscall	UI_SET_CDKEY	port_args_output	oracle/oracle/code/ui/ui_public.h	oracle/oracle/code/ui/ui_public.h; oracle/oracle/code/client/cl_ui.cpp; function-table ABI intentionally out of scope	src/boundary/sp/ui/syscalls/UI_SET_CDKEY.rs	single-file assignment; preserve Raven comments; add args/output source locations
src/boundary/sp/ui/syscalls/UI_SIN.rs	SP UI	call	module_to_engine	syscall	UI_SIN	port_args_output	oracle/oracle/code/ui/ui_public.h	oracle/oracle/code/ui/ui_public.h; oracle/oracle/code/client/cl_ui.cpp; function-table ABI intentionally out of scope	src/boundary/sp/ui/syscalls/UI_SIN.rs	single-file assignment; preserve Raven comments; add args/output source locations
src/boundary/sp/ui/syscalls/UI_SQRT.rs	SP UI	call	module_to_engine	syscall	UI_SQRT	port_args_output	oracle/oracle/code/ui/ui_public.h	oracle/oracle/code/ui/ui_public.h; oracle/oracle/code/client/cl_ui.cpp; function-table ABI intentionally out of scope	src/boundary/sp/ui/syscalls/UI_SQRT.rs	single-file assignment; preserve Raven comments; add args/output source locations
src/boundary/sp/ui/syscalls/UI_STRNCPY.rs	SP UI	call	module_to_engine	syscall	UI_STRNCPY	port_args_output	oracle/oracle/code/ui/ui_public.h	oracle/oracle/code/ui/ui_public.h; oracle/oracle/code/client/cl_ui.cpp; function-table ABI intentionally out of scope	src/boundary/sp/ui/syscalls/UI_STRNCPY.rs	single-file assignment; preserve Raven comments; add args/output source locations
src/boundary/sp/ui/syscalls/UI_S_REGISTERSOUND.rs	SP UI	call	module_to_engine	syscall	UI_S_REGISTERSOUND	port_args_output	oracle/oracle/code/ui/ui_public.h	oracle/oracle/code/ui/ui_public.h; oracle/oracle/code/client/cl_ui.cpp; function-table ABI intentionally out of scope	src/boundary/sp/ui/syscalls/UI_S_REGISTERSOUND.rs	single-file assignment; preserve Raven comments; add args/output source locations
src/boundary/sp/ui/syscalls/UI_S_STARTBACKGROUNDTRACK.rs	SP UI	call	module_to_engine	syscall	UI_S_STARTBACKGROUNDTRACK	port_args_output	oracle/oracle/code/ui/ui_public.h	oracle/oracle/code/ui/ui_public.h; oracle/oracle/code/client/cl_ui.cpp; function-table ABI intentionally out of scope	src/boundary/sp/ui/syscalls/UI_S_STARTBACKGROUNDTRACK.rs	single-file assignment; preserve Raven comments; add args/output source locations
src/boundary/sp/ui/syscalls/UI_S_STARTLOCALSOUND.rs	SP UI	call	module_to_engine	syscall	UI_S_STARTLOCALSOUND	port_args_output	oracle/oracle/code/ui/ui_public.h	oracle/oracle/code/ui/ui_public.h; oracle/oracle/code/client/cl_ui.cpp; function-table ABI intentionally out of scope	src/boundary/sp/ui/syscalls/UI_S_STARTLOCALSOUND.rs	single-file assignment; preserve Raven comments; add args/output source locations
src/boundary/sp/ui/syscalls/UI_S_STOPBACKGROUNDTRACK.rs	SP UI	call	module_to_engine	syscall	UI_S_STOPBACKGROUNDTRACK	port_args_output	oracle/oracle/code/ui/ui_public.h	oracle/oracle/code/ui/ui_public.h; oracle/oracle/code/client/cl_ui.cpp; function-table ABI intentionally out of scope	src/boundary/sp/ui/syscalls/UI_S_STOPBACKGROUNDTRACK.rs	single-file assignment; preserve Raven comments; add args/output source locations
src/boundary/sp/ui/syscalls/UI_UPDATESCREEN.rs	SP UI	call	module_to_engine	syscall	UI_UPDATESCREEN	port_args_output	oracle/oracle/code/ui/ui_public.h	oracle/oracle/code/ui/ui_public.h; oracle/oracle/code/client/cl_ui.cpp; function-table ABI intentionally out of scope	src/boundary/sp/ui/syscalls/UI_UPDATESCREEN.rs	single-file assignment; preserve Raven comments; add args/output source locations
src/boundary/sp/ui/syscalls/UI_VERIFY_CDKEY.rs	SP UI	call	module_to_engine	syscall	UI_VERIFY_CDKEY	port_args_output	oracle/oracle/code/ui/ui_public.h	oracle/oracle/code/ui/ui_public.h; oracle/oracle/code/client/cl_ui.cpp; function-table ABI intentionally out of scope	src/boundary/sp/ui/syscalls/UI_VERIFY_CDKEY.rs	single-file assignment; preserve Raven comments; add args/output source locations
